# The monsters the pinned rAthena spawns, for the navigation-server-monsters
# mod. Generated: ragnarok-stack navigation-mob-index <rathena with server mods
# applied>. Regenerate when the rAthena pin moves.
#
#   load   <era> <script>        the era's default load order
#   mob    <era> <id> <aegis> <level> <race> <size> <element> <element level> <mvp 0|1> <name>
#   file   <script>
#   spawn  <map> <id or aegis> <amount>
load	renewal	npc/other/Global_Functions.txt
load	renewal	npc/other/CashShop_Functions.txt
load	renewal	npc/airports/airships.txt
load	renewal	npc/airports/einbroch.txt
load	renewal	npc/airports/hugel.txt
load	renewal	npc/airports/izlude.txt
load	renewal	npc/airports/lighthalzen.txt
load	renewal	npc/airports/rachel.txt
load	renewal	npc/airports/yuno.txt
load	renewal	npc/battleground/flavius/flavius_enter.txt
load	renewal	npc/battleground/flavius/flavius01.txt
load	renewal	npc/battleground/flavius/flavius02.txt
load	renewal	npc/battleground/kvm/kvm_enter.txt
load	renewal	npc/battleground/kvm/kvm_item_pay.txt
load	renewal	npc/battleground/kvm/kvm01.txt
load	renewal	npc/battleground/kvm/kvm02.txt
load	renewal	npc/battleground/kvm/kvm03.txt
load	renewal	npc/battleground/tierra/tierra_enter.txt
load	renewal	npc/battleground/tierra/tierra01.txt
load	renewal	npc/battleground/tierra/tierra02.txt
load	renewal	npc/battleground/bg_common.txt
load	renewal	npc/cities/alberta.txt
load	renewal	npc/cities/aldebaran.txt
load	renewal	npc/cities/amatsu.txt
load	renewal	npc/cities/ayothaya.txt
load	renewal	npc/cities/brasilis.txt
load	renewal	npc/cities/comodo.txt
load	renewal	npc/cities/einbech.txt
load	renewal	npc/cities/einbroch.txt
load	renewal	npc/cities/geffen.txt
load	renewal	npc/cities/gonryun.txt
load	renewal	npc/cities/hugel.txt
load	renewal	npc/cities/izlude.txt
load	renewal	npc/cities/jawaii.txt
load	renewal	npc/cities/lighthalzen.txt
load	renewal	npc/cities/louyang.txt
load	renewal	npc/cities/lutie.txt
load	renewal	npc/cities/manuk.txt
load	renewal	npc/cities/morocc.txt
load	renewal	npc/cities/moscovia.txt
load	renewal	npc/cities/niflheim.txt
load	renewal	npc/cities/payon.txt
load	renewal	npc/cities/prontera.txt
load	renewal	npc/cities/rachel.txt
load	renewal	npc/cities/splendide.txt
load	renewal	npc/cities/umbala.txt
load	renewal	npc/cities/veins.txt
load	renewal	npc/cities/yuno.txt
load	renewal	npc/events/gdevent_aru.txt
load	renewal	npc/events/gdevent_sch.txt
load	renewal	npc/events/god_se_festival.txt
load	renewal	npc/instances/SealedShrine.txt
load	renewal	npc/instances/EndlessTower.txt
load	renewal	npc/instances/OrcsMemory.txt
load	renewal	npc/instances/NydhoggsNest.txt
load	renewal	npc/kafras/cool_event_corp.txt
load	renewal	npc/kafras/dts_warper.txt
load	renewal	npc/kafras/functions_kafras.txt
load	renewal	npc/kafras/kafras.txt
load	renewal	npc/merchants/advanced_refiner.txt
load	renewal	npc/merchants/alchemist.txt
load	renewal	npc/merchants/buying_shops.txt
load	renewal	npc/merchants/coin_exchange.txt
load	renewal	npc/merchants/dye_maker.txt
load	renewal	npc/merchants/elemental_trader.txt
load	renewal	npc/merchants/enchan_arm.txt
load	renewal	npc/merchants/gemstone.txt
load	renewal	npc/merchants/hair_dyer.txt
load	renewal	npc/merchants/hair_style.txt
load	renewal	npc/merchants/inn.txt
load	renewal	npc/merchants/kunai_maker.txt
load	renewal	npc/merchants/milk_trader.txt
load	renewal	npc/merchants/novice_exchange.txt
load	renewal	npc/merchants/old_pharmacist.txt
load	renewal	npc/merchants/quivers.txt
load	renewal	npc/merchants/refine.txt
load	renewal	npc/merchants/renters.txt
load	renewal	npc/merchants/shops.txt
load	renewal	npc/merchants/socket_enchant.txt
load	renewal	npc/merchants/socket_enchant2.txt
load	renewal	npc/merchants/wander_pet_food.txt
load	renewal	npc/merchants/cashheadgear_dye.txt
load	renewal	npc/other/arena/arena_aco.txt
load	renewal	npc/other/arena/arena_lvl50.txt
load	renewal	npc/other/arena/arena_lvl60.txt
load	renewal	npc/other/arena/arena_lvl70.txt
load	renewal	npc/other/arena/arena_lvl80.txt
load	renewal	npc/other/arena/arena_party.txt
load	renewal	npc/other/arena/arena_point.txt
load	renewal	npc/other/arena/arena_room.txt
load	renewal	npc/other/auction.txt
load	renewal	npc/other/books.txt
load	renewal	npc/other/bulletin_boards.txt
load	renewal	npc/other/comodo_gambling.txt
load	renewal	npc/other/divorce.txt
load	renewal	npc/other/fortune.txt
load	renewal	npc/other/gm_npcs.txt
load	renewal	npc/other/guildpvp.txt
load	renewal	npc/other/gympass.txt
load	renewal	npc/other/hugel_bingo.txt
load	renewal	npc/other/mail.txt
load	renewal	npc/other/marriage.txt
load	renewal	npc/other/mercenary_rent.txt
load	renewal	npc/other/monster_museum.txt
load	renewal	npc/other/monster_race.txt
load	renewal	npc/other/poring_war.txt
load	renewal	npc/other/powernpc.txt
load	renewal	npc/other/pvp.txt
load	renewal	npc/other/turbo_track.txt
load	renewal	npc/quests/first_class/tu_acolyte.txt
load	renewal	npc/quests/first_class/tu_archer.txt
load	renewal	npc/quests/first_class/tu_magician01.txt
load	renewal	npc/quests/first_class/tu_ma_th01.txt
load	renewal	npc/quests/first_class/tu_merchant.txt
load	renewal	npc/quests/first_class/tu_sword.txt
load	renewal	npc/quests/first_class/tu_thief01.txt
load	renewal	npc/quests/newgears/2004_headgears.txt
load	renewal	npc/quests/newgears/2005_headgears.txt
load	renewal	npc/quests/newgears/2006_headgears.txt
load	renewal	npc/quests/newgears/2008_headgears.txt
load	renewal	npc/quests/okolnir.txt
load	renewal	npc/quests/seals/god_global.txt
load	renewal	npc/quests/seals/brisingamen_seal.txt
load	renewal	npc/quests/seals/god_weapon_creation.txt
load	renewal	npc/quests/seals/megingard_seal.txt
load	renewal	npc/quests/seals/mjolnir_seal.txt
load	renewal	npc/quests/seals/sleipnir_seal.txt
load	renewal	npc/quests/seals/seal_status.txt
load	renewal	npc/quests/bard_quest.txt
load	renewal	npc/quests/bunnyband.txt
load	renewal	npc/quests/cooking_quest.txt
load	renewal	npc/quests/counteragent_mixture.txt
load	renewal	npc/quests/doomed_swords.txt
load	renewal	npc/quests/doomed_swords_quest.txt
load	renewal	npc/quests/eye_of_hellion.txt
load	renewal	npc/quests/guildrelay.txt
load	renewal	npc/quests/gunslinger_quests.txt
load	renewal	npc/quests/juice_maker.txt
load	renewal	npc/quests/kiel_hyre_quest.txt
load	renewal	npc/quests/lvl4_weapon_quest.txt
load	renewal	npc/quests/mage_solution.txt
load	renewal	npc/quests/monstertamers.txt
load	renewal	npc/quests/mrsmile.txt
load	renewal	npc/quests/ninja_quests.txt
load	renewal	npc/quests/obb_quest.txt
load	renewal	npc/quests/partyrelay.txt
load	renewal	npc/quests/quests_13_1.txt
load	renewal	npc/quests/quests_13_2.txt
load	renewal	npc/quests/quests_airship.txt
load	renewal	npc/quests/quests_alberta.txt
load	renewal	npc/quests/quests_aldebaran.txt
load	renewal	npc/quests/quests_amatsu.txt
load	renewal	npc/quests/quests_ayothaya.txt
load	renewal	npc/quests/quests_brasilis.txt
load	renewal	npc/quests/quests_comodo.txt
load	renewal	npc/quests/quests_ein.txt
load	renewal	npc/quests/quests_geffen.txt
load	renewal	npc/quests/quests_gonryun.txt
load	renewal	npc/quests/quests_hugel.txt
load	renewal	npc/quests/quests_izlude.txt
load	renewal	npc/quests/quests_juperos.txt
load	renewal	npc/quests/quests_lighthalzen.txt
load	renewal	npc/quests/quests_louyang.txt
load	renewal	npc/quests/quests_lutie.txt
load	renewal	npc/quests/quests_morocc.txt
load	renewal	npc/quests/quests_moscovia.txt
load	renewal	npc/quests/quests_nameless.txt
load	renewal	npc/quests/quests_niflheim.txt
load	renewal	npc/quests/quests_payon.txt
load	renewal	npc/quests/quests_prontera.txt
load	renewal	npc/quests/quests_rachel.txt
load	renewal	npc/quests/quests_umbala.txt
load	renewal	npc/quests/quests_veins.txt
load	renewal	npc/quests/quests_yuno.txt
load	renewal	npc/quests/thana_quest.txt
load	renewal	npc/quests/the_sign_quest.txt
load	renewal	npc/guild/agit_controller.txt
load	renewal	npc/guild/agit_main.txt
load	renewal	npc/guild/aldeg_cas01.txt
load	renewal	npc/guild/aldeg_cas02.txt
load	renewal	npc/guild/aldeg_cas03.txt
load	renewal	npc/guild/aldeg_cas04.txt
load	renewal	npc/guild/aldeg_cas05.txt
load	renewal	npc/guild/gefg_cas01.txt
load	renewal	npc/guild/gefg_cas02.txt
load	renewal	npc/guild/gefg_cas03.txt
load	renewal	npc/guild/gefg_cas04.txt
load	renewal	npc/guild/gefg_cas05.txt
load	renewal	npc/guild/payg_cas01.txt
load	renewal	npc/guild/payg_cas02.txt
load	renewal	npc/guild/payg_cas03.txt
load	renewal	npc/guild/payg_cas04.txt
load	renewal	npc/guild/payg_cas05.txt
load	renewal	npc/guild/prtg_cas01.txt
load	renewal	npc/guild/prtg_cas02.txt
load	renewal	npc/guild/prtg_cas03.txt
load	renewal	npc/guild/prtg_cas04.txt
load	renewal	npc/guild/prtg_cas05.txt
load	renewal	npc/guild2/agit_start_se.txt
load	renewal	npc/guild2/agit_main_se.txt
load	renewal	npc/guild2/guild_flags.txt
load	renewal	npc/guild2/arug_cas01.txt
load	renewal	npc/guild2/arug_cas02.txt
load	renewal	npc/guild2/arug_cas03.txt
load	renewal	npc/guild2/arug_cas04.txt
load	renewal	npc/guild2/arug_cas05.txt
load	renewal	npc/guild2/schg_cas01.txt
load	renewal	npc/guild2/schg_cas02.txt
load	renewal	npc/guild2/schg_cas03.txt
load	renewal	npc/guild2/schg_cas04.txt
load	renewal	npc/guild2/schg_cas05.txt
load	renewal	npc/jobs/1-1e/gunslinger.txt
load	renewal	npc/jobs/1-1e/ninja.txt
load	renewal	npc/jobs/1-1e/taekwon.txt
load	renewal	npc/jobs/2-1/assassin.txt
load	renewal	npc/jobs/2-1/blacksmith.txt
load	renewal	npc/jobs/2-1/hunter.txt
load	renewal	npc/jobs/2-1/knight.txt
load	renewal	npc/jobs/2-1/priest.txt
load	renewal	npc/jobs/2-1/wizard.txt
load	renewal	npc/jobs/2-1a/AssassinCross.txt
load	renewal	npc/jobs/2-1a/HighPriest.txt
load	renewal	npc/jobs/2-1a/HighWizard.txt
load	renewal	npc/jobs/2-1a/LordKnight.txt
load	renewal	npc/jobs/2-1a/Sniper.txt
load	renewal	npc/jobs/2-1a/WhiteSmith.txt
load	renewal	npc/jobs/2-1e/StarGladiator.txt
load	renewal	npc/jobs/2-2/alchemist.txt
load	renewal	npc/jobs/2-2/bard.txt
load	renewal	npc/jobs/2-2/crusader.txt
load	renewal	npc/jobs/2-2/dancer.txt
load	renewal	npc/jobs/2-2/monk.txt
load	renewal	npc/jobs/2-2/rogue.txt
load	renewal	npc/jobs/2-2/sage.txt
load	renewal	npc/jobs/2-2a/Champion.txt
load	renewal	npc/jobs/2-2a/Clown.txt
load	renewal	npc/jobs/2-2a/Creator.txt
load	renewal	npc/jobs/2-2a/Gypsy.txt
load	renewal	npc/jobs/2-2a/Paladin.txt
load	renewal	npc/jobs/2-2a/Professor.txt
load	renewal	npc/jobs/2-2a/Stalker.txt
load	renewal	npc/jobs/2-2e/SoulLinker.txt
load	renewal	npc/jobs/novice/supernovice.txt
load	renewal	npc/jobs/valkyrie.txt
load	renewal	npc/quests/skills/acolyte_skills.txt
load	renewal	npc/quests/skills/alchemist_skills.txt
load	renewal	npc/quests/skills/archer_skills.txt
load	renewal	npc/quests/skills/assassin_skills.txt
load	renewal	npc/quests/skills/bard_skills.txt
load	renewal	npc/quests/skills/blacksmith_skills.txt
load	renewal	npc/quests/skills/crusader_skills.txt
load	renewal	npc/quests/skills/dancer_skills.txt
load	renewal	npc/quests/skills/hunter_skills.txt
load	renewal	npc/quests/skills/knight_skills.txt
load	renewal	npc/quests/skills/mage_skills.txt
load	renewal	npc/quests/skills/merchant_skills.txt
load	renewal	npc/quests/skills/monk_skills.txt
load	renewal	npc/quests/skills/priest_skills.txt
load	renewal	npc/quests/skills/rogue_skills.txt
load	renewal	npc/quests/skills/sage_skills.txt
load	renewal	npc/quests/skills/swordman_skills.txt
load	renewal	npc/quests/skills/thief_skills.txt
load	renewal	npc/quests/skills/wizard_skills.txt
load	renewal	npc/mapflag/nopvp.txt
load	renewal	npc/mapflag/gvg.txt
load	renewal	npc/mapflag/gvg_noparty.txt
load	renewal	npc/mapflag/hidemobhpbar.txt
load	renewal	npc/mapflag/jail.txt
load	renewal	npc/mapflag/nightmare.txt
load	renewal	npc/mapflag/nobranch.txt
load	renewal	npc/mapflag/noicewall.txt
load	renewal	npc/mapflag/nomemo.txt
load	renewal	npc/mapflag/nopenalty.txt
load	renewal	npc/mapflag/nosave.txt
load	renewal	npc/mapflag/noteleport.txt
load	renewal	npc/mapflag/noreturn.txt
load	renewal	npc/mapflag/noskill.txt
load	renewal	npc/mapflag/nowarp.txt
load	renewal	npc/mapflag/nowarpto.txt
load	renewal	npc/mapflag/pvp.txt
load	renewal	npc/mapflag/pvp_noparty.txt
load	renewal	npc/mapflag/pvp_noguild.txt
load	renewal	npc/mapflag/night.txt
load	renewal	npc/mapflag/reset.txt
load	renewal	npc/mapflag/restricted.txt
load	renewal	npc/mapflag/battleground.txt
load	renewal	npc/mapflag/skill_damage.txt
load	renewal	npc/mapflag/town.txt
load	renewal	npc/mapflag/nocostume.txt
load	renewal	npc/mapflag/skill_duration.txt
load	renewal	npc/mapflag/nodynamicnpc.txt
load	renewal	npc/mobs/jail.txt
load	renewal	npc/mobs/pvp.txt
load	renewal	npc/mobs/towns.txt
load	renewal	npc/warps/cities/alberta.txt
load	renewal	npc/warps/cities/aldebaran.txt
load	renewal	npc/warps/cities/amatsu.txt
load	renewal	npc/warps/cities/ayothaya.txt
load	renewal	npc/warps/cities/brasilis.txt
load	renewal	npc/warps/cities/comodo.txt
load	renewal	npc/warps/cities/einbech.txt
load	renewal	npc/warps/cities/einbroch.txt
load	renewal	npc/warps/cities/geffen.txt
load	renewal	npc/warps/cities/gonryun.txt
load	renewal	npc/warps/cities/hugel.txt
load	renewal	npc/warps/cities/lighthalzen.txt
load	renewal	npc/warps/cities/louyang.txt
load	renewal	npc/warps/cities/lutie.txt
load	renewal	npc/warps/cities/manuk.txt
load	renewal	npc/warps/cities/mid_camp.txt
load	renewal	npc/warps/cities/morroc.txt
load	renewal	npc/warps/cities/moscovia.txt
load	renewal	npc/warps/cities/nameless.txt
load	renewal	npc/warps/cities/niflheim.txt
load	renewal	npc/warps/cities/payon.txt
load	renewal	npc/warps/cities/prontera.txt
load	renewal	npc/warps/cities/splendide.txt
load	renewal	npc/warps/cities/umbala.txt
load	renewal	npc/warps/cities/veins.txt
load	renewal	npc/warps/cities/yuno.txt
load	renewal	npc/warps/dungeons/abbey.txt
load	renewal	npc/warps/dungeons/abyss.txt
load	renewal	npc/warps/dungeons/alde_dun.txt
load	renewal	npc/warps/dungeons/ama_dun.txt
load	renewal	npc/warps/dungeons/anthell.txt
load	renewal	npc/warps/dungeons/ayo_dun.txt
load	renewal	npc/warps/dungeons/beach_dun.txt
load	renewal	npc/warps/dungeons/bra_dun.txt
load	renewal	npc/warps/dungeons/c_tower.txt
load	renewal	npc/warps/dungeons/ein_dun.txt
load	renewal	npc/warps/dungeons/gef_dun.txt
load	renewal	npc/warps/dungeons/gon_dun.txt
load	renewal	npc/warps/dungeons/ice_dun.txt
load	renewal	npc/warps/dungeons/in_sphinx.txt
load	renewal	npc/warps/dungeons/iz_dun.txt
load	renewal	npc/warps/dungeons/juperos.txt
load	renewal	npc/warps/dungeons/kh_dun.txt
load	renewal	npc/warps/dungeons/lhz_dun.txt
load	renewal	npc/warps/dungeons/lou_dun.txt
load	renewal	npc/warps/dungeons/mag_dun.txt
load	renewal	npc/warps/dungeons/mjo_dun.txt
load	renewal	npc/warps/dungeons/moc_pryd.txt
load	renewal	npc/warps/dungeons/mosk_dun.txt
load	renewal	npc/warps/dungeons/odin.txt
load	renewal	npc/warps/dungeons/orcsdun.txt
load	renewal	npc/warps/dungeons/pay_dun.txt
load	renewal	npc/warps/dungeons/prt_maze.txt
load	renewal	npc/warps/dungeons/ra_san.txt
load	renewal	npc/warps/dungeons/tha_t.txt
load	renewal	npc/warps/dungeons/thor_v.txt
load	renewal	npc/warps/dungeons/treasure.txt
load	renewal	npc/warps/dungeons/tur_dun.txt
load	renewal	npc/warps/dungeons/um_dun.txt
load	renewal	npc/warps/dungeons/xmas_dun.txt
load	renewal	npc/warps/fields/abyss_warper.txt
load	renewal	npc/warps/fields/amatsu_fild.txt
load	renewal	npc/warps/fields/bra_fild.txt
load	renewal	npc/warps/fields/ein_fild.txt
load	renewal	npc/warps/fields/gefenia.txt
load	renewal	npc/warps/fields/glastheim.txt
load	renewal	npc/warps/fields/jawaii.txt
load	renewal	npc/warps/fields/lhalzen_fild.txt
load	renewal	npc/warps/fields/lutie_fild.txt
load	renewal	npc/warps/fields/man_fild.txt
load	renewal	npc/warps/fields/mtmjolnir.txt
load	renewal	npc/warps/fields/spl_fild.txt
load	renewal	npc/warps/fields/umbala_fild.txt
load	renewal	npc/warps/other/airplane.txt
load	renewal	npc/warps/other/arena.txt
load	renewal	npc/warps/other/god.txt
load	renewal	npc/warps/other/jobquests.txt
load	renewal	npc/warps/other/kiel.txt
load	renewal	npc/warps/other/other.txt
load	renewal	npc/warps/guildcastles.txt
load	renewal	npc/warps/pvp.txt
load	renewal	npc/re/other/Global_Functions.txt
load	renewal	npc/re/other/global_npcs.txt
load	renewal	npc/re/airports/izlude.txt
load	renewal	npc/re/battleground/bg_common.txt
load	renewal	npc/re/cities/alberta.txt
load	renewal	npc/re/cities/comodo.txt
load	renewal	npc/re/cities/dewata.txt
load	renewal	npc/re/cities/dicastes.txt
load	renewal	npc/re/cities/eclage.txt
load	renewal	npc/re/cities/izlude.txt
load	renewal	npc/re/cities/jawaii.txt
load	renewal	npc/re/cities/lutie.txt
load	renewal	npc/re/cities/malangdo.txt
load	renewal	npc/re/cities/malaya.txt
load	renewal	npc/re/cities/mora.txt
load	renewal	npc/re/cities/prontera.txt
load	renewal	npc/re/cities/yuno.txt
load	renewal	npc/re/guides/navigation.txt
load	renewal	npc/re/guides/guides_alberta.txt
load	renewal	npc/re/guides/guides_aldebaran.txt
load	renewal	npc/re/guides/guides_amatsu.txt
load	renewal	npc/re/guides/guides_ayothaya.txt
load	renewal	npc/re/guides/guides_brasilis.txt
load	renewal	npc/re/guides/guides_comodo.txt
load	renewal	npc/re/guides/guides_dewata.txt
load	renewal	npc/re/guides/guides_dicastes.txt
load	renewal	npc/re/guides/guides_eclage.txt
load	renewal	npc/re/guides/guides_einbroch.txt
load	renewal	npc/re/guides/guides_geffen.txt
load	renewal	npc/re/guides/guides_gonryun.txt
load	renewal	npc/re/guides/guides_hugel.txt
load	renewal	npc/re/guides/guides_izlude.txt
load	renewal	npc/re/guides/guides_juno.txt
load	renewal	npc/re/guides/guides_lighthalzen.txt
load	renewal	npc/re/guides/guides_louyang.txt
load	renewal	npc/re/guides/guides_lutie.txt
load	renewal	npc/re/guides/guides_malangdo.txt
load	renewal	npc/re/guides/guides_malaya.txt
load	renewal	npc/re/guides/guides_mora.txt
load	renewal	npc/re/guides/guides_morroc.txt
load	renewal	npc/re/guides/guides_moscovia.txt
load	renewal	npc/re/guides/guides_niflheim.txt
load	renewal	npc/re/guides/guides_payon.txt
load	renewal	npc/re/guides/guides_prontera.txt
load	renewal	npc/re/guides/guides_rachel.txt
load	renewal	npc/re/guides/guides_rockridge.txt
load	renewal	npc/re/guides/guides_umbala.txt
load	renewal	npc/re/guides/guides_veins.txt
load	renewal	npc/re/guides/guides_woe_te.txt
load	renewal	npc/re/instances/AirshipAssault.txt
load	renewal	npc/re/instances/BakonawaLake.txt
load	renewal	npc/re/instances/BangungotHospital.txt
load	renewal	npc/re/instances/BuwayaCave.txt
load	renewal	npc/re/instances/CentralLaboratory.txt
load	renewal	npc/re/instances/CharlestonCrisis.txt
load	renewal	npc/re/instances/CorOperation.txt
load	renewal	npc/re/instances/DeepForest.txt
load	renewal	npc/re/instances/DevilTower.txt
load	renewal	npc/re/instances/EclageInterior.txt
load	renewal	npc/re/instances/EddaHalfMoonInTheDaylight.txt
load	renewal	npc/re/instances/FacewormsNest.txt
load	renewal	npc/re/instances/FridayDungeon.txt
load	renewal	npc/re/instances/GhostPalace.txt
load	renewal	npc/re/instances/HazyForest.txt
load	renewal	npc/re/instances/HorrorToyFactory.txt
load	renewal	npc/re/instances/HeartHunterWarBase.txt
load	renewal	npc/re/instances/HiddenGarden.txt
load	renewal	npc/re/instances/InfiniteSpace.txt
load	renewal	npc/re/instances/IsleOfBios.txt
load	renewal	npc/re/instances/LastRoom.txt
load	renewal	npc/re/instances/LostFarm.txt
load	renewal	npc/re/instances/MalangdoCulvert.txt
load	renewal	npc/re/instances/MazeofOz.txt
load	renewal	npc/re/instances/MorseCave.txt
load	renewal	npc/re/instances/NightmarishJitterbug.txt
load	renewal	npc/re/instances/OctopusCave.txt
load	renewal	npc/re/instances/OldGlastHeim.txt
load	renewal	npc/re/instances/OsOccupation.txt
load	renewal	npc/re/instances/PoringVillage.txt
load	renewal	npc/re/instances/Regenschirm.txt
load	renewal	npc/re/instances/RitualOfBlessing.txt
load	renewal	npc/re/instances/RoomOfConsciousness.txt
load	renewal	npc/re/instances/SarahAndFenrir.txt
load	renewal	npc/re/instances/SaraMemory.txt
load	renewal	npc/re/instances/SealedOs.txt
load	renewal	npc/re/instances/SkyFortress.txt
load	renewal	npc/re/instances/TempleOfDemonGod.txt
load	renewal	npc/re/instances/ThorGunsuBase.txt
load	renewal	npc/re/instances/TwilightGarden.txt
load	renewal	npc/re/instances/VillaofDeception.txt
load	renewal	npc/re/instances/VillaofHighPriest.txt
load	renewal	npc/re/instances/WaterGarden.txt
load	renewal	npc/re/instances/WeekendDungeon.txt
load	renewal	npc/re/instances/WernerLaboratoryCentralRoom.txt
load	renewal	npc/re/instances/WolfchevLaboratory.txt
load	renewal	npc/re/instances/Wolves.txt
load	renewal	npc/re/kafras/cool_event_corp.txt
load	renewal	npc/re/kafras/kafras.txt
load	renewal	npc/re/kafras/Kafra_Teleportation_Services.txt
load	renewal	npc/re/kafras/Zonda_Teleportation_Services.txt
load	renewal	npc/re/merchants/3rd_trader.txt
load	renewal	npc/re/merchants/advanced_refiner.txt
load	renewal	npc/re/merchants/alchemist.txt
load	renewal	npc/re/merchants/ammo_boxes.txt
load	renewal	npc/re/merchants/bio4_reward.txt
load	renewal	npc/re/merchants/card_separation.txt
load	renewal	npc/re/merchants/cashmall.txt
load	renewal	npc/re/merchants/catalog.txt
load	renewal	npc/re/merchants/clothing_buff_removal.txt
load	renewal	npc/re/merchants/coin_exchange.txt
load	renewal	npc/re/merchants/Dealer_Update.txt
load	renewal	npc/re/merchants/diamond.txt
load	renewal	npc/re/merchants/Emperium_Seller.txt
load	renewal	npc/re/merchants/enchan_edda_half_moon.txt
load	renewal	npc/re/merchants/enchan_illusion_dungeons.txt
load	renewal	npc/re/merchants/enchan_illusion_17_1.txt
load	renewal	npc/re/merchants/enchan_ko.txt
load	renewal	npc/re/merchants/enchan_mal.txt
load	renewal	npc/re/merchants/enchan_mora.txt
load	renewal	npc/re/merchants/enchan_rockridge.txt
load	renewal	npc/re/merchants/enchan_sage_legacy_17_2.txt
load	renewal	npc/re/merchants/enchan_verus.txt
load	renewal	npc/re/merchants/enchantgrade.txt
load	renewal	npc/re/merchants/Extended_Ammunition.txt
load	renewal	npc/re/merchants/Extended_Stylist.txt
load	renewal	npc/re/merchants/flute.txt
load	renewal	npc/re/merchants/Gemstone_Bagger.txt
load	renewal	npc/re/merchants/gld_mission_exchange.txt
load	renewal	npc/re/merchants/ghost_palace_exchange.txt
load	renewal	npc/re/merchants/guild_warehouse.txt
load	renewal	npc/re/merchants/hd_refiner.txt
load	renewal	npc/re/merchants/HorrorToyFactory_merchants.txt
load	renewal	npc/re/merchants/InfiniteSpace_merchants.txt
load	renewal	npc/re/merchants/malangdo_costume.txt
load	renewal	npc/re/merchants/moro_cav_exchange.txt
load	renewal	npc/re/merchants/mysterious_cookie_shop.txt
load	renewal	npc/re/merchants/new_insurance.txt
load	renewal	npc/re/merchants/nightmare_biolab.txt
load	renewal	npc/re/merchants/novice_vending_machine.txt
load	renewal	npc/re/merchants/OldGlastHeim_merchants.txt
load	renewal	npc/re/merchants/pet_trader.txt
load	renewal	npc/re/merchants/pet_groomer.txt
load	renewal	npc/re/merchants/quests_exp_175.txt
load	renewal	npc/re/merchants/quivers.txt
load	renewal	npc/re/merchants/refine.txt
load	renewal	npc/re/merchants/renters.txt
load	renewal	npc/re/merchants/rgsr_in.txt
load	renewal	npc/re/merchants/shops.txt
load	renewal	npc/re/merchants/Slot_Move_Card_Sales.txt
load	renewal	npc/re/merchants/socket_enchant2.txt
load	renewal	npc/re/merchants/enchan_upg.txt
load	renewal	npc/re/merchants/te_merchant.txt
load	renewal	npc/re/merchants/shadow_refiner.txt
load	renewal	npc/re/merchants/eden_market.txt
load	renewal	npc/re/other/achievements.txt
load	renewal	npc/re/other/adven_boards.txt
load	renewal	npc/re/other/bulletin_boards.txt
load	renewal	npc/re/other/clans.txt
load	renewal	npc/re/other/dimensional_gap.txt
load	renewal	npc/re/other/item_merge.txt
load	renewal	npc/re/other/mail.txt
load	renewal	npc/re/other/mercenary_rent.txt
load	renewal	npc/re/other/pvp.txt
load	renewal	npc/re/other/resetskill.txt
load	renewal	npc/re/other/stone_change.txt
load	renewal	npc/re/other/turbo_track.txt
load	renewal	npc/re/other/CashShop_Functions.txt
load	renewal	npc/re/other/kachua_key.txt
load	renewal	npc/re/other/TrainingZone123.txt
load	renewal	npc/re/quests/eden/11-25.txt
load	renewal	npc/re/quests/eden/26-40.txt
load	renewal	npc/re/quests/eden/41-55.txt
load	renewal	npc/re/quests/eden/56-70.txt
load	renewal	npc/re/quests/eden/71-85.txt
load	renewal	npc/re/quests/eden/86-90.txt
load	renewal	npc/re/quests/eden/91-99.txt
load	renewal	npc/re/quests/eden/eden_100_111.txt
load	renewal	npc/re/quests/eden/eden_111_120.txt
load	renewal	npc/re/quests/eden/eden_121_130.txt
load	renewal	npc/re/quests/eden/eden_131_140.txt
load	renewal	npc/re/quests/eden/eden_common.txt
load	renewal	npc/re/quests/eden/eden_quests.txt
load	renewal	npc/re/quests/eden/eden_service.txt
load	renewal	npc/re/quests/eden/eden_tutorial.txt
load	renewal	npc/re/quests/first_class/tu_archer.txt
load	renewal	npc/re/quests/newgears/2010_headgears.txt
load	renewal	npc/re/quests/newgears/2012_headgears.txt
load	renewal	npc/re/quests/seals/brisingamen_seal.txt
load	renewal	npc/re/quests/seals/megingard_seal.txt
load	renewal	npc/re/quests/cooking_quest.txt
load	renewal	npc/re/quests/garden_of_time.txt
load	renewal	npc/re/quests/HelpMeShorty.txt
load	renewal	npc/re/quests/homun_s.txt
load	renewal	npc/re/quests/illusion_investigation.txt
load	renewal	npc/re/quests/juno_monster_society.txt
load	renewal	npc/re/quests/magic_books.txt
load	renewal	npc/re/quests/monstertamers.txt
load	renewal	npc/re/quests/mrsmile.txt
load	renewal	npc/re/quests/ninja_quests.txt
load	renewal	npc/re/quests/pile_bunker.txt
load	renewal	npc/re/quests/quest_payon.txt
load	renewal	npc/re/quests/quests_13_1.txt
load	renewal	npc/re/quests/quests_14_3.txt
load	renewal	npc/re/quests/quests_14_3_bis.txt
load	renewal	npc/re/quests/quests_15_1.txt
load	renewal	npc/re/quests/quests_15_2.txt
load	renewal	npc/re/quests/quests_16_1.txt
load	renewal	npc/re/quests/quests_16_2.txt
load	renewal	npc/re/quests/quests_illusion_dungeons.txt
load	renewal	npc/re/quests/quests_17_1.txt
load	renewal	npc/re/quests/quests_17_2.txt
load	renewal	npc/re/quests/quests_18.txt
load	renewal	npc/re/quests/quests_aldebaran.txt
load	renewal	npc/re/quests/quests_dewata.txt
load	renewal	npc/re/quests/quests_dicastes.txt
load	renewal	npc/re/quests/quests_dungeons_200.txt
load	renewal	npc/re/quests/quests_eclage.txt
load	renewal	npc/re/quests/quests_exp_175.txt
load	renewal	npc/re/quests/quests_glastheim.txt
load	renewal	npc/re/quests/quests_izlude.txt
load	renewal	npc/re/quests/quests_lighthalzen.txt
load	renewal	npc/re/quests/quests_malangdo.txt
load	renewal	npc/re/quests/quests_malaya.txt
load	renewal	npc/re/quests/quests_mora.txt
load	renewal	npc/re/quests/quests_morocc.txt
load	renewal	npc/re/quests/quests_nameless.txt
load	renewal	npc/re/quests/quests_niflheim.txt
load	renewal	npc/re/quests/quests_rockridge.txt
load	renewal	npc/re/quests/quests_veins.txt
load	renewal	npc/re/quests/the_sign_quest.txt
load	renewal	npc/re/quests/woe_te/te_mission_main.txt
load	renewal	npc/re/quests/woe_te/te_mission_alde.txt
load	renewal	npc/re/quests/woe_te/te_mission_prt.txt
load	renewal	npc/re/quests/woe_te/te_goditem_prt01.txt
load	renewal	npc/re/quests/woe_te/te_goditem_alde1.txt
load	renewal	npc/re/custom/lasagna/lasa_dun.txt
load	renewal	npc/re/custom/lasagna/lasa_fild.txt
load	renewal	npc/re/custom/lasagna/lasagna_npcs.txt
load	renewal	npc/re/guild/invest_main.txt
load	renewal	npc/re/guild/invest_npc.txt
load	renewal	npc/re/guild3/agit_main_te.txt
load	renewal	npc/re/guild3/agit_start_te.txt
load	renewal	npc/re/guild3/te_aldecas1.txt
load	renewal	npc/re/guild3/te_aldecas2.txt
load	renewal	npc/re/guild3/te_aldecas3.txt
load	renewal	npc/re/guild3/te_aldecas4.txt
load	renewal	npc/re/guild3/te_aldecas5.txt
load	renewal	npc/re/guild3/te_prtcas01.txt
load	renewal	npc/re/guild3/te_prtcas02.txt
load	renewal	npc/re/guild3/te_prtcas03.txt
load	renewal	npc/re/guild3/te_prtcas04.txt
load	renewal	npc/re/guild3/te_prtcas05.txt
load	renewal	npc/re/guild/mission_main.txt
load	renewal	npc/re/guild/mission_npc.txt
load	renewal	npc/re/jobs/1-1/acolyte.txt
load	renewal	npc/re/jobs/1-1/archer.txt
load	renewal	npc/re/jobs/1-1/mage.txt
load	renewal	npc/re/jobs/1-1/merchant.txt
load	renewal	npc/re/jobs/1-1/swordman.txt
load	renewal	npc/re/jobs/1-1/thief.txt
load	renewal	npc/re/jobs/1-1e/taekwon.txt
load	renewal	npc/re/jobs/2-2/crusader.txt
load	renewal	npc/re/jobs/2e/kagerou_oboro.txt
load	renewal	npc/re/jobs/2e/rebellion.txt
load	renewal	npc/re/jobs/3-1/archbishop.txt
load	renewal	npc/re/jobs/3-1/mechanic.txt
load	renewal	npc/re/jobs/3-1/ranger.txt
load	renewal	npc/re/jobs/3-1/rune_knight.txt
load	renewal	npc/re/jobs/3-1/warlock.txt
load	renewal	npc/re/jobs/3-1/guillotine_cross.txt
load	renewal	npc/re/jobs/3-2/genetic.txt
load	renewal	npc/re/jobs/3-2/minstrel.txt
load	renewal	npc/re/jobs/3-2/royal_guard.txt
load	renewal	npc/re/jobs/3-2/shadow_chaser.txt
load	renewal	npc/re/jobs/3-2/sorcerer.txt
load	renewal	npc/re/jobs/3-2/sura.txt
load	renewal	npc/re/jobs/3-2/wanderer.txt
load	renewal	npc/re/jobs/novice/academy.txt
load	renewal	npc/re/jobs/novice/supernovice_ex.txt
load	renewal	npc/re/jobs/repair.txt
load	renewal	npc/re/jobs/doram/spirit_handler.txt
load	renewal	npc/re/quests/skills/merchant_skills.txt
load	renewal	npc/re/quests/skills/swordman_skills.txt
load	renewal	npc/re/mapflag/nopvp.txt
load	renewal	npc/re/mapflag/gvg.txt
load	renewal	npc/re/mapflag/hidemobhpbar.txt
load	renewal	npc/re/mapflag/nobranch.txt
load	renewal	npc/re/mapflag/nocostume.txt
load	renewal	npc/re/mapflag/noicewall.txt
load	renewal	npc/re/mapflag/nolockon.txt
load	renewal	npc/re/mapflag/nomemo.txt
load	renewal	npc/re/mapflag/nopenalty.txt
load	renewal	npc/re/mapflag/norenewalpenalty.txt
load	renewal	npc/re/mapflag/nosave.txt
load	renewal	npc/re/mapflag/noteleport.txt
load	renewal	npc/re/mapflag/nowarpto.txt
load	renewal	npc/re/mapflag/privateairship.txt
load	renewal	npc/re/mapflag/night.txt
load	renewal	npc/re/mapflag/restricted.txt
load	renewal	npc/re/mapflag/town.txt
load	renewal	npc/re/mapflag/reset.txt
load	renewal	npc/re/mapflag/skill_duration.txt
load	renewal	npc/re/mapflag/nodynamicnpc.txt
load	renewal	npc/re/mapflag/specialpopup.txt
load	renewal	npc/re/mobs/championmobs.txt
load	renewal	npc/re/mobs/int_land.txt
load	renewal	npc/re/mobs/prt_cas.txt
load	renewal	npc/re/mobs/special_border_area.txt
load	renewal	npc/re/mobs/towns.txt
load	renewal	npc/re/mobs/tra_fild_123.txt
load	renewal	npc/re/mobs/verus.txt
load	renewal	npc/re/mobs/dungeons/abbey.txt
load	renewal	npc/re/mobs/dungeons/abyss.txt
load	renewal	npc/re/mobs/dungeons/alde_dun.txt
load	renewal	npc/re/mobs/dungeons/ama_dun.txt
load	renewal	npc/re/mobs/dungeons/amicitia.txt
load	renewal	npc/re/mobs/dungeons/anthell.txt
load	renewal	npc/re/mobs/dungeons/ayo_dun.txt
load	renewal	npc/re/mobs/dungeons/ba_2whs.txt
load	renewal	npc/re/mobs/dungeons/ba_bath.txt
load	renewal	npc/re/mobs/dungeons/ba_lib.txt
load	renewal	npc/re/mobs/dungeons/ba_pw.txt
load	renewal	npc/re/mobs/dungeons/beach_dun.txt
load	renewal	npc/re/mobs/dungeons/bra_dun.txt
load	renewal	npc/re/mobs/dungeons/c_tower.txt
load	renewal	npc/re/mobs/dungeons/dew_dun.txt
load	renewal	npc/re/mobs/dungeons/dic_dun.txt
load	renewal	npc/re/mobs/dungeons/ecl_tdun.txt
load	renewal	npc/re/mobs/dungeons/ein_dun.txt
load	renewal	npc/re/mobs/dungeons/for_dun.txt
load	renewal	npc/re/mobs/dungeons/gef_dun.txt
load	renewal	npc/re/mobs/dungeons/gefenia.txt
load	renewal	npc/re/mobs/dungeons/glastheim.txt
load	renewal	npc/re/mobs/dungeons/gld_dunSE.txt
load	renewal	npc/re/mobs/dungeons/gld_re.txt
load	renewal	npc/re/mobs/dungeons/gon_dun.txt
load	renewal	npc/re/mobs/dungeons/ice_dun.txt
load	renewal	npc/re/mobs/dungeons/in_sphinx.txt
load	renewal	npc/re/mobs/dungeons/iz_dun.txt
load	renewal	npc/re/mobs/dungeons/juperos.txt
load	renewal	npc/re/mobs/dungeons/kh_dun.txt
load	renewal	npc/re/mobs/dungeons/lhz_dun.txt
load	renewal	npc/re/mobs/dungeons/lhz_dun_n.txt
load	renewal	npc/re/mobs/dungeons/lou_dun.txt
load	renewal	npc/re/mobs/dungeons/ma_dun.txt
load	renewal	npc/re/mobs/dungeons/mag_dun.txt
load	renewal	npc/re/mobs/dungeons/mal_dun.txt
load	renewal	npc/re/mobs/dungeons/mjo_dun.txt
load	renewal	npc/re/mobs/dungeons/moc_pryd.txt
load	renewal	npc/re/mobs/dungeons/moro_vol.txt
load	renewal	npc/re/mobs/dungeons/mosk_dun.txt
load	renewal	npc/re/mobs/dungeons/nif_dun.txt
load	renewal	npc/re/mobs/dungeons/nyd_dun.txt
load	renewal	npc/re/mobs/dungeons/odin.txt
load	renewal	npc/re/mobs/dungeons/orcsdun.txt
load	renewal	npc/re/mobs/dungeons/oz_dun.txt
load	renewal	npc/re/mobs/dungeons/pay_dun.txt
load	renewal	npc/re/mobs/dungeons/prt_maze.txt
load	renewal	npc/re/mobs/dungeons/prt_prison.txt
load	renewal	npc/re/mobs/dungeons/prt_q.txt
load	renewal	npc/re/mobs/dungeons/prt_sew.txt
load	renewal	npc/re/mobs/dungeons/ra_san.txt
load	renewal	npc/re/mobs/dungeons/rockridge.txt
load	renewal	npc/re/mobs/dungeons/slabw01.txt
load	renewal	npc/re/mobs/dungeons/sp_rudus.txt
load	renewal	npc/re/mobs/dungeons/teg_dun.txt
load	renewal	npc/re/mobs/dungeons/tha_t.txt
load	renewal	npc/re/mobs/dungeons/thor_v.txt
load	renewal	npc/re/mobs/dungeons/treasure.txt
load	renewal	npc/re/mobs/dungeons/tur_dun.txt
load	renewal	npc/re/mobs/dungeons/xmas_dun.txt
load	renewal	npc/re/mobs/dungeons/yggdrasil.txt
load	renewal	npc/re/mobs/fields/amatsu.txt
load	renewal	npc/re/mobs/fields/ayothaya.txt
load	renewal	npc/re/mobs/fields/ba_lost.txt
load	renewal	npc/re/mobs/fields/ba_maison.txt
load	renewal	npc/re/mobs/fields/bifrost.txt
load	renewal	npc/re/mobs/fields/brasilis.txt
load	renewal	npc/re/mobs/fields/comodo.txt
load	renewal	npc/re/mobs/fields/dewata.txt
load	renewal	npc/re/mobs/fields/dicastes.txt
load	renewal	npc/re/mobs/fields/eclage.txt
load	renewal	npc/re/mobs/fields/einbroch.txt
load	renewal	npc/re/mobs/fields/geffen.txt
load	renewal	npc/re/mobs/fields/gonryun.txt
load	renewal	npc/re/mobs/fields/gw_fild.txt
load	renewal	npc/re/mobs/fields/hugel.txt
load	renewal	npc/re/mobs/fields/lighthalzen.txt
load	renewal	npc/re/mobs/fields/louyang.txt
load	renewal	npc/re/mobs/fields/lutie.txt
load	renewal	npc/re/mobs/fields/malaya.txt
load	renewal	npc/re/mobs/fields/manuk.txt
load	renewal	npc/re/mobs/fields/mjolnir.txt
load	renewal	npc/re/mobs/fields/morocc.txt
load	renewal	npc/re/mobs/fields/moscovia.txt
load	renewal	npc/re/mobs/fields/niflheim.txt
load	renewal	npc/re/mobs/fields/payon.txt
load	renewal	npc/re/mobs/fields/prontera.txt
load	renewal	npc/re/mobs/fields/rachel.txt
load	renewal	npc/re/mobs/fields/rockridge.txt
load	renewal	npc/re/mobs/fields/splendide.txt
load	renewal	npc/re/mobs/fields/umbala.txt
load	renewal	npc/re/mobs/fields/veins.txt
load	renewal	npc/re/mobs/fields/yuno.txt
load	renewal	npc/re/warps/cities/alberta.txt
load	renewal	npc/re/warps/cities/dewata.txt
load	renewal	npc/re/warps/cities/dicastes.txt
load	renewal	npc/re/warps/cities/eclage.txt
load	renewal	npc/re/warps/cities/einbech.txt
load	renewal	npc/re/warps/cities/einbroch.txt
load	renewal	npc/re/warps/cities/lasagna.txt
load	renewal	npc/re/warps/cities/lighthalzen.txt
load	renewal	npc/re/warps/cities/izlude.txt
load	renewal	npc/re/warps/cities/malangdo.txt
load	renewal	npc/re/warps/cities/malaya.txt
load	renewal	npc/re/warps/cities/prontera.txt
load	renewal	npc/re/warps/cities/rachel.txt
load	renewal	npc/re/warps/cities/rockridge.txt
load	renewal	npc/re/warps/cities/yggdrasil.txt
load	renewal	npc/re/warps/dungeons/abyss.txt
load	renewal	npc/re/warps/dungeons/amicitia.txt
load	renewal	npc/re/warps/dungeons/dic_dun.txt
load	renewal	npc/re/warps/dungeons/ecl_dun.txt
load	renewal	npc/re/warps/dungeons/ein_dun.txt
load	renewal	npc/re/warps/dungeons/harboro2.txt
load	renewal	npc/re/warps/dungeons/iz_dun.txt
load	renewal	npc/re/warps/dungeons/mag_dun.txt
load	renewal	npc/re/warps/dungeons/moc_pryd.txt
load	renewal	npc/re/warps/dungeons/nif_dun.txt
load	renewal	npc/re/warps/dungeons/oz_dun.txt
load	renewal	npc/re/warps/dungeons/prt_mz03_i.txt
load	renewal	npc/re/warps/dungeons/rockmi1.txt
load	renewal	npc/re/warps/dungeons/sp_rudus.txt
load	renewal	npc/re/warps/dungeons/slabw01.txt
load	renewal	npc/re/warps/dungeons/thor_v.txt
load	renewal	npc/re/warps/fields/bif_fild.txt
load	renewal	npc/re/warps/fields/com_fild.txt
load	renewal	npc/re/warps/fields/dic_fild.txt
load	renewal	npc/re/warps/fields/geffen_fild.txt
load	renewal	npc/re/warps/fields/gw_fild.txt
load	renewal	npc/re/warps/fields/hugel_fild.txt
load	renewal	npc/re/warps/fields/morroc_fild.txt
load	renewal	npc/re/warps/fields/payon_fild.txt
load	renewal	npc/re/warps/fields/prontera_fild.txt
load	renewal	npc/re/warps/fields/rachel_fild.txt
load	renewal	npc/re/warps/fields/rockridge_fild.txt
load	renewal	npc/re/warps/fields/veins_fild.txt
load	renewal	npc/re/warps/fields/yuno_fild.txt
load	renewal	npc/re/warps/other/arena.txt
load	renewal	npc/re/warps/other/ba_2whs.txt
load	renewal	npc/re/warps/other/ba_maison.txt
load	renewal	npc/re/warps/other/ba_pw.txt
load	renewal	npc/re/warps/other/dimensional_gap.txt
load	renewal	npc/re/warps/other/jobquests.txt
load	renewal	npc/re/warps/other/paradise.txt
load	renewal	npc/re/warps/other/s_workshop.txt
load	renewal	npc/re/warps/other/sign.txt
load	renewal	npc/re/warps/other/special_border_area.txt
load	renewal	npc/re/warps/other/TrainingZone123.txt
load	renewal	npc/re/warps/other/un_myst.txt
load	renewal	npc/re/warps/other/verus.txt
load	renewal	npc/re/warps/guildcastles.txt
load	renewal	npc/custom/population/arena.txt
load	renewal	npc/custom/population/recruiter.txt
load	prerenewal	npc/other/Global_Functions.txt
load	prerenewal	npc/other/CashShop_Functions.txt
load	prerenewal	npc/airports/airships.txt
load	prerenewal	npc/airports/einbroch.txt
load	prerenewal	npc/airports/hugel.txt
load	prerenewal	npc/airports/izlude.txt
load	prerenewal	npc/airports/lighthalzen.txt
load	prerenewal	npc/airports/rachel.txt
load	prerenewal	npc/airports/yuno.txt
load	prerenewal	npc/battleground/flavius/flavius_enter.txt
load	prerenewal	npc/battleground/flavius/flavius01.txt
load	prerenewal	npc/battleground/flavius/flavius02.txt
load	prerenewal	npc/battleground/kvm/kvm_enter.txt
load	prerenewal	npc/battleground/kvm/kvm_item_pay.txt
load	prerenewal	npc/battleground/kvm/kvm01.txt
load	prerenewal	npc/battleground/kvm/kvm02.txt
load	prerenewal	npc/battleground/kvm/kvm03.txt
load	prerenewal	npc/battleground/tierra/tierra_enter.txt
load	prerenewal	npc/battleground/tierra/tierra01.txt
load	prerenewal	npc/battleground/tierra/tierra02.txt
load	prerenewal	npc/battleground/bg_common.txt
load	prerenewal	npc/cities/alberta.txt
load	prerenewal	npc/cities/aldebaran.txt
load	prerenewal	npc/cities/amatsu.txt
load	prerenewal	npc/cities/ayothaya.txt
load	prerenewal	npc/cities/comodo.txt
load	prerenewal	npc/cities/einbech.txt
load	prerenewal	npc/cities/einbroch.txt
load	prerenewal	npc/cities/geffen.txt
load	prerenewal	npc/cities/gonryun.txt
load	prerenewal	npc/cities/hugel.txt
load	prerenewal	npc/cities/izlude.txt
load	prerenewal	npc/cities/jawaii.txt
load	prerenewal	npc/cities/lighthalzen.txt
load	prerenewal	npc/cities/louyang.txt
load	prerenewal	npc/cities/lutie.txt
load	prerenewal	npc/cities/manuk.txt
load	prerenewal	npc/cities/morocc.txt
load	prerenewal	npc/cities/moscovia.txt
load	prerenewal	npc/cities/niflheim.txt
load	prerenewal	npc/cities/payon.txt
load	prerenewal	npc/cities/prontera.txt
load	prerenewal	npc/cities/rachel.txt
load	prerenewal	npc/cities/splendide.txt
load	prerenewal	npc/cities/umbala.txt
load	prerenewal	npc/cities/veins.txt
load	prerenewal	npc/cities/yuno.txt
load	prerenewal	npc/events/gdevent_aru.txt
load	prerenewal	npc/events/gdevent_sch.txt
load	prerenewal	npc/events/god_se_festival.txt
load	prerenewal	npc/instances/SealedShrine.txt
load	prerenewal	npc/instances/EndlessTower.txt
load	prerenewal	npc/instances/OrcsMemory.txt
load	prerenewal	npc/instances/NydhoggsNest.txt
load	prerenewal	npc/kafras/cool_event_corp.txt
load	prerenewal	npc/kafras/dts_warper.txt
load	prerenewal	npc/kafras/functions_kafras.txt
load	prerenewal	npc/kafras/kafras.txt
load	prerenewal	npc/merchants/advanced_refiner.txt
load	prerenewal	npc/merchants/alchemist.txt
load	prerenewal	npc/merchants/buying_shops.txt
load	prerenewal	npc/merchants/coin_exchange.txt
load	prerenewal	npc/merchants/dye_maker.txt
load	prerenewal	npc/merchants/elemental_trader.txt
load	prerenewal	npc/merchants/enchan_arm.txt
load	prerenewal	npc/merchants/gemstone.txt
load	prerenewal	npc/merchants/hair_dyer.txt
load	prerenewal	npc/merchants/hair_style.txt
load	prerenewal	npc/merchants/inn.txt
load	prerenewal	npc/merchants/kunai_maker.txt
load	prerenewal	npc/merchants/milk_trader.txt
load	prerenewal	npc/merchants/novice_exchange.txt
load	prerenewal	npc/merchants/old_pharmacist.txt
load	prerenewal	npc/merchants/quivers.txt
load	prerenewal	npc/merchants/refine.txt
load	prerenewal	npc/merchants/renters.txt
load	prerenewal	npc/merchants/shops.txt
load	prerenewal	npc/merchants/socket_enchant.txt
load	prerenewal	npc/merchants/socket_enchant2.txt
load	prerenewal	npc/merchants/wander_pet_food.txt
load	prerenewal	npc/merchants/cashheadgear_dye.txt
load	prerenewal	npc/other/arena/arena_aco.txt
load	prerenewal	npc/other/arena/arena_lvl50.txt
load	prerenewal	npc/other/arena/arena_lvl60.txt
load	prerenewal	npc/other/arena/arena_lvl70.txt
load	prerenewal	npc/other/arena/arena_lvl80.txt
load	prerenewal	npc/other/arena/arena_party.txt
load	prerenewal	npc/other/arena/arena_point.txt
load	prerenewal	npc/other/arena/arena_room.txt
load	prerenewal	npc/other/auction.txt
load	prerenewal	npc/other/books.txt
load	prerenewal	npc/other/bulletin_boards.txt
load	prerenewal	npc/other/comodo_gambling.txt
load	prerenewal	npc/other/divorce.txt
load	prerenewal	npc/other/fortune.txt
load	prerenewal	npc/other/gm_npcs.txt
load	prerenewal	npc/other/guildpvp.txt
load	prerenewal	npc/other/gympass.txt
load	prerenewal	npc/other/hugel_bingo.txt
load	prerenewal	npc/other/mail.txt
load	prerenewal	npc/other/marriage.txt
load	prerenewal	npc/other/mercenary_rent.txt
load	prerenewal	npc/other/monster_museum.txt
load	prerenewal	npc/other/monster_race.txt
load	prerenewal	npc/other/poring_war.txt
load	prerenewal	npc/other/powernpc.txt
load	prerenewal	npc/other/pvp.txt
load	prerenewal	npc/other/turbo_track.txt
load	prerenewal	npc/quests/first_class/tu_acolyte.txt
load	prerenewal	npc/quests/first_class/tu_archer.txt
load	prerenewal	npc/quests/first_class/tu_magician01.txt
load	prerenewal	npc/quests/first_class/tu_ma_th01.txt
load	prerenewal	npc/quests/first_class/tu_merchant.txt
load	prerenewal	npc/quests/first_class/tu_sword.txt
load	prerenewal	npc/quests/first_class/tu_thief01.txt
load	prerenewal	npc/quests/newgears/2004_headgears.txt
load	prerenewal	npc/quests/newgears/2005_headgears.txt
load	prerenewal	npc/quests/newgears/2006_headgears.txt
load	prerenewal	npc/quests/newgears/2008_headgears.txt
load	prerenewal	npc/quests/okolnir.txt
load	prerenewal	npc/quests/seals/god_global.txt
load	prerenewal	npc/quests/seals/brisingamen_seal.txt
load	prerenewal	npc/quests/seals/god_weapon_creation.txt
load	prerenewal	npc/quests/seals/megingard_seal.txt
load	prerenewal	npc/quests/seals/mjolnir_seal.txt
load	prerenewal	npc/quests/seals/sleipnir_seal.txt
load	prerenewal	npc/quests/seals/seal_status.txt
load	prerenewal	npc/quests/bard_quest.txt
load	prerenewal	npc/quests/bunnyband.txt
load	prerenewal	npc/quests/cooking_quest.txt
load	prerenewal	npc/quests/counteragent_mixture.txt
load	prerenewal	npc/quests/doomed_swords.txt
load	prerenewal	npc/quests/doomed_swords_quest.txt
load	prerenewal	npc/quests/eye_of_hellion.txt
load	prerenewal	npc/quests/guildrelay.txt
load	prerenewal	npc/quests/gunslinger_quests.txt
load	prerenewal	npc/quests/juice_maker.txt
load	prerenewal	npc/quests/kiel_hyre_quest.txt
load	prerenewal	npc/quests/lvl4_weapon_quest.txt
load	prerenewal	npc/quests/mage_solution.txt
load	prerenewal	npc/quests/monstertamers.txt
load	prerenewal	npc/quests/mrsmile.txt
load	prerenewal	npc/quests/ninja_quests.txt
load	prerenewal	npc/quests/obb_quest.txt
load	prerenewal	npc/quests/partyrelay.txt
load	prerenewal	npc/quests/quests_13_1.txt
load	prerenewal	npc/quests/quests_13_2.txt
load	prerenewal	npc/quests/quests_airship.txt
load	prerenewal	npc/quests/quests_alberta.txt
load	prerenewal	npc/quests/quests_aldebaran.txt
load	prerenewal	npc/quests/quests_amatsu.txt
load	prerenewal	npc/quests/quests_ayothaya.txt
load	prerenewal	npc/quests/quests_comodo.txt
load	prerenewal	npc/quests/quests_ein.txt
load	prerenewal	npc/quests/quests_geffen.txt
load	prerenewal	npc/quests/quests_gonryun.txt
load	prerenewal	npc/quests/quests_hugel.txt
load	prerenewal	npc/quests/quests_izlude.txt
load	prerenewal	npc/quests/quests_juperos.txt
load	prerenewal	npc/quests/quests_lighthalzen.txt
load	prerenewal	npc/quests/quests_louyang.txt
load	prerenewal	npc/quests/quests_lutie.txt
load	prerenewal	npc/quests/quests_morocc.txt
load	prerenewal	npc/quests/quests_moscovia.txt
load	prerenewal	npc/quests/quests_nameless.txt
load	prerenewal	npc/quests/quests_niflheim.txt
load	prerenewal	npc/quests/quests_payon.txt
load	prerenewal	npc/quests/quests_prontera.txt
load	prerenewal	npc/quests/quests_rachel.txt
load	prerenewal	npc/quests/quests_umbala.txt
load	prerenewal	npc/quests/quests_veins.txt
load	prerenewal	npc/quests/quests_yuno.txt
load	prerenewal	npc/quests/thana_quest.txt
load	prerenewal	npc/quests/the_sign_quest.txt
load	prerenewal	npc/guild/agit_controller.txt
load	prerenewal	npc/guild/agit_main.txt
load	prerenewal	npc/guild/aldeg_cas01.txt
load	prerenewal	npc/guild/aldeg_cas02.txt
load	prerenewal	npc/guild/aldeg_cas03.txt
load	prerenewal	npc/guild/aldeg_cas04.txt
load	prerenewal	npc/guild/aldeg_cas05.txt
load	prerenewal	npc/guild/gefg_cas01.txt
load	prerenewal	npc/guild/gefg_cas02.txt
load	prerenewal	npc/guild/gefg_cas03.txt
load	prerenewal	npc/guild/gefg_cas04.txt
load	prerenewal	npc/guild/gefg_cas05.txt
load	prerenewal	npc/guild/payg_cas01.txt
load	prerenewal	npc/guild/payg_cas02.txt
load	prerenewal	npc/guild/payg_cas03.txt
load	prerenewal	npc/guild/payg_cas04.txt
load	prerenewal	npc/guild/payg_cas05.txt
load	prerenewal	npc/guild/prtg_cas01.txt
load	prerenewal	npc/guild/prtg_cas02.txt
load	prerenewal	npc/guild/prtg_cas03.txt
load	prerenewal	npc/guild/prtg_cas04.txt
load	prerenewal	npc/guild/prtg_cas05.txt
load	prerenewal	npc/guild2/agit_start_se.txt
load	prerenewal	npc/guild2/agit_main_se.txt
load	prerenewal	npc/guild2/guild_flags.txt
load	prerenewal	npc/guild2/arug_cas01.txt
load	prerenewal	npc/guild2/arug_cas02.txt
load	prerenewal	npc/guild2/arug_cas03.txt
load	prerenewal	npc/guild2/arug_cas04.txt
load	prerenewal	npc/guild2/arug_cas05.txt
load	prerenewal	npc/guild2/schg_cas01.txt
load	prerenewal	npc/guild2/schg_cas02.txt
load	prerenewal	npc/guild2/schg_cas03.txt
load	prerenewal	npc/guild2/schg_cas04.txt
load	prerenewal	npc/guild2/schg_cas05.txt
load	prerenewal	npc/jobs/1-1e/gunslinger.txt
load	prerenewal	npc/jobs/1-1e/ninja.txt
load	prerenewal	npc/jobs/1-1e/taekwon.txt
load	prerenewal	npc/jobs/2-1/assassin.txt
load	prerenewal	npc/jobs/2-1/blacksmith.txt
load	prerenewal	npc/jobs/2-1/hunter.txt
load	prerenewal	npc/jobs/2-1/knight.txt
load	prerenewal	npc/jobs/2-1/priest.txt
load	prerenewal	npc/jobs/2-1/wizard.txt
load	prerenewal	npc/jobs/2-1a/AssassinCross.txt
load	prerenewal	npc/jobs/2-1a/HighPriest.txt
load	prerenewal	npc/jobs/2-1a/HighWizard.txt
load	prerenewal	npc/jobs/2-1a/LordKnight.txt
load	prerenewal	npc/jobs/2-1a/Sniper.txt
load	prerenewal	npc/jobs/2-1a/WhiteSmith.txt
load	prerenewal	npc/jobs/2-1e/StarGladiator.txt
load	prerenewal	npc/jobs/2-2/alchemist.txt
load	prerenewal	npc/jobs/2-2/bard.txt
load	prerenewal	npc/jobs/2-2/crusader.txt
load	prerenewal	npc/jobs/2-2/dancer.txt
load	prerenewal	npc/jobs/2-2/monk.txt
load	prerenewal	npc/jobs/2-2/rogue.txt
load	prerenewal	npc/jobs/2-2/sage.txt
load	prerenewal	npc/jobs/2-2a/Champion.txt
load	prerenewal	npc/jobs/2-2a/Clown.txt
load	prerenewal	npc/jobs/2-2a/Creator.txt
load	prerenewal	npc/jobs/2-2a/Gypsy.txt
load	prerenewal	npc/jobs/2-2a/Paladin.txt
load	prerenewal	npc/jobs/2-2a/Professor.txt
load	prerenewal	npc/jobs/2-2a/Stalker.txt
load	prerenewal	npc/jobs/2-2e/SoulLinker.txt
load	prerenewal	npc/jobs/novice/supernovice.txt
load	prerenewal	npc/jobs/valkyrie.txt
load	prerenewal	npc/quests/skills/acolyte_skills.txt
load	prerenewal	npc/quests/skills/alchemist_skills.txt
load	prerenewal	npc/quests/skills/archer_skills.txt
load	prerenewal	npc/quests/skills/assassin_skills.txt
load	prerenewal	npc/quests/skills/bard_skills.txt
load	prerenewal	npc/quests/skills/blacksmith_skills.txt
load	prerenewal	npc/quests/skills/crusader_skills.txt
load	prerenewal	npc/quests/skills/dancer_skills.txt
load	prerenewal	npc/quests/skills/hunter_skills.txt
load	prerenewal	npc/quests/skills/knight_skills.txt
load	prerenewal	npc/quests/skills/mage_skills.txt
load	prerenewal	npc/quests/skills/merchant_skills.txt
load	prerenewal	npc/quests/skills/monk_skills.txt
load	prerenewal	npc/quests/skills/priest_skills.txt
load	prerenewal	npc/quests/skills/rogue_skills.txt
load	prerenewal	npc/quests/skills/sage_skills.txt
load	prerenewal	npc/quests/skills/swordman_skills.txt
load	prerenewal	npc/quests/skills/thief_skills.txt
load	prerenewal	npc/quests/skills/wizard_skills.txt
load	prerenewal	npc/mapflag/nopvp.txt
load	prerenewal	npc/mapflag/gvg.txt
load	prerenewal	npc/mapflag/gvg_noparty.txt
load	prerenewal	npc/mapflag/hidemobhpbar.txt
load	prerenewal	npc/mapflag/jail.txt
load	prerenewal	npc/mapflag/nightmare.txt
load	prerenewal	npc/mapflag/nobranch.txt
load	prerenewal	npc/mapflag/noicewall.txt
load	prerenewal	npc/mapflag/nomemo.txt
load	prerenewal	npc/mapflag/nopenalty.txt
load	prerenewal	npc/mapflag/nosave.txt
load	prerenewal	npc/mapflag/noteleport.txt
load	prerenewal	npc/mapflag/noreturn.txt
load	prerenewal	npc/mapflag/noskill.txt
load	prerenewal	npc/mapflag/nowarp.txt
load	prerenewal	npc/mapflag/nowarpto.txt
load	prerenewal	npc/mapflag/pvp.txt
load	prerenewal	npc/mapflag/pvp_noparty.txt
load	prerenewal	npc/mapflag/pvp_noguild.txt
load	prerenewal	npc/mapflag/night.txt
load	prerenewal	npc/mapflag/reset.txt
load	prerenewal	npc/mapflag/restricted.txt
load	prerenewal	npc/mapflag/battleground.txt
load	prerenewal	npc/mapflag/skill_damage.txt
load	prerenewal	npc/mapflag/town.txt
load	prerenewal	npc/mapflag/nocostume.txt
load	prerenewal	npc/mapflag/skill_duration.txt
load	prerenewal	npc/mapflag/nodynamicnpc.txt
load	prerenewal	npc/mobs/jail.txt
load	prerenewal	npc/mobs/pvp.txt
load	prerenewal	npc/mobs/towns.txt
load	prerenewal	npc/warps/cities/alberta.txt
load	prerenewal	npc/warps/cities/aldebaran.txt
load	prerenewal	npc/warps/cities/amatsu.txt
load	prerenewal	npc/warps/cities/ayothaya.txt
load	prerenewal	npc/warps/cities/comodo.txt
load	prerenewal	npc/warps/cities/einbech.txt
load	prerenewal	npc/warps/cities/einbroch.txt
load	prerenewal	npc/warps/cities/geffen.txt
load	prerenewal	npc/warps/cities/gonryun.txt
load	prerenewal	npc/warps/cities/hugel.txt
load	prerenewal	npc/warps/cities/lighthalzen.txt
load	prerenewal	npc/warps/cities/louyang.txt
load	prerenewal	npc/warps/cities/lutie.txt
load	prerenewal	npc/warps/cities/manuk.txt
load	prerenewal	npc/warps/cities/mid_camp.txt
load	prerenewal	npc/warps/cities/morroc.txt
load	prerenewal	npc/warps/cities/moscovia.txt
load	prerenewal	npc/warps/cities/nameless.txt
load	prerenewal	npc/warps/cities/niflheim.txt
load	prerenewal	npc/warps/cities/payon.txt
load	prerenewal	npc/warps/cities/prontera.txt
load	prerenewal	npc/warps/cities/splendide.txt
load	prerenewal	npc/warps/cities/umbala.txt
load	prerenewal	npc/warps/cities/veins.txt
load	prerenewal	npc/warps/cities/yuno.txt
load	prerenewal	npc/warps/dungeons/abbey.txt
load	prerenewal	npc/warps/dungeons/abyss.txt
load	prerenewal	npc/warps/dungeons/alde_dun.txt
load	prerenewal	npc/warps/dungeons/ama_dun.txt
load	prerenewal	npc/warps/dungeons/anthell.txt
load	prerenewal	npc/warps/dungeons/ayo_dun.txt
load	prerenewal	npc/warps/dungeons/beach_dun.txt
load	prerenewal	npc/warps/dungeons/c_tower.txt
load	prerenewal	npc/warps/dungeons/ein_dun.txt
load	prerenewal	npc/warps/dungeons/gef_dun.txt
load	prerenewal	npc/warps/dungeons/gon_dun.txt
load	prerenewal	npc/warps/dungeons/ice_dun.txt
load	prerenewal	npc/warps/dungeons/in_sphinx.txt
load	prerenewal	npc/warps/dungeons/iz_dun.txt
load	prerenewal	npc/warps/dungeons/juperos.txt
load	prerenewal	npc/warps/dungeons/kh_dun.txt
load	prerenewal	npc/warps/dungeons/lhz_dun.txt
load	prerenewal	npc/warps/dungeons/lou_dun.txt
load	prerenewal	npc/warps/dungeons/mag_dun.txt
load	prerenewal	npc/warps/dungeons/mjo_dun.txt
load	prerenewal	npc/warps/dungeons/moc_pryd.txt
load	prerenewal	npc/warps/dungeons/mosk_dun.txt
load	prerenewal	npc/warps/dungeons/odin.txt
load	prerenewal	npc/warps/dungeons/orcsdun.txt
load	prerenewal	npc/warps/dungeons/pay_dun.txt
load	prerenewal	npc/warps/dungeons/prt_maze.txt
load	prerenewal	npc/warps/dungeons/ra_san.txt
load	prerenewal	npc/warps/dungeons/tha_t.txt
load	prerenewal	npc/warps/dungeons/thor_v.txt
load	prerenewal	npc/warps/dungeons/treasure.txt
load	prerenewal	npc/warps/dungeons/tur_dun.txt
load	prerenewal	npc/warps/dungeons/um_dun.txt
load	prerenewal	npc/warps/dungeons/xmas_dun.txt
load	prerenewal	npc/warps/fields/abyss_warper.txt
load	prerenewal	npc/warps/fields/amatsu_fild.txt
load	prerenewal	npc/warps/fields/ein_fild.txt
load	prerenewal	npc/warps/fields/gefenia.txt
load	prerenewal	npc/warps/fields/glastheim.txt
load	prerenewal	npc/warps/fields/jawaii.txt
load	prerenewal	npc/warps/fields/lhalzen_fild.txt
load	prerenewal	npc/warps/fields/lutie_fild.txt
load	prerenewal	npc/warps/fields/man_fild.txt
load	prerenewal	npc/warps/fields/mtmjolnir.txt
load	prerenewal	npc/warps/fields/spl_fild.txt
load	prerenewal	npc/warps/fields/umbala_fild.txt
load	prerenewal	npc/warps/other/airplane.txt
load	prerenewal	npc/warps/other/arena.txt
load	prerenewal	npc/warps/other/god.txt
load	prerenewal	npc/warps/other/jobquests.txt
load	prerenewal	npc/warps/other/kiel.txt
load	prerenewal	npc/warps/other/other.txt
load	prerenewal	npc/warps/guildcastles.txt
load	prerenewal	npc/warps/pvp.txt
load	prerenewal	npc/pre-re/airports/izlude.txt
load	prerenewal	npc/pre-re/cities/alberta.txt
load	prerenewal	npc/pre-re/cities/izlude.txt
load	prerenewal	npc/pre-re/cities/jawaii.txt
load	prerenewal	npc/pre-re/cities/lutie.txt
load	prerenewal	npc/pre-re/cities/prontera.txt
load	prerenewal	npc/pre-re/cities/yuno.txt
load	prerenewal	npc/pre-re/guides/guides_alberta.txt
load	prerenewal	npc/pre-re/guides/guides_aldebaran.txt
load	prerenewal	npc/pre-re/guides/guides_amatsu.txt
load	prerenewal	npc/pre-re/guides/guides_ayothaya.txt
load	prerenewal	npc/pre-re/guides/guides_comodo.txt
load	prerenewal	npc/pre-re/guides/guides_einbroch.txt
load	prerenewal	npc/pre-re/guides/guides_geffen.txt
load	prerenewal	npc/pre-re/guides/guides_gonryun.txt
load	prerenewal	npc/pre-re/guides/guides_hugel.txt
load	prerenewal	npc/pre-re/guides/guides_izlude.txt
load	prerenewal	npc/pre-re/guides/guides_juno.txt
load	prerenewal	npc/pre-re/guides/guides_lighthalzen.txt
load	prerenewal	npc/pre-re/guides/guides_louyang.txt
load	prerenewal	npc/pre-re/guides/guides_morroc.txt
load	prerenewal	npc/pre-re/guides/guides_moscovia.txt
load	prerenewal	npc/pre-re/guides/guides_niflheim.txt
load	prerenewal	npc/pre-re/guides/guides_payon.txt
load	prerenewal	npc/pre-re/guides/guides_prontera.txt
load	prerenewal	npc/pre-re/guides/guides_rachel.txt
load	prerenewal	npc/pre-re/guides/guides_umbala.txt
load	prerenewal	npc/pre-re/guides/guides_veins.txt
load	prerenewal	npc/pre-re/kafras/kafras.txt
load	prerenewal	npc/pre-re/merchants/ammo_boxes.txt
load	prerenewal	npc/pre-re/merchants/ammo_dealer.txt
load	prerenewal	npc/pre-re/merchants/hair_dyer.txt
load	prerenewal	npc/pre-re/merchants/hair_style.txt
load	prerenewal	npc/pre-re/merchants/shops.txt
load	prerenewal	npc/pre-re/merchants/socket_enchant2.txt
load	prerenewal	npc/pre-re/other/bulletin_boards.txt
load	prerenewal	npc/pre-re/other/mercenary_rent.txt
load	prerenewal	npc/pre-re/other/pvp.txt
load	prerenewal	npc/pre-re/other/msg_boards.txt
load	prerenewal	npc/pre-re/other/resetskill.txt
load	prerenewal	npc/pre-re/other/turbo_track.txt
load	prerenewal	npc/pre-re/quests/first_class/tu_archer.txt
load	prerenewal	npc/pre-re/quests/seals/brisingamen_seal.txt
load	prerenewal	npc/pre-re/quests/seals/megingard_seal.txt
load	prerenewal	npc/pre-re/quests/cooking_quest.txt
load	prerenewal	npc/pre-re/quests/monstertamers.txt
load	prerenewal	npc/pre-re/quests/mrsmile.txt
load	prerenewal	npc/pre-re/quests/quest_payon.txt
load	prerenewal	npc/pre-re/quests/quests_13_1.txt
load	prerenewal	npc/pre-re/quests/quests_izlude.txt
load	prerenewal	npc/pre-re/quests/quests_lighthalzen.txt
load	prerenewal	npc/pre-re/quests/quests_morocc.txt
load	prerenewal	npc/pre-re/quests/quests_nameless.txt
load	prerenewal	npc/pre-re/quests/quests_niflheim.txt
load	prerenewal	npc/pre-re/quests/the_sign_quest.txt
load	prerenewal	npc/pre-re/quests/quests_veins.txt
load	prerenewal	npc/pre-re/jobs/1-1/acolyte.txt
load	prerenewal	npc/pre-re/jobs/1-1/archer.txt
load	prerenewal	npc/pre-re/jobs/1-1/mage.txt
load	prerenewal	npc/pre-re/jobs/1-1/merchant.txt
load	prerenewal	npc/pre-re/jobs/1-1/swordman.txt
load	prerenewal	npc/pre-re/jobs/1-1/thief.txt
load	prerenewal	npc/pre-re/jobs/1-1e/taekwon.txt
load	prerenewal	npc/pre-re/jobs/2-2/crusader.txt
load	prerenewal	npc/pre-re/jobs/novice/novice.txt
load	prerenewal	npc/pre-re/quests/skills/swordman_skills.txt
load	prerenewal	npc/quests/skills/novice_skills.txt
load	prerenewal	npc/pre-re/mapflag/hidemobhpbar.txt
load	prerenewal	npc/pre-re/mapflag/gvg.txt
load	prerenewal	npc/pre-re/mapflag/nosave.txt
load	prerenewal	npc/pre-re/mapflag/invincible_time.txt
load	prerenewal	npc/pre-re/mobs/citycleaners.txt
load	prerenewal	npc/pre-re/mobs/dungeons/abbey.txt
load	prerenewal	npc/pre-re/mobs/dungeons/abyss.txt
load	prerenewal	npc/pre-re/mobs/dungeons/alde_dun.txt
load	prerenewal	npc/pre-re/mobs/dungeons/ama_dun.txt
load	prerenewal	npc/pre-re/mobs/dungeons/anthell.txt
load	prerenewal	npc/pre-re/mobs/dungeons/ayo_dun.txt
load	prerenewal	npc/pre-re/mobs/dungeons/beach_dun.txt
load	prerenewal	npc/pre-re/mobs/dungeons/c_tower.txt
load	prerenewal	npc/pre-re/mobs/dungeons/ein_dun.txt
load	prerenewal	npc/pre-re/mobs/dungeons/gef_dun.txt
load	prerenewal	npc/pre-re/mobs/dungeons/gefenia.txt
load	prerenewal	npc/pre-re/mobs/dungeons/glastheim.txt
load	prerenewal	npc/pre-re/mobs/dungeons/gld_dun.txt
load	prerenewal	npc/pre-re/mobs/dungeons/gld_dunSE.txt
load	prerenewal	npc/pre-re/mobs/dungeons/gon_dun.txt
load	prerenewal	npc/pre-re/mobs/dungeons/ice_dun.txt
load	prerenewal	npc/pre-re/mobs/dungeons/in_sphinx.txt
load	prerenewal	npc/pre-re/mobs/dungeons/iz_dun.txt
load	prerenewal	npc/pre-re/mobs/dungeons/juperos.txt
load	prerenewal	npc/pre-re/mobs/dungeons/kh_dun.txt
load	prerenewal	npc/pre-re/mobs/dungeons/lhz_dun.txt
load	prerenewal	npc/pre-re/mobs/dungeons/lou_dun.txt
load	prerenewal	npc/pre-re/mobs/dungeons/mag_dun.txt
load	prerenewal	npc/pre-re/mobs/dungeons/mjo_dun.txt
load	prerenewal	npc/pre-re/mobs/dungeons/moc_pryd.txt
load	prerenewal	npc/pre-re/mobs/dungeons/mosk_dun.txt
load	prerenewal	npc/pre-re/mobs/dungeons/nyd_dun.txt
load	prerenewal	npc/pre-re/mobs/dungeons/odin.txt
load	prerenewal	npc/pre-re/mobs/dungeons/orcsdun.txt
load	prerenewal	npc/pre-re/mobs/dungeons/pay_dun.txt
load	prerenewal	npc/pre-re/mobs/dungeons/prt_maze.txt
load	prerenewal	npc/pre-re/mobs/dungeons/prt_sew.txt
load	prerenewal	npc/pre-re/mobs/dungeons/ra_san.txt
load	prerenewal	npc/pre-re/mobs/dungeons/tha_t.txt
load	prerenewal	npc/pre-re/mobs/dungeons/thor_v.txt
load	prerenewal	npc/pre-re/mobs/dungeons/treasure.txt
load	prerenewal	npc/pre-re/mobs/dungeons/tur_dun.txt
load	prerenewal	npc/pre-re/mobs/dungeons/um_dun.txt
load	prerenewal	npc/pre-re/mobs/dungeons/xmas_dun.txt
load	prerenewal	npc/pre-re/mobs/dungeons/yggdrasil.txt
load	prerenewal	npc/pre-re/mobs/fields/amatsu.txt
load	prerenewal	npc/pre-re/mobs/fields/ayothaya.txt
load	prerenewal	npc/pre-re/mobs/fields/comodo.txt
load	prerenewal	npc/pre-re/mobs/fields/einbroch.txt
load	prerenewal	npc/pre-re/mobs/fields/geffen.txt
load	prerenewal	npc/pre-re/mobs/fields/gonryun.txt
load	prerenewal	npc/pre-re/mobs/fields/hugel.txt
load	prerenewal	npc/pre-re/mobs/fields/lighthalzen.txt
load	prerenewal	npc/pre-re/mobs/fields/louyang.txt
load	prerenewal	npc/pre-re/mobs/fields/lutie.txt
load	prerenewal	npc/pre-re/mobs/fields/manuk.txt
load	prerenewal	npc/pre-re/mobs/fields/mjolnir.txt
load	prerenewal	npc/pre-re/mobs/fields/morocc.txt
load	prerenewal	npc/pre-re/mobs/fields/moscovia.txt
load	prerenewal	npc/pre-re/mobs/fields/niflheim.txt
load	prerenewal	npc/pre-re/mobs/fields/payon.txt
load	prerenewal	npc/pre-re/mobs/fields/prontera.txt
load	prerenewal	npc/pre-re/mobs/fields/rachel.txt
load	prerenewal	npc/pre-re/mobs/fields/splendide.txt
load	prerenewal	npc/pre-re/mobs/fields/umbala.txt
load	prerenewal	npc/pre-re/mobs/fields/veins.txt
load	prerenewal	npc/pre-re/mobs/fields/yuno.txt
load	prerenewal	npc/pre-re/warps/cities/alberta.txt
load	prerenewal	npc/pre-re/warps/cities/einbroch.txt
load	prerenewal	npc/pre-re/warps/cities/izlude.txt
load	prerenewal	npc/pre-re/warps/cities/prontera.txt
load	prerenewal	npc/pre-re/warps/cities/rachel.txt
load	prerenewal	npc/pre-re/warps/cities/yggdrasil.txt
load	prerenewal	npc/pre-re/warps/fields/com_fild.txt
load	prerenewal	npc/pre-re/warps/fields/geffen_fild.txt
load	prerenewal	npc/pre-re/warps/fields/hugel_fild.txt
load	prerenewal	npc/pre-re/warps/fields/morroc_fild.txt
load	prerenewal	npc/pre-re/warps/fields/payon_fild.txt
load	prerenewal	npc/pre-re/warps/fields/prontera_fild.txt
load	prerenewal	npc/pre-re/warps/fields/rachel_fild.txt
load	prerenewal	npc/pre-re/warps/fields/veins_fild.txt
load	prerenewal	npc/pre-re/warps/fields/yuno_fild.txt
load	prerenewal	npc/pre-re/warps/other/arena.txt
load	prerenewal	npc/pre-re/warps/other/sign.txt
load	prerenewal	npc/pre-re/warps/guildcastles.txt
load	prerenewal	npc/custom/population/arena.txt
load	prerenewal	npc/custom/population/recruiter.txt
mob	renewal	1001	SCORPION	16	Insect	Small	Fire	1	0	Scorpion
mob	renewal	1002	PORING	1	Plant	Medium	Water	1	0	Poring
mob	renewal	1004	HORNET	11	Insect	Small	Wind	1	0	Hornet
mob	renewal	1005	FARMILIAR	24	Brute	Small	Dark	1	0	Familiar
mob	renewal	1007	FABRE	6	Insect	Small	Earth	1	0	Fabre
mob	renewal	1008	PUPA	4	Insect	Small	Earth	1	0	Pupa
mob	renewal	1009	CONDOR	12	Brute	Medium	Wind	1	0	Condor
mob	renewal	1010	WILOW	8	Plant	Medium	Earth	1	0	Willow
mob	renewal	1011	CHONCHON	5	Insect	Small	Wind	1	0	Chonchon
mob	renewal	1012	RODA_FROG	13	Fish	Medium	Water	1	0	Roda Frog
mob	renewal	1013	WOLF	45	Brute	Medium	Earth	1	0	Wolf
mob	renewal	1014	SPORE	18	Plant	Medium	Water	1	0	Spore
mob	renewal	1015	ZOMBIE	17	Undead	Medium	Undead	1	0	Zombie
mob	renewal	1016	ARCHER_SKELETON	50	Undead	Medium	Undead	1	0	Archer Skeleton
mob	renewal	1018	CREAMY	23	Insect	Small	Wind	1	0	Creamy
mob	renewal	1019	PECOPECO	25	Brute	Large	Fire	1	0	Peco Peco
mob	renewal	1020	MANDRAGORA	13	Plant	Medium	Earth	3	0	Mandragora
mob	renewal	1023	ORK_WARRIOR	44	Demihuman	Medium	Earth	1	0	Orc Warrior
mob	renewal	1024	WORM_TAIL	17	Plant	Medium	Earth	1	0	Wormtail
mob	renewal	1025	SNAKE	18	Brute	Medium	Earth	1	0	Boa
mob	renewal	1026	MUNAK	58	Undead	Medium	Undead	1	0	Munak
mob	renewal	1028	SOLDIER_SKELETON	34	Undead	Medium	Undead	1	0	Soldier Skeleton
mob	renewal	1029	ISIS	59	Demon	Large	Dark	1	0	Isis
mob	renewal	1030	ANACONDAQ	100	Brute	Medium	Poison	1	0	Anacondaq
mob	renewal	1031	POPORING	30	Plant	Medium	Poison	1	0	Poporing
mob	renewal	1032	VERIT	52	Undead	Medium	Undead	1	0	Verit
mob	renewal	1033	ELDER_WILOW	34	Plant	Medium	Fire	2	0	Elder Willow
mob	renewal	1034	THARA_FROG	40	Fish	Medium	Water	2	0	Thara Frog
mob	renewal	1035	HUNTER_FLY	63	Insect	Small	Wind	2	0	Hunter Fly
mob	renewal	1036	GHOUL	61	Undead	Medium	Undead	2	0	Ghoul
mob	renewal	1037	SIDE_WINDER	70	Brute	Medium	Poison	1	0	Side Winder
mob	renewal	1038	OSIRIS	68	Undead	Medium	Undead	4	1	Osiris
mob	renewal	1039	BAPHOMET	81	Demon	Large	Dark	3	1	Baphomet
mob	renewal	1040	GOLEM	61	Formless	Large	Neutral	3	0	Golem
mob	renewal	1041	MUMMY	55	Undead	Medium	Undead	2	0	Mummy
mob	renewal	1042	STEEL_CHONCHON	48	Insect	Small	Wind	1	0	Steel Chonchon
mob	renewal	1044	OBEAUNE	53	Fish	Medium	Water	2	0	Obeaune
mob	renewal	1045	MARC	56	Fish	Medium	Water	2	0	Marc
mob	renewal	1046	DOPPELGANGER	77	Demon	Medium	Dark	3	1	Doppelganger
mob	renewal	1047	PECOPECO_EGG	7	Formless	Small	Neutral	3	0	Peco Peco Egg
mob	renewal	1048	THIEF_BUG_EGG	20	Insect	Small	Dark	1	0	Thief Bug Egg
mob	renewal	1049	PICKY	9	Brute	Small	Fire	1	0	Picky
mob	renewal	1050	PICKY_	10	Brute	Small	Fire	1	0	Picky
mob	renewal	1051	THIEF_BUG	21	Insect	Small	Neutral	3	0	Thief Bug
mob	renewal	1052	ROCKER	15	Insect	Medium	Earth	1	0	Rocker
mob	renewal	1053	THIEF_BUG_	28	Insect	Medium	Dark	1	0	Thief Bug Female
mob	renewal	1054	THIEF_BUG__	30	Insect	Medium	Dark	1	0	Thief Bug Male
mob	renewal	1055	MUKA	23	Plant	Large	Earth	1	0	Muka
mob	renewal	1056	SMOKIE	29	Brute	Small	Earth	1	0	Smokie
mob	renewal	1057	YOYO	38	Brute	Small	Earth	1	0	Yoyo
mob	renewal	1058	METALLER	55	Insect	Medium	Fire	1	0	Metaller
mob	renewal	1059	MISTRESS	78	Insect	Small	Wind	4	1	Mistress
mob	renewal	1060	BIGFOOT	29	Brute	Large	Earth	1	0	Bigfoot
mob	renewal	1061	NIGHTMARE	69	Demon	Large	Ghost	3	0	Nightmare
mob	renewal	1062	PORING_	3	Plant	Medium	Holy	1	0	Santa Poring
mob	renewal	1063	LUNATIC	3	Brute	Small	Neutral	3	0	Lunatic
mob	renewal	1064	MEGALODON	46	Undead	Medium	Undead	1	0	Megalodon
mob	renewal	1065	STROUF	61	Fish	Large	Water	3	0	Strouf
mob	renewal	1066	VADON	45	Fish	Small	Water	1	0	Vadon
mob	renewal	1067	CORNUTUS	48	Fish	Small	Water	1	0	Cornutus
mob	renewal	1068	HYDRA	34	Plant	Small	Water	2	0	Hydra
mob	renewal	1069	SWORD_FISH	57	Fish	Large	Water	2	0	Swordfish
mob	renewal	1070	KUKRE	42	Fish	Small	Water	1	0	Kukre
mob	renewal	1071	PIRATE_SKEL	48	Undead	Medium	Undead	1	0	Pirate Skeleton
mob	renewal	1072	KAHO	98	Demon	Medium	Fire	4	0	Kaho
mob	renewal	1073	CRAB	43	Fish	Small	Water	1	0	Crab
mob	renewal	1074	SHELLFISH	50	Fish	Small	Water	1	0	Shellfish
mob	renewal	1076	SKELETON	27	Undead	Medium	Undead	1	0	Skeleton
mob	renewal	1077	POISON_SPORE	26	Plant	Medium	Poison	1	0	Poison Spore
mob	renewal	1078	RED_PLANT	1	Plant	Small	Earth	1	0	Red Plant
mob	renewal	1079	BLUE_PLANT	1	Plant	Small	Earth	1	0	Blue Plant
mob	renewal	1080	GREEN_PLANT	1	Plant	Small	Earth	1	0	Green Plant
mob	renewal	1081	YELLOW_PLANT	1	Plant	Small	Earth	1	0	Yellow Plant
mob	renewal	1082	WHITE_PLANT	1	Plant	Small	Earth	1	0	White Plant
mob	renewal	1083	SHINING_PLANT	1	Plant	Small	Holy	1	0	Shining Plant
mob	renewal	1084	BLACK_MUSHROOM	1	Plant	Small	Earth	1	0	Black Mushroom
mob	renewal	1085	RED_MUSHROOM	1	Plant	Small	Earth	1	0	Red Mushroom
mob	renewal	1086	GOLDEN_BUG	65	Insect	Large	Fire	2	1	Golden Thief Bug
mob	renewal	1087	ORK_HERO	50	Demihuman	Large	Earth	2	1	Orc Hero
mob	renewal	1088	VOCAL	18	Insect	Medium	Earth	1	0	Vocal
mob	renewal	1089	TOAD	27	Fish	Medium	Water	1	0	Toad
mob	renewal	1090	MASTERING	42	Plant	Medium	Water	1	0	Mastering
mob	renewal	1091	DRAGON_FLY	47	Insect	Small	Wind	1	0	Dragon Fly
mob	renewal	1092	VAGABOND_WOLF	93	Brute	Medium	Earth	1	0	Vagabond Wolf
mob	renewal	1093	ECLIPSE	31	Brute	Medium	Neutral	3	0	Eclipse
mob	renewal	1094	AMBERNITE	19	Insect	Large	Water	1	0	Ambernite
mob	renewal	1095	ANDRE	33	Insect	Small	Earth	1	0	Andre
mob	renewal	1096	ANGELING	77	Angel	Medium	Holy	4	0	Angeling
mob	renewal	1097	ANT_EGG	28	Formless	Small	Neutral	3	0	Ant Egg
mob	renewal	1098	ANUBIS	105	Demihuman	Large	Undead	2	0	Anubis
mob	renewal	1099	ARGIOPE	75	Insect	Large	Poison	1	0	Argiope
mob	renewal	1100	ARGOS	47	Insect	Large	Poison	1	0	Argos
mob	renewal	1101	BAPHOMET_	57	Demon	Small	Dark	1	0	Baphomet Jr.
mob	renewal	1102	BATHORY	86	Demihuman	Medium	Dark	1	0	Bathory
mob	renewal	1103	CARAMEL	25	Brute	Small	Earth	1	0	Caramel
mob	renewal	1104	COCO	38	Brute	Small	Earth	1	0	Coco
mob	renewal	1105	DENIRO	31	Insect	Small	Earth	1	0	Deniro
mob	renewal	1106	DESERT_WOLF	103	Brute	Medium	Fire	1	0	Desert Wolf
mob	renewal	1107	DESERT_WOLF_B	14	Brute	Small	Fire	1	0	Baby Desert Wolf
mob	renewal	1108	DEVIACE	60	Fish	Medium	Water	4	0	Deviace
mob	renewal	1109	DEVIRUCHI	93	Demon	Small	Dark	1	0	Deviruchi
mob	renewal	1110	DOKEBI	68	Demon	Small	Dark	1	0	Dokebi
mob	renewal	1111	DRAINLIAR	47	Brute	Small	Dark	2	0	Drainliar
mob	renewal	1112	DRAKE	91	Undead	Medium	Undead	1	1	Drake
mob	renewal	1113	DROPS	2	Plant	Medium	Fire	1	0	Drops
mob	renewal	1114	DUSTINESS	62	Insect	Small	Wind	2	0	Dustiness
mob	renewal	1115	EDDGA	65	Brute	Large	Fire	1	1	Eddga
mob	renewal	1116	EGGYRA	53	Formless	Medium	Ghost	2	0	Eggyra
mob	renewal	1117	EVIL_DRUID	80	Undead	Large	Undead	4	0	Evil Druid
mob	renewal	1118	FLORA	59	Plant	Large	Earth	1	0	Flora
mob	renewal	1119	FRILLDORA	57	Brute	Medium	Fire	1	0	Frilldora
mob	renewal	1120	GHOSTRING	90	Demon	Medium	Ghost	4	0	Ghostring
mob	renewal	1121	GIEARTH	42	Demon	Small	Earth	1	0	Giearth
mob	renewal	1122	GOBLIN_1	48	Demihuman	Medium	Wind	1	0	Goblin
mob	renewal	1123	GOBLIN_2	44	Demihuman	Medium	Fire	1	0	Goblin
mob	renewal	1124	GOBLIN_3	44	Demihuman	Medium	Poison	1	0	Goblin
mob	renewal	1125	GOBLIN_4	49	Demihuman	Medium	Earth	1	0	Goblin
mob	renewal	1126	GOBLIN_5	56	Demihuman	Medium	Water	1	0	Goblin
mob	renewal	1127	HODE	63	Brute	Medium	Earth	2	0	Hode
mob	renewal	1128	HORN	32	Insect	Medium	Earth	1	0	Horn
mob	renewal	1129	HORONG	66	Formless	Small	Fire	4	0	Horong
mob	renewal	1130	JAKK	63	Formless	Medium	Fire	2	0	Jakk
mob	renewal	1131	JOKER	90	Demihuman	Large	Wind	4	0	Joker
mob	renewal	1132	KHALITZBURG	118	Undead	Large	Undead	1	0	Khalitzburg
mob	renewal	1133	KOBOLD_1	107	Demihuman	Medium	Wind	2	0	Kobold
mob	renewal	1134	KOBOLD_2	102	Demihuman	Medium	Poison	2	0	Kobold
mob	renewal	1135	KOBOLD_3	101	Demihuman	Medium	Fire	2	0	Kobold
mob	renewal	1136	KOBOLD_4	31	Demihuman	Medium	Poison	2	0	Kobold
mob	renewal	1137	KOBOLD_5	31	Demihuman	Medium	Fire	2	0	Kobold
mob	renewal	1138	MAGNOLIA	53	Demon	Small	Water	1	0	Magnolia
mob	renewal	1139	MANTIS	65	Insect	Medium	Earth	1	0	Mantis
mob	renewal	1140	MARDUK	73	Demihuman	Large	Fire	1	0	Marduk
mob	renewal	1141	MARINA	42	Plant	Small	Water	2	0	Marina
mob	renewal	1142	MARINE_SPHERE	51	Plant	Small	Water	2	0	Marine Sphere
mob	renewal	1143	MARIONETTE	90	Demon	Small	Ghost	3	0	Marionette
mob	renewal	1144	MARSE	47	Fish	Small	Water	2	0	Marse
mob	renewal	1145	MARTIN	39	Brute	Small	Earth	2	0	Martin
mob	renewal	1146	MATYR	58	Brute	Medium	Dark	1	0	Matyr
mob	renewal	1147	MAYA	55	Insect	Large	Earth	4	1	Maya
mob	renewal	1148	MEDUSA	102	Demon	Medium	Neutral	2	0	Medusa
mob	renewal	1149	MINOROUS	58	Brute	Large	Fire	2	0	Minorous
mob	renewal	1150	MOONLIGHT	79	Demon	Medium	Fire	3	1	Moonlight Flower
mob	renewal	1151	MYST	49	Formless	Large	Poison	1	0	Myst
mob	renewal	1152	ORC_SKELETON	53	Undead	Medium	Undead	1	0	Orc Skeleton
mob	renewal	1153	ORC_ZOMBIE	51	Undead	Medium	Undead	1	0	Orc Zombie
mob	renewal	1154	PASANA	79	Demihuman	Medium	Fire	2	0	Pasana
mob	renewal	1155	PETIT	86	Dragon	Medium	Earth	1	0	Petite
mob	renewal	1156	PETIT_	79	Dragon	Medium	Wind	1	0	Petite
mob	renewal	1157	PHARAOH	85	Demihuman	Large	Dark	3	1	Pharaoh
mob	renewal	1158	PHEN	52	Fish	Medium	Water	2	0	Phen
mob	renewal	1159	PHREEONI	71	Brute	Large	Neutral	3	1	Phreeoni
mob	renewal	1160	PIERE	32	Insect	Small	Earth	1	0	Piere
mob	renewal	1161	PLANKTON	40	Plant	Small	Water	3	0	Plankton
mob	renewal	1162	RAFFLESIA	86	Plant	Small	Earth	1	0	Rafflesia
mob	renewal	1163	RAYDRIC	115	Demihuman	Large	Dark	2	0	Raydric
mob	renewal	1164	REQUIEM	71	Demihuman	Medium	Dark	1	0	Requiem
mob	renewal	1165	SAND_MAN	61	Formless	Medium	Earth	3	0	Sandman
mob	renewal	1166	SAVAGE	59	Brute	Large	Earth	2	0	Savage
mob	renewal	1167	SAVAGE_BABE	14	Brute	Small	Earth	1	0	Savage Babe
mob	renewal	1169	SKEL_WORKER	44	Undead	Medium	Undead	1	0	Skeleton Worker
mob	renewal	1170	SOHEE	64	Demon	Medium	Water	1	0	Sohee
mob	renewal	1174	STAINER	21	Insect	Small	Wind	1	0	Stainer
mob	renewal	1175	TAROU	22	Brute	Small	Dark	1	0	Tarou
mob	renewal	1176	VITATA	35	Insect	Small	Earth	1	0	Vitata
mob	renewal	1177	ZENORC	54	Demihuman	Medium	Dark	1	0	Zenorc
mob	renewal	1178	ZEROM	70	Demihuman	Medium	Fire	1	0	Zerom
mob	renewal	1179	WHISPER	46	Demon	Small	Ghost	3	0	Whisper
mob	renewal	1180	NINE_TAIL	72	Brute	Medium	Fire	3	0	Nine Tail
mob	renewal	1182	THIEF_MUSHROOM	1	Plant	Small	Earth	1	0	Thief Mushroom
mob	renewal	1183	CHONCHON_	5	Insect	Small	Wind	1	0	Chonchon
mob	renewal	1184	FABRE_	1	Insect	Small	Earth	1	0	Fabre
mob	renewal	1185	WHISPER_	34	Undead	Small	Ghost	1	0	Whisper
mob	renewal	1186	WHISPER_BOSS	66	Demon	Small	Ghost	2	0	Giant Whisper
mob	renewal	1188	BON_GUN	59	Undead	Medium	Undead	1	0	Bongun
mob	renewal	1189	ORC_ARCHER	78	Demihuman	Medium	Earth	1	0	Orc Archer
mob	renewal	1190	ORC_LORD	55	Demihuman	Large	Earth	4	1	Orc Lord
mob	renewal	1191	MIMIC	56	Formless	Medium	Neutral	3	0	Mimic
mob	renewal	1192	WRAITH	77	Undead	Large	Undead	4	0	Wraith
mob	renewal	1193	ALARM	88	Formless	Medium	Neutral	3	0	Alarm
mob	renewal	1194	ARCLOUSE	107	Insect	Medium	Earth	2	0	Arclouze
mob	renewal	1195	RIDEWORD	74	Formless	Small	Neutral	3	0	Rideword
mob	renewal	1196	SKEL_PRISONER	91	Undead	Medium	Undead	3	0	Skeleton Prisoner
mob	renewal	1197	ZOMBIE_PRISONER	89	Undead	Medium	Undead	3	0	Zombie Prisoner
mob	renewal	1198	DARK_PRIEST	98	Demon	Medium	Undead	4	0	Dark Priest
mob	renewal	1199	PUNK	82	Plant	Small	Wind	1	0	Punk
mob	renewal	1200	ZHERLTHSH	105	Demihuman	Medium	Neutral	3	0	Zealotus
mob	renewal	1201	RYBIO	98	Demon	Large	Neutral	2	0	Rybio
mob	renewal	1202	PHENDARK	102	Demihuman	Large	Neutral	2	0	Phendark
mob	renewal	1203	MYSTELTAINN	130	Formless	Large	Dark	4	0	Mysteltainn
mob	renewal	1204	TIRFING	114	Formless	Medium	Dark	3	0	Ogretooth
mob	renewal	1205	EXECUTIONER	101	Formless	Large	Dark	2	0	Executioner
mob	renewal	1206	ANOLIAN	109	Fish	Medium	Water	2	0	Anolian
mob	renewal	1207	STING	104	Formless	Medium	Earth	3	0	Sting
mob	renewal	1208	WANDER_MAN	120	Demon	Medium	Wind	1	0	Wanderer
mob	renewal	1209	CRAMP	82	Brute	Small	Poison	2	0	Cramp
mob	renewal	1211	BRILIGHT	71	Insect	Small	Fire	1	0	Brilight
mob	renewal	1212	IRON_FIST	47	Insect	Medium	Neutral	3	0	Iron Fist
mob	renewal	1213	HIGH_ORC	81	Demihuman	Large	Fire	2	0	High Orc
mob	renewal	1214	CHOCO	48	Brute	Small	Fire	1	0	Choco
mob	renewal	1215	STEM_WORM	84	Plant	Medium	Wind	1	0	Stem Worm
mob	renewal	1216	PENOMENA	85	Fish	Medium	Poison	1	0	Penomena
mob	renewal	1219	KNIGHT_OF_ABYSS	122	Demihuman	Large	Dark	4	0	Abysmal Knight
mob	renewal	1220	M_DESERT_WOLF	103	Brute	Medium	Fire	1	0	Desert Wolf
mob	renewal	1221	M_SAVAGE	26	Brute	Large	Earth	2	0	Savage
mob	renewal	1229	META_FABRE	2	Insect	Small	Earth	1	0	Fabre
mob	renewal	1230	META_PUPA	2	Insect	Small	Earth	1	0	Pupa
mob	renewal	1231	META_CREAMY	16	Insect	Small	Wind	1	0	Creamy
mob	renewal	1232	META_PECOPECO_EGG	3	Formless	Small	Neutral	3	0	Peco Peco Egg
mob	renewal	1234	PROVOKE_YOYO	19	Brute	Small	Earth	1	0	Yoyo
mob	renewal	1235	SMOKING_ORC	24	Demihuman	Medium	Earth	1	0	Smoking Orc
mob	renewal	1236	META_ANT_EGG	4	Formless	Small	Neutral	3	0	Ant Egg
mob	renewal	1237	META_ANDRE	17	Insect	Small	Earth	1	0	Andre
mob	renewal	1238	META_PIERE	18	Insect	Small	Earth	1	0	Piere
mob	renewal	1239	META_DENIRO	19	Insect	Small	Earth	1	0	Deniro
mob	renewal	1240	META_PICKY	3	Brute	Small	Fire	1	0	Picky
mob	renewal	1241	META_PICKY_	4	Brute	Small	Fire	1	0	Picky
mob	renewal	1242	MARIN	37	Plant	Medium	Water	2	0	Marin
mob	renewal	1243	SASQUATCH	72	Brute	Large	Neutral	3	0	Sasquatch
mob	renewal	1244	JAKK_XMAS	63	Formless	Medium	Fire	2	0	Christmas Jakk
mob	renewal	1245	GOBLINE_XMAS	25	Demihuman	Medium	Wind	1	0	Christmas Goblin
mob	renewal	1246	COOKIE_XMAS	37	Demihuman	Small	Holy	2	0	Christmas Cookie
mob	renewal	1247	ANTONIO	10	Demihuman	Medium	Holy	3	0	Antonio
mob	renewal	1248	CRUISER	41	Formless	Medium	Neutral	3	0	Cruiser
mob	renewal	1249	MYSTCASE	39	Formless	Medium	Neutral	3	0	Myst Case
mob	renewal	1250	CHEPET	42	Demihuman	Medium	Fire	1	0	Chepet
mob	renewal	1251	KNIGHT_OF_WINDSTORM	92	Formless	Large	Wind	4	1	Stormy Knight
mob	renewal	1252	GARM	98	Brute	Large	Water	4	1	Hatii
mob	renewal	1253	GARGOYLE	100	Demon	Medium	Wind	3	0	Gargoyle
mob	renewal	1254	RAGGLER	48	Brute	Small	Wind	1	0	Raggler
mob	renewal	1255	NERAID	98	Brute	Small	Earth	1	0	Nereid
mob	renewal	1256	PEST	89	Brute	Small	Dark	2	0	Pest
mob	renewal	1257	INJUSTICE	95	Undead	Medium	Dark	2	0	Injustice
mob	renewal	1258	GOBLIN_ARCHER	55	Demihuman	Small	Poison	1	0	Goblin Archer
mob	renewal	1259	GRYPHON	105	Brute	Large	Wind	4	0	Gryphon
mob	renewal	1260	DARK_FRAME	76	Demon	Medium	Dark	3	0	Dark Frame
mob	renewal	1261	WILD_ROSE	70	Brute	Small	Wind	1	0	Wild Rose
mob	renewal	1262	MUTANT_DRAGON	65	Dragon	Large	Fire	2	0	Mutant Dragonoid
mob	renewal	1263	WIND_GHOST	80	Demon	Medium	Wind	3	0	Wind Ghost
mob	renewal	1264	MERMAN	60	Demihuman	Medium	Water	3	0	Merman
mob	renewal	1265	COOKIE	35	Demihuman	Small	Neutral	3	0	Cookie
mob	renewal	1266	ASTER	50	Fish	Small	Earth	1	0	Aster
mob	renewal	1267	CARAT	103	Demon	Medium	Wind	2	0	Carat
mob	renewal	1268	BLOODY_KNIGHT	116	Formless	Large	Dark	4	0	Bloody Knight
mob	renewal	1269	CLOCK	81	Formless	Medium	Earth	2	0	Clock
mob	renewal	1270	C_TOWER_MANAGER	90	Formless	Large	Neutral	4	0	Clock Tower Manager
mob	renewal	1271	ALLIGATOR	57	Brute	Medium	Water	1	0	Alligator
mob	renewal	1272	DARK_LORD	96	Demon	Large	Undead	4	1	Dark Lord
mob	renewal	1273	ORC_LADY	45	Demihuman	Medium	Earth	2	0	Orc Lady
mob	renewal	1274	MEGALITH	65	Formless	Large	Neutral	4	0	Megalith
mob	renewal	1275	ALICE	100	Demihuman	Medium	Neutral	3	0	Alice
mob	renewal	1276	RAYDRIC_ARCHER	82	Demon	Medium	Dark	2	0	Raydric Archer
mob	renewal	1277	GREATEST_GENERAL	55	Formless	Medium	Fire	2	0	Greatest General
mob	renewal	1278	STALACTIC_GOLEM	68	Formless	Large	Neutral	4	0	Stalactic Golem
mob	renewal	1279	TRI_JOINT	66	Insect	Small	Earth	1	0	Tri Joint
mob	renewal	1280	STEAM_GOBLIN	66	Demihuman	Medium	Wind	2	0	Goblin Steamrider
mob	renewal	1281	SAGEWORM	70	Brute	Small	Neutral	3	0	Sage Worm
mob	renewal	1282	KOBOLD_ARCHER	108	Demihuman	Small	Fire	1	0	Kobold Archer
mob	renewal	1283	CHIMERA	70	Brute	Large	Fire	3	0	Chimera
mob	renewal	1285	ARCHER_GUARDIAN	74	Demihuman	Large	Neutral	4	0	Archer Guardian
mob	renewal	1286	KNIGHT_GUARDIAN	86	Demihuman	Large	Neutral	4	0	Knight Guardian
mob	renewal	1287	SOLDIER_GUARDIAN	56	Demihuman	Large	Neutral	1	0	Soldier Guardian
mob	renewal	1288	EMPELIUM	90	Angel	Small	Holy	1	0	Emperium
mob	renewal	1289	MAYA_PUPLE	81	Insect	Large	Earth	4	0	Maya Purple
mob	renewal	1290	SKELETON_GENERAL	139	Undead	Medium	Undead	1	0	Skeleton General
mob	renewal	1291	WRAITH_DEAD	121	Undead	Large	Undead	4	0	Wraith Dead
mob	renewal	1292	MINI_DEMON	117	Demon	Small	Dark	1	0	Mini Demon
mob	renewal	1293	CREMY_FEAR	117	Insect	Small	Wind	1	0	Creamy Fear
mob	renewal	1294	KILLER_MANTIS	141	Insect	Medium	Earth	1	0	Killer Mantis
mob	renewal	1295	OWL_BARON	120	Demon	Large	Neutral	3	0	Owl Baron
mob	renewal	1296	KOBOLD_LEADER	112	Demihuman	Medium	Wind	2	0	Kobold Leader
mob	renewal	1297	ANCIENT_MUMMY	114	Undead	Medium	Undead	2	0	Ancient Mummy
mob	renewal	1298	ZOMBIE_MASTER	119	Undead	Medium	Undead	1	0	Zombie Master
mob	renewal	1299	GOBLIN_LEADER	55	Demihuman	Medium	Wind	1	0	Goblin Leader
mob	renewal	1300	CATERPILLAR	121	Insect	Small	Earth	1	0	Caterpillar
mob	renewal	1301	AM_MUT	141	Demon	Small	Dark	1	0	Am Mut
mob	renewal	1302	DARK_ILLUSION	96	Demon	Large	Undead	4	0	Dark Illusion
mob	renewal	1303	GIANT_HONET	120	Insect	Small	Wind	1	0	Giant Hornet
mob	renewal	1304	GIANT_SPIDER	117	Insect	Large	Poison	1	0	Giant Spider
mob	renewal	1305	ANCIENT_WORM	121	Insect	Large	Poison	1	0	Ancient Worm
mob	renewal	1306	LEIB_OLMAI	118	Brute	Large	Earth	1	0	Leib Olmai
mob	renewal	1307	CAT_O_NINE_TAIL	79	Demon	Medium	Fire	3	0	Cat o' Nine Tails
mob	renewal	1308	PANZER_GOBLIN	52	Demihuman	Medium	Wind	2	0	Panzer Goblin
mob	renewal	1309	GAJOMART	140	Formless	Small	Fire	4	0	Gajomart
mob	renewal	1310	MAJORUROS	107	Brute	Large	Fire	2	0	Majoruros
mob	renewal	1311	GULLINBURSTI	120	Brute	Large	Earth	2	0	Gullinbursti
mob	renewal	1312	TURTLE_GENERAL	110	Brute	Large	Earth	2	1	Turtle General
mob	renewal	1313	MOBSTER	58	Demihuman	Medium	Neutral	1	0	Mobster
mob	renewal	1314	PERMETER	90	Brute	Medium	Neutral	2	0	Permeter
mob	renewal	1315	ASSULTER	100	Demihuman	Medium	Wind	2	0	Assaulter
mob	renewal	1316	SOLIDER	92	Brute	Medium	Earth	2	0	Solider
mob	renewal	1317	FUR_SEAL	47	Brute	Medium	Water	1	0	Seal
mob	renewal	1318	HEATER	98	Brute	Medium	Fire	2	0	Heater
mob	renewal	1319	FREEZER	94	Brute	Medium	Water	2	0	Freezer
mob	renewal	1320	OWL_DUKE	92	Demon	Large	Neutral	3	0	Owl Duke
mob	renewal	1321	DRAGON_TAIL	86	Insect	Medium	Wind	2	0	Dragon Tail
mob	renewal	1322	SPRING_RABBIT	88	Brute	Medium	Earth	2	0	Spring Rabbit
mob	renewal	1323	SEE_OTTER	48	Brute	Medium	Water	3	0	Sea Otter
mob	renewal	1324	TREASURE_BOX1	99	Formless	Small	Neutral	1	0	Treasure Chest
mob	renewal	1325	TREASURE_BOX2	99	Formless	Small	Neutral	1	0	Treasure Chest
mob	renewal	1326	TREASURE_BOX3	99	Formless	Small	Neutral	1	0	Treasure Chest
mob	renewal	1327	TREASURE_BOX4	99	Formless	Small	Neutral	1	0	Treasure Chest
mob	renewal	1328	TREASURE_BOX5	99	Formless	Small	Neutral	1	0	Treasure Chest
mob	renewal	1329	TREASURE_BOX6	99	Formless	Small	Neutral	1	0	Treasure Chest
mob	renewal	1330	TREASURE_BOX7	99	Formless	Small	Neutral	1	0	Treasure Chest
mob	renewal	1331	TREASURE_BOX8	99	Formless	Small	Neutral	1	0	Treasure Chest
mob	renewal	1332	TREASURE_BOX9	99	Formless	Small	Neutral	1	0	Treasure Chest
mob	renewal	1333	TREASURE_BOX10	99	Formless	Small	Neutral	1	0	Treasure Chest
mob	renewal	1334	TREASURE_BOX11	99	Formless	Small	Neutral	1	0	Treasure Chest
mob	renewal	1335	TREASURE_BOX12	99	Formless	Small	Neutral	1	0	Treasure Chest
mob	renewal	1336	TREASURE_BOX13	99	Formless	Small	Neutral	1	0	Treasure Chest
mob	renewal	1337	TREASURE_BOX14	99	Formless	Small	Neutral	1	0	Treasure Chest
mob	renewal	1338	TREASURE_BOX15	99	Formless	Small	Neutral	1	0	Treasure Chest
mob	renewal	1339	TREASURE_BOX16	99	Formless	Small	Neutral	1	0	Treasure Chest
mob	renewal	1340	TREASURE_BOX17	99	Formless	Small	Neutral	1	0	Treasure Chest
mob	renewal	1341	TREASURE_BOX18	99	Formless	Small	Neutral	1	0	Treasure Chest
mob	renewal	1342	TREASURE_BOX19	99	Formless	Small	Neutral	1	0	Treasure Chest
mob	renewal	1343	TREASURE_BOX20	99	Formless	Small	Neutral	1	0	Treasure Chest
mob	renewal	1344	TREASURE_BOX21	99	Formless	Small	Neutral	1	0	Treasure Chest
mob	renewal	1345	TREASURE_BOX22	99	Formless	Small	Neutral	1	0	Treasure Chest
mob	renewal	1346	TREASURE_BOX23	99	Formless	Small	Neutral	1	0	Treasure Chest
mob	renewal	1347	TREASURE_BOX24	99	Formless	Small	Neutral	1	0	Treasure Chest
mob	renewal	1348	TREASURE_BOX25	99	Formless	Small	Neutral	1	0	Treasure Chest
mob	renewal	1349	TREASURE_BOX26	99	Formless	Small	Neutral	1	0	Treasure Chest
mob	renewal	1350	TREASURE_BOX27	99	Formless	Small	Neutral	1	0	Treasure Chest
mob	renewal	1351	TREASURE_BOX28	99	Formless	Small	Neutral	1	0	Treasure Chest
mob	renewal	1352	TREASURE_BOX29	99	Formless	Small	Neutral	1	0	Treasure Chest
mob	renewal	1353	TREASURE_BOX30	99	Formless	Small	Neutral	1	0	Treasure Chest
mob	renewal	1354	TREASURE_BOX31	99	Formless	Small	Neutral	1	0	Treasure Chest
mob	renewal	1355	TREASURE_BOX32	99	Formless	Small	Neutral	1	0	Treasure Chest
mob	renewal	1356	TREASURE_BOX33	99	Formless	Small	Neutral	1	0	Treasure Chest
mob	renewal	1357	TREASURE_BOX34	99	Formless	Small	Neutral	1	0	Treasure Chest
mob	renewal	1358	TREASURE_BOX35	99	Formless	Small	Neutral	1	0	Treasure Chest
mob	renewal	1359	TREASURE_BOX36	99	Formless	Small	Neutral	1	0	Treasure Chest
mob	renewal	1360	TREASURE_BOX37	99	Formless	Small	Neutral	1	0	Treasure Chest
mob	renewal	1361	TREASURE_BOX38	99	Formless	Small	Neutral	1	0	Treasure Chest
mob	renewal	1362	TREASURE_BOX39	99	Formless	Small	Neutral	1	0	Treasure Chest
mob	renewal	1363	TREASURE_BOX40	99	Formless	Small	Neutral	1	0	Treasure Chest
mob	renewal	1364	G_ASSULTER	98	Demon	Medium	Wind	2	0	Assaulter
mob	renewal	1365	APOCALIPS	121	Formless	Large	Neutral	3	0	Apocalypse
mob	renewal	1366	LAVA_GOLEM	103	Formless	Large	Fire	4	0	Lava Golem
mob	renewal	1367	BLAZZER	101	Demon	Medium	Fire	2	0	Blazer
mob	renewal	1368	GEOGRAPHER	73	Plant	Medium	Earth	3	0	Geographer
mob	renewal	1369	GRAND_PECO	75	Brute	Large	Fire	2	0	Grand Peco
mob	renewal	1370	SUCCUBUS	119	Demon	Medium	Dark	3	0	Succubus
mob	renewal	1371	FAKE_ANGEL	105	Angel	Small	Holy	3	0	False Angel
mob	renewal	1372	GOAT	80	Brute	Medium	Fire	3	0	Goat
mob	renewal	1373	LORD_OF_DEATH	94	Demon	Large	Dark	3	1	Lord of the Dead
mob	renewal	1374	INCUBUS	120	Demon	Medium	Dark	3	0	Incubus
mob	renewal	1375	THE_PAPER	97	Formless	Medium	Neutral	3	0	The Paper
mob	renewal	1376	HARPY	83	Demon	Medium	Wind	3	0	Harpy
mob	renewal	1377	ELDER	92	Demihuman	Large	Neutral	4	0	Elder
mob	renewal	1378	DEMON_PUNGUS	91	Demon	Small	Poison	3	0	Demon Pungus
mob	renewal	1379	NIGHTMARE_TERROR	107	Demon	Large	Dark	3	0	Nightmare Terror
mob	renewal	1380	DRILLER	65	Brute	Medium	Earth	1	0	Driller
mob	renewal	1381	GRIZZLY	66	Brute	Large	Fire	3	0	Grizzly
mob	renewal	1382	DIABOLIC	104	Demon	Small	Dark	2	0	Diabolic
mob	renewal	1383	EXPLOSION	100	Brute	Small	Fire	3	0	Explosion
mob	renewal	1384	DELETER	105	Dragon	Medium	Fire	2	0	Deleter
mob	renewal	1385	DELETER_	105	Dragon	Medium	Fire	2	0	Deleter
mob	renewal	1386	SLEEPER	81	Formless	Medium	Earth	2	0	Sleeper
mob	renewal	1387	GIG	100	Brute	Small	Fire	2	0	Gig
mob	renewal	1388	ARCHANGELING	84	Angel	Medium	Holy	3	0	Arc Angeling
mob	renewal	1389	DRACULA	75	Demon	Large	Dark	4	1	Dracula
mob	renewal	1390	VIOLY	118	Demihuman	Medium	Neutral	2	0	Violy
mob	renewal	1391	GALAPAGO	45	Brute	Small	Earth	1	0	Galapago
mob	renewal	1392	ROTAR_ZAIRO	48	Formless	Large	Wind	2	0	Rotar Zairo
mob	renewal	1393	G_MUMMY	55	Undead	Medium	Undead	2	0	Mummy
mob	renewal	1394	G_ZOMBIE	17	Undead	Medium	Undead	1	0	Zombie
mob	renewal	1395	CRYSTAL_1	1	Formless	Small	Neutral	1	0	Wind Crystal
mob	renewal	1396	CRYSTAL_2	1	Formless	Small	Neutral	1	0	Earth Crystal
mob	renewal	1397	CRYSTAL_3	1	Formless	Small	Neutral	1	0	Fire Crystal
mob	renewal	1398	CRYSTAL_4	1	Formless	Small	Neutral	1	0	Water Crystal
mob	renewal	1399	EVENT_BAPHO	68	Demon	Large	Dark	3	1	Baphomet
mob	renewal	1400	KARAKASA	72	Formless	Medium	Neutral	3	0	Karakasa
mob	renewal	1401	SHINOBI	95	Demihuman	Medium	Dark	3	0	Shinobi
mob	renewal	1402	POISON_TOAD	87	Brute	Medium	Poison	2	0	Poisonous Toad
mob	renewal	1403	ANTIQUE_FIRELOCK	88	Undead	Medium	Undead	2	0	Firelock Soldier
mob	renewal	1404	MIYABI_NINGYO	85	Demon	Medium	Dark	1	0	Miyabi Doll
mob	renewal	1405	TENGU	98	Demon	Large	Earth	2	0	Tengu
mob	renewal	1406	KAPHA	83	Fish	Medium	Water	1	0	Kapha
mob	renewal	1408	BLOOD_BUTTERFLY	94	Insect	Medium	Wind	2	0	Bloody Butterfly
mob	renewal	1409	RICE_CAKE_BOY	60	Demihuman	Small	Neutral	1	0	Dumpling Child
mob	renewal	1410	LIVE_PEACH_TREE	92	Plant	Medium	Earth	2	0	Enchanted Peach Tree
mob	renewal	1412	EVIL_CLOUD_HERMIT	96	Formless	Large	Neutral	2	0	Taoist Hermit
mob	renewal	1413	WILD_GINSENG	90	Plant	Small	Fire	2	0	Hermit Plant
mob	renewal	1415	BABY_LEOPARD	68	Brute	Small	Ghost	1	0	Baby Leopard
mob	renewal	1416	WICKED_NYMPH	97	Demon	Medium	Dark	3	0	Evil Nymph
mob	renewal	1417	ZIPPER_BEAR	90	Brute	Medium	Dark	1	0	Zipper Bear
mob	renewal	1418	DARK_SNAKE_LORD	105	Brute	Large	Ghost	3	1	Evil Snake Lord
mob	renewal	1419	G_FARMILIAR	24	Brute	Small	Dark	1	0	Familiar
mob	renewal	1420	G_ARCHER_SKELETON	50	Undead	Medium	Undead	1	0	Archer Skeleton
mob	renewal	1421	G_ISIS	59	Demon	Large	Dark	1	0	Isis
mob	renewal	1422	G_HUNTER_FLY	63	Insect	Small	Wind	2	0	Hunter Fly
mob	renewal	1423	G_GHOUL	61	Undead	Medium	Undead	2	0	Ghoul
mob	renewal	1424	G_SIDE_WINDER	70	Brute	Medium	Poison	1	0	Side Winder
mob	renewal	1425	G_OBEAUNE	53	Fish	Medium	Water	2	0	Obeaune
mob	renewal	1426	G_MARC	56	Fish	Medium	Water	2	0	Marc
mob	renewal	1427	G_NIGHTMARE	69	Demon	Large	Ghost	3	0	Nightmare
mob	renewal	1428	G_POISON_SPORE	26	Plant	Medium	Poison	1	0	Poison Spore
mob	renewal	1429	G_ARGIOPE	75	Insect	Large	Poison	1	0	Argiope
mob	renewal	1430	G_ARGOS	47	Insect	Large	Poison	1	0	Argos
mob	renewal	1431	G_BAPHOMET_	57	Demon	Small	Dark	1	0	Baphomet Jr.
mob	renewal	1432	G_DESERT_WOLF	103	Brute	Medium	Fire	1	0	Desert Wolf
mob	renewal	1433	G_DEVIRUCHI	64	Demon	Small	Dark	1	0	Deviruchi
mob	renewal	1434	G_DRAINLIAR	47	Brute	Small	Dark	2	0	Drainliar
mob	renewal	1435	G_EVIL_DRUID	80	Undead	Large	Undead	4	0	Evil Druid
mob	renewal	1436	G_JAKK	63	Formless	Medium	Fire	2	0	Jakk
mob	renewal	1437	G_JOKER	90	Demihuman	Large	Wind	4	0	Joker
mob	renewal	1438	G_KHALITZBURG	118	Undead	Large	Undead	1	0	Khalitzburg
mob	renewal	1439	G_HIGH_ORC	81	Demihuman	Large	Fire	2	0	High Orc
mob	renewal	1440	G_STEM_WORM	84	Plant	Medium	Wind	1	0	Stem Worm
mob	renewal	1441	G_PENOMENA	85	Fish	Medium	Poison	1	0	Penomena
mob	renewal	1442	G_SASQUATCH	72	Brute	Large	Neutral	3	0	Sasquatch
mob	renewal	1443	G_CRUISER	41	Formless	Medium	Neutral	3	0	Cruiser
mob	renewal	1444	G_CHEPET	42	Demihuman	Medium	Fire	1	0	Chepet
mob	renewal	1445	G_RAGGLER	48	Brute	Small	Wind	1	0	Raggler
mob	renewal	1446	G_INJUSTICE	95	Undead	Medium	Dark	2	0	Injustice
mob	renewal	1447	G_GRYPHON	105	Brute	Large	Wind	4	0	Gryphon
mob	renewal	1448	G_DARK_FRAME	76	Demon	Medium	Dark	3	0	Dark Frame
mob	renewal	1449	G_MUTANT_DRAGON	65	Dragon	Large	Fire	2	0	Mutant Dragonoid
mob	renewal	1450	G_WIND_GHOST	80	Demon	Medium	Wind	3	0	Wind Ghost
mob	renewal	1451	G_MERMAN	60	Demihuman	Medium	Water	2	0	Merman
mob	renewal	1452	G_ORC_LADY	45	Demihuman	Medium	Earth	2	0	Orc Lady
mob	renewal	1453	G_RAYDRIC_ARCHER	82	Demon	Medium	Dark	2	0	Raydric Archer
mob	renewal	1454	G_TRI_JOINT	66	Insect	Small	Earth	1	0	Tri Joint
mob	renewal	1455	G_KOBOLD_ARCHER	108	Demihuman	Small	Fire	1	0	Kobold Archer
mob	renewal	1456	G_CHIMERA	70	Brute	Large	Fire	3	0	Chimera
mob	renewal	1457	G_MANTIS	65	Insect	Medium	Earth	1	0	Mantis
mob	renewal	1458	G_MARDUK	73	Demihuman	Large	Fire	1	0	Marduk
mob	renewal	1459	G_MARIONETTE	62	Demon	Small	Ghost	3	0	Marionette
mob	renewal	1460	G_MATYR	58	Brute	Medium	Dark	1	0	Matyr
mob	renewal	1461	G_MINOROUS	58	Brute	Large	Fire	2	0	Minorous
mob	renewal	1462	G_ORC_SKELETON	53	Undead	Medium	Undead	1	0	Orc Skeleton
mob	renewal	1463	G_ORC_ZOMBIE	51	Undead	Medium	Undead	1	0	Orc Zombie
mob	renewal	1464	G_PASANA	79	Demihuman	Medium	Fire	2	0	Pasana
mob	renewal	1465	G_PETIT	86	Dragon	Medium	Earth	1	0	Petite
mob	renewal	1466	G_PETIT_	79	Dragon	Medium	Wind	1	0	Petite
mob	renewal	1467	G_RAYDRIC	115	Demihuman	Large	Dark	2	0	Raydric
mob	renewal	1468	G_REQUIEM	71	Demihuman	Medium	Dark	1	0	Requiem
mob	renewal	1469	G_SKEL_WORKER	44	Undead	Medium	Undead	1	0	Skeleton Worker
mob	renewal	1470	G_ZEROM	70	Demihuman	Medium	Fire	1	0	Zerom
mob	renewal	1471	G_NINE_TAIL	72	Brute	Medium	Fire	3	0	Nine Tail
mob	renewal	1472	G_BON_GUN	59	Undead	Medium	Undead	1	0	Bongun
mob	renewal	1473	G_ORC_ARCHER	78	Demihuman	Medium	Earth	1	0	Orc Archer
mob	renewal	1474	G_MIMIC	56	Formless	Medium	Neutral	3	0	Mimic
mob	renewal	1475	G_WRAITH	77	Undead	Large	Undead	4	0	Wraith
mob	renewal	1476	G_ALARM	88	Formless	Medium	Neutral	3	0	Alarm
mob	renewal	1477	G_ARCLOUSE	77	Insect	Medium	Earth	2	0	Arclouze
mob	renewal	1478	G_RIDEWORD	74	Formless	Small	Neutral	3	0	Rideword
mob	renewal	1479	G_SKEL_PRISONER	91	Undead	Medium	Undead	3	0	Skeleton Prisoner
mob	renewal	1480	G_ZOMBIE_PRISONER	89	Undead	Medium	Undead	3	0	Zombie Prisoner
mob	renewal	1481	G_PUNK	82	Plant	Small	Wind	1	0	Punk
mob	renewal	1482	G_ZHERLTHSH	105	Demihuman	Medium	Neutral	3	0	Zealotus
mob	renewal	1483	G_RYBIO	98	Demon	Large	Neutral	2	0	Rybio
mob	renewal	1484	G_PHENDARK	102	Demihuman	Large	Neutral	2	0	Phendark
mob	renewal	1485	G_MYSTELTAINN	130	Formless	Large	Dark	4	0	Mysteltainn
mob	renewal	1486	G_TIRFING	114	Formless	Medium	Dark	3	0	Ogretooth
mob	renewal	1487	G_EXECUTIONER	101	Formless	Large	Dark	2	0	Executioner
mob	renewal	1488	G_ANOLIAN	109	Fish	Medium	Water	2	0	Anolian
mob	renewal	1489	G_STING	104	Formless	Medium	Earth	3	0	Sting
mob	renewal	1490	G_WANDER_MAN	120	Demon	Medium	Wind	1	0	Wanderer
mob	renewal	1491	G_DOKEBI	68	Demon	Small	Dark	1	0	Dokebi
mob	renewal	1492	INCANTATION_SAMURAI	100	Demihuman	Large	Dark	3	1	Samurai Specter
mob	renewal	1493	DRYAD	68	Plant	Medium	Earth	4	0	Dryad
mob	renewal	1494	KIND_OF_BEETLE	55	Insect	Small	Earth	1	0	Beetle King
mob	renewal	1495	STONE_SHOOTER	64	Plant	Medium	Fire	3	0	Stone Shooter
mob	renewal	1497	WOODEN_GOLEM	72	Plant	Large	Earth	4	0	Wooden Golem
mob	renewal	1498	WOOTAN_SHOOTER	67	Demihuman	Medium	Earth	2	0	Wootan Shooter
mob	renewal	1499	WOOTAN_FIGHTER	67	Demihuman	Medium	Fire	2	0	Wootan Fighter
mob	renewal	1500	PARASITE	76	Plant	Medium	Wind	2	0	Parasite
mob	renewal	1502	PORING_V	99	Plant	Medium	Poison	1	1	Bring it on!
mob	renewal	1503	GIBBET	105	Demon	Large	Dark	1	0	Gibbet
mob	renewal	1504	DULLAHAN	108	Undead	Medium	Undead	2	0	Dullahan
mob	renewal	1505	LOLI_RURI	109	Demon	Large	Dark	4	0	Loli Ruri
mob	renewal	1506	DISGUISE	103	Demon	Medium	Earth	4	0	Disguise
mob	renewal	1507	BLOODY_MURDERER	110	Demihuman	Large	Dark	3	0	Bloody Murderer
mob	renewal	1508	QUVE	100	Undead	Small	Undead	1	0	Quve
mob	renewal	1509	LUDE	101	Undead	Small	Undead	1	0	Lude
mob	renewal	1510	HYLOZOIST	102	Demon	Small	Dark	2	0	Heirozoist
mob	renewal	1511	AMON_RA	69	Demihuman	Large	Earth	3	1	Amon Ra
mob	renewal	1512	HYEGUN	87	Undead	Medium	Undead	2	0	Yao Jun
mob	renewal	1513	CIVIL_SERVANT	89	Brute	Medium	Wind	2	0	Mao Guai
mob	renewal	1514	DANCING_DRAGON	82	Dragon	Medium	Wind	2	0	Zhu Po Long
mob	renewal	1515	GARM_BABY	94	Brute	Medium	Water	2	0	Baby Hatii
mob	renewal	1516	INCREASE_SOIL	83	Formless	Medium	Earth	3	0	Mi Gao
mob	renewal	1517	LI_ME_MANG_RYANG	80	Demon	Medium	Earth	3	0	Jing Guai
mob	renewal	1518	BACSOJIN	97	Demihuman	Large	Wind	3	1	White Lady
mob	renewal	1519	CHUNG_E	49	Demihuman	Medium	Neutral	2	0	Green Maiden
mob	renewal	1520	BOILED_RICE	15	Plant	Medium	Water	1	0	Boiled Rice
mob	renewal	1521	G_ALICE	100	Demihuman	Medium	Neutral	3	0	Alice
mob	renewal	1522	G_ANCIENT_MUMMY	115	Undead	Medium	Undead	2	0	Ancient Mummy
mob	renewal	1523	G_ANTIQUE_FIRELOCK	88	Undead	Medium	Undead	2	0	Firelock Soldier
mob	renewal	1524	G_BABY_LEOPARD	68	Brute	Small	Ghost	1	0	Baby Leopard
mob	renewal	1525	G_BATHORY	86	Demihuman	Medium	Dark	1	0	Bathory
mob	renewal	1526	G_BLOOD_BUTTERFLY	94	Insect	Medium	Wind	2	0	Bloody Butterfly
mob	renewal	1527	G_C_TOWER_MANAGER	90	Formless	Large	Neutral	4	0	Clock Tower Manager
mob	renewal	1528	G_CLOCK	81	Formless	Medium	Earth	2	0	Clock
mob	renewal	1529	G_DARK_SNAKE_LORD	105	Brute	Large	Ghost	3	0	Evil Snake Lord
mob	renewal	1530	G_DRACULA	75	Demon	Large	Dark	4	0	Dracula
mob	renewal	1531	G_EVIL_CLOUD_HERMIT	96	Formless	Large	Neutral	2	0	Taoist Hermit
mob	renewal	1532	G_EXPLOSION	100	Brute	Small	Fire	3	0	Explosion
mob	renewal	1533	G_FUR_SEAL	47	Brute	Medium	Water	1	0	Seal
mob	renewal	1534	G_GOBLIN_1	48	Demihuman	Medium	Wind	1	0	Goblin
mob	renewal	1535	G_GOBLIN_2	44	Demihuman	Medium	Fire	1	0	Goblin
mob	renewal	1536	G_GOBLIN_3	44	Demihuman	Medium	Poison	1	0	Goblin
mob	renewal	1537	G_GOBLIN_4	49	Demihuman	Medium	Earth	1	0	Goblin
mob	renewal	1538	G_GOBLIN_5	56	Demihuman	Medium	Water	1	0	Goblin
mob	renewal	1539	G_GOBLIN_LEADER	55	Demihuman	Medium	Wind	1	0	Goblin Leader
mob	renewal	1540	G_GOLEM	61	Formless	Large	Neutral	3	0	Golem
mob	renewal	1541	G_GREATEST_GENERAL	55	Formless	Medium	Fire	2	0	Greatest General
mob	renewal	1542	G_INCANTATION_SAMURA	100	Demihuman	Large	Dark	3	0	Incantation Samurai
mob	renewal	1543	G_KAPHA	83	Fish	Medium	Water	1	0	Kapha
mob	renewal	1544	G_KARAKASA	72	Formless	Medium	Neutral	3	0	Karakasa
mob	renewal	1545	G_KOBOLD_1	107	Demihuman	Medium	Wind	2	0	Kobold
mob	renewal	1546	G_KOBOLD_2	102	Demihuman	Medium	Poison	2	0	Kobold
mob	renewal	1547	G_KOBOLD_3	101	Demihuman	Medium	Fire	2	0	Kobold
mob	renewal	1548	G_KOBOLD_LEADER	112	Demihuman	Medium	Wind	2	0	Kobold Leader
mob	renewal	1549	G_LAVA_GOLEM	103	Formless	Large	Fire	4	0	Lava Golem
mob	renewal	1550	G_LIVE_PEACH_TREE	92	Plant	Medium	Earth	2	0	Enchanted Peach Tree
mob	renewal	1551	G_MARSE	47	Fish	Small	Water	2	0	Marse
mob	renewal	1552	G_MIYABI_NINGYO	85	Demon	Medium	Dark	1	0	Miyabi Doll
mob	renewal	1553	G_MYST	49	Formless	Large	Poison	1	0	Myst
mob	renewal	1554	G_NIGHTMARE_TERROR	107	Demon	Large	Dark	3	0	Nightmare Terror
mob	renewal	1555	G_PARASITE	76	Plant	Medium	Wind	2	0	Parasite
mob	renewal	1556	G_POISON_TOAD	87	Brute	Medium	Poison	2	0	Poisonous Toad
mob	renewal	1557	G_ROTAR_ZAIRO	48	Formless	Large	Wind	2	0	Rotar Zairo
mob	renewal	1558	G_SAND_MAN	61	Formless	Medium	Earth	3	0	Sandman
mob	renewal	1559	G_SCORPION	16	Insect	Small	Fire	1	0	Scorpion
mob	renewal	1560	G_SHINOBI	95	Demihuman	Medium	Dark	3	0	Shinobi
mob	renewal	1561	G_SMOKIE	29	Brute	Small	Earth	1	0	Smokie
mob	renewal	1562	G_SOLDIER_SKELETON	34	Undead	Medium	Undead	1	0	Soldier Skeleton
mob	renewal	1563	G_TENGU	98	Demon	Large	Earth	2	0	Tengu
mob	renewal	1564	G_WICKED_NYMPH	97	Demon	Medium	Dark	3	0	Evil Nymph
mob	renewal	1565	G_WILD_GINSENG	90	Plant	Small	Fire	2	0	Hermit Plant
mob	renewal	1566	G_WRAITH_DEAD	86	Undead	Large	Undead	4	0	Wraith Dead
mob	renewal	1567	G_ANCIENT_WORM	83	Insect	Large	Poison	1	0	Ancient Worm
mob	renewal	1568	G_ANGELING	77	Angel	Medium	Holy	4	0	Angeling
mob	renewal	1569	G_BLOODY_KNIGHT	116	Formless	Large	Dark	4	0	Bloody Knight
mob	renewal	1570	G_CRAMP	82	Brute	Small	Poison	2	0	Cramp
mob	renewal	1571	G_DEVIACE	60	Fish	Medium	Water	4	0	Deviace
mob	renewal	1572	G_DROPS	2	Plant	Medium	Fire	1	0	Drops
mob	renewal	1573	G_ELDER	92	Demihuman	Large	Neutral	4	0	Elder
mob	renewal	1574	G_ELDER_WILOW	34	Plant	Medium	Fire	2	0	Elder Willow
mob	renewal	1575	G_FLORA	59	Plant	Large	Earth	1	0	Flora
mob	renewal	1576	G_GHOSTRING	90	Demon	Medium	Ghost	4	0	Ghostring
mob	renewal	1577	G_GOBLIN_ARCHER	55	Demihuman	Small	Poison	1	0	Goblin Archer
mob	renewal	1578	G_HORONG	66	Formless	Small	Fire	4	0	Horong
mob	renewal	1579	G_HYDRA	34	Plant	Small	Water	2	0	Hydra
mob	renewal	1580	G_INCUBUS	120	Demon	Medium	Dark	3	0	Incubus
mob	renewal	1581	G_VOCAL	18	Insect	Medium	Earth	1	0	Vocal
mob	renewal	1582	DEVILING	66	Demon	Medium	Dark	4	0	Deviling
mob	renewal	1583	TAO_GUNKA	110	Demon	Large	Neutral	3	1	Tao Gunka
mob	renewal	1584	TAMRUAN	73	Demon	Large	Dark	3	0	Tamruan
mob	renewal	1585	MIME_MONKEY	1	Plant	Medium	Water	1	0	Mime Monkey
mob	renewal	1586	LEAF_CAT	64	Brute	Small	Earth	1	0	Leaf Cat
mob	renewal	1587	KRABEN	70	Formless	Medium	Ghost	2	0	Kraben
mob	renewal	1588	ORC_XMAS	24	Demihuman	Medium	Earth	1	0	Christmas Orc
mob	renewal	1589	G_MANDRAGORA	13	Plant	Medium	Earth	3	0	Mandragora
mob	renewal	1590	G_GEOGRAPHER	73	Plant	Medium	Earth	3	0	Geographer
mob	renewal	1591	A_LUNATIC	29	Brute	Small	Neutral	3	0	Lunatic
mob	renewal	1592	A_MOBSTER	40	Demihuman	Medium	Neutral	1	0	Gangster
mob	renewal	1593	A_ANCIENT_MUMMY	52	Undead	Medium	Undead	3	0	Ancient Mummy
mob	renewal	1594	G_FREEZER	94	Brute	Medium	Water	2	0	Freezer
mob	renewal	1595	G_MARIN	37	Plant	Medium	Water	2	0	Marin
mob	renewal	1596	G_TAMRUAN	73	Demon	Large	Dark	3	0	Tamruan
mob	renewal	1597	G_GARGOYLE	100	Demon	Medium	Wind	3	0	Gargoyle
mob	renewal	1598	G_BLAZZER	101	Demon	Medium	Fire	2	0	Blazzer
mob	renewal	1599	G_WHISPER_BOSS	66	Demon	Small	Ghost	2	0	Giant Whisper
mob	renewal	1600	G_HEATER	96	Brute	Medium	Fire	2	0	Heater
mob	renewal	1601	G_PERMETER	90	Brute	Medium	Neutral	2	0	Permeter
mob	renewal	1602	G_SOLIDER	92	Brute	Medium	Earth	2	0	Solider
mob	renewal	1603	G_BIGFOOT	29	Brute	Large	Earth	1	0	Bigfoot
mob	renewal	1604	G_GIANT_HONET	82	Insect	Small	Wind	1	0	Giant Hornet
mob	renewal	1605	G_DARK_ILLUSION	96	Demon	Large	Undead	4	0	Dark Illusion
mob	renewal	1606	G_GARM_BABY	94	Brute	Medium	Water	2	0	Baby Hatii
mob	renewal	1607	G_GOBLINE_XMAS	25	Demihuman	Medium	Wind	1	0	Christmas Goblin
mob	renewal	1608	G_THIEF_BUG__	19	Insect	Medium	Dark	1	0	Thief Bug Male
mob	renewal	1609	G_DANCING_DRAGON	82	Dragon	Medium	Wind	2	0	Zhu Po Long
mob	renewal	1610	A_MUNAK	30	Undead	Medium	Undead	4	0	Munak
mob	renewal	1611	A_BON_GUN	59	Undead	Medium	Undead	4	0	Bongun
mob	renewal	1612	A_HYEGUN	56	Undead	Medium	Undead	4	0	Yao Jun
mob	renewal	1613	METALING	81	Formless	Small	Neutral	1	0	Metaling
mob	renewal	1614	MINERAL	96	Formless	Small	Neutral	2	0	Mineral
mob	renewal	1615	OBSIDIAN	97	Formless	Small	Earth	2	0	Obsidian
mob	renewal	1616	PITMAN	90	Undead	Large	Earth	2	0	Pitman
mob	renewal	1617	WASTE_STOVE	92	Formless	Large	Neutral	1	0	Old Stove
mob	renewal	1618	UNGOLIANT	94	Insect	Large	Poison	2	0	Ungoliant
mob	renewal	1619	PORCELLIO	85	Insect	Small	Earth	3	0	Porcellio
mob	renewal	1620	NOXIOUS	87	Formless	Medium	Ghost	3	0	Noxious
mob	renewal	1621	VENOMOUS	87	Formless	Medium	Poison	1	0	Venomous
mob	renewal	1622	TEDDY_BEAR	91	Formless	Small	Neutral	3	0	Teddy Bear
mob	renewal	1623	RSX_0806	100	Formless	Large	Neutral	3	1	RSX-0806
mob	renewal	1624	G_WASTE_STOVE	92	Formless	Large	Neutral	1	0	Old Stove
mob	renewal	1625	G_PORCELLIO	85	Insect	Small	Earth	3	0	Porcellio
mob	renewal	1626	G_DARK_PRIEST	59	Demon	Medium	Undead	3	0	Hellion Revenant
mob	renewal	1627	ANOPHELES	95	Insect	Small	Wind	3	0	Anopheles
mob	renewal	1628	MOLE	85	Brute	Small	Earth	2	0	Holden
mob	renewal	1629	HILL_WIND	43	Brute	Medium	Wind	3	0	Hill Wind
mob	renewal	1630	BACSOJIN_	97	Demihuman	Large	Wind	3	1	White Lady
mob	renewal	1631	CHUNG_E_	82	Demihuman	Medium	Wind	2	0	Green Maiden
mob	renewal	1632	GREMLIN	118	Demon	Large	Dark	2	0	Gremlin
mob	renewal	1633	BEHOLDER	120	Formless	Small	Wind	2	0	Beholder
mob	renewal	1634	SEYREN	142	Demon	Medium	Fire	3	0	Seyren Windsor
mob	renewal	1635	EREMES	140	Demon	Medium	Poison	4	0	Eremes Guile
mob	renewal	1636	HARWORD	142	Demihuman	Medium	Water	4	0	Howard Alt-Eisen
mob	renewal	1637	MAGALETA	140	Demihuman	Medium	Holy	3	0	Margaretha Sorin
mob	renewal	1638	SHECIL	141	Demihuman	Medium	Wind	3	0	Cecil Damon
mob	renewal	1639	KATRINN	141	Demihuman	Medium	Ghost	3	0	Kathryne Keyron
mob	renewal	1640	G_SEYREN	160	Demon	Medium	Fire	4	0	Lord Knight Seyren
mob	renewal	1641	G_EREMES	160	Demon	Medium	Poison	4	0	Assassin Cross Eremes
mob	renewal	1642	G_HARWORD	160	Demihuman	Medium	Earth	4	0	Whitesmith Howard
mob	renewal	1643	G_MAGALETA	160	Demihuman	Medium	Holy	4	0	High Priest Margaretha
mob	renewal	1644	G_SHECIL	160	Demihuman	Medium	Wind	4	0	Sniper Cecil
mob	renewal	1645	G_KATRINN	160	Demihuman	Medium	Ghost	3	0	High Wizard Kathryne
mob	renewal	1646	B_SEYREN	160	Demon	Medium	Fire	4	1	Lord Knight Seyren
mob	renewal	1647	B_EREMES	160	Demon	Medium	Poison	4	1	Assassin Cross Eremes
mob	renewal	1648	B_HARWORD	160	Demihuman	Medium	Earth	4	1	Whitesmith Howard
mob	renewal	1649	B_MAGALETA	160	Demihuman	Medium	Holy	4	1	High Priest Margaretha
mob	renewal	1650	B_SHECIL	160	Demihuman	Medium	Wind	4	1	Sniper Cecil
mob	renewal	1651	B_KATRINN	160	Demihuman	Medium	Ghost	3	1	High Wizard Kathryne
mob	renewal	1652	YGNIZEM	136	Demihuman	Medium	Fire	2	0	Egnigem Cenia
mob	renewal	1653	WHIKEBAIN	132	Demihuman	Medium	Poison	3	0	Wickebine Tres
mob	renewal	1654	ARMAIA	134	Demihuman	Medium	Earth	3	0	Armeyer Dinze
mob	renewal	1655	EREND	133	Demihuman	Medium	Holy	2	0	Errende Ebecee
mob	renewal	1656	KAVAC	135	Demihuman	Medium	Wind	2	0	Kavach Icarus
mob	renewal	1657	RAWREL	133	Demihuman	Medium	Ghost	2	0	Laurell Weinder
mob	renewal	1658	B_YGNIZEM	141	Demihuman	Medium	Fire	2	1	Egnigem Cenia
mob	renewal	1659	G_WHIKEBAIN	132	Demihuman	Medium	Poison	3	0	Wickebine Tres
mob	renewal	1660	G_ARMAIA	134	Demihuman	Medium	Earth	3	0	Armeyer Dinze
mob	renewal	1661	G_EREND	133	Demihuman	Medium	Holy	2	0	Errende Ebecee
mob	renewal	1662	G_KAVAC	135	Demihuman	Medium	Wind	2	0	Kavach Icarus
mob	renewal	1663	G_RAWREL	133	Demihuman	Medium	Ghost	2	0	Laurell Weinder
mob	renewal	1664	POTON_CANON	66	Formless	Medium	Neutral	2	0	Photon Cannon
mob	renewal	1665	POTON_CANON_1	67	Formless	Medium	Neutral	2	0	Photon Cannon
mob	renewal	1666	POTON_CANON_2	64	Formless	Medium	Neutral	2	0	Photon Cannon
mob	renewal	1667	POTON_CANON_3	65	Formless	Medium	Neutral	2	0	Photon Cannon
mob	renewal	1668	ARCHDAM	119	Demihuman	Large	Neutral	3	0	Archdam
mob	renewal	1669	DIMIK	77	Formless	Medium	Neutral	2	0	Dimik
mob	renewal	1670	DIMIK_1	116	Formless	Medium	Wind	2	0	Dimik
mob	renewal	1671	DIMIK_2	116	Formless	Medium	Water	2	0	Dimik
mob	renewal	1672	DIMIK_3	116	Formless	Medium	Earth	2	0	Dimik
mob	renewal	1673	DIMIK_4	116	Formless	Medium	Fire	2	0	Dimik
mob	renewal	1674	MONEMUS	88	Formless	Large	Fire	3	0	Monemus
mob	renewal	1675	VENATU	77	Formless	Medium	Fire	2	0	Venatu
mob	renewal	1676	VENATU_1	113	Formless	Medium	Neutral	2	0	Venatu
mob	renewal	1677	VENATU_2	113	Formless	Medium	Wind	2	0	Venatu
mob	renewal	1678	VENATU_3	113	Formless	Medium	Earth	2	0	Venatu
mob	renewal	1679	VENATU_4	113	Formless	Medium	Water	2	0	Venatu
mob	renewal	1680	HILL_WIND_1	101	Brute	Medium	Wind	3	0	Hill Wind
mob	renewal	1681	GEMINI	135	Formless	Medium	Water	1	0	Gemini-S58
mob	renewal	1682	REMOVAL	121	Undead	Medium	Undead	2	0	Remover
mob	renewal	1683	G_POTON_CANON	66	Formless	Medium	Fire	2	0	Photon Cannon
mob	renewal	1684	G_ARCHDAM	119	Angel	Large	Neutral	3	0	Archdam
mob	renewal	1685	APOCALIPS_H	128	Brute	Large	Holy	2	1	Vesper
mob	renewal	1686	ORC_BABY	43	Demihuman	Small	Earth	1	0	Orc Baby
mob	renewal	1687	GREEN_IGUANA	55	Brute	Medium	Earth	2	0	Grove
mob	renewal	1688	LADY_TANEE	80	Plant	Large	Wind	3	1	Lady Tanee
mob	renewal	1689	G_BACSOJIN	97	Demihuman	Large	Wind	3	0	White Lady
mob	renewal	1690	G_SPRING_RABBIT	12	Brute	Medium	Neutral	1	0	Spring Rabbit
mob	renewal	1691	G_KRABEN	70	Formless	Medium	Ghost	2	0	Kraben
mob	renewal	1692	BREEZE	92	Formless	Medium	Wind	3	0	Breeze
mob	renewal	1693	PLASMA_Y	119	Formless	Small	Ghost	4	0	Plasma
mob	renewal	1694	PLASMA_R	118	Formless	Small	Fire	4	0	Plasma
mob	renewal	1695	PLASMA_G	116	Formless	Small	Earth	4	0	Plasma
mob	renewal	1696	PLASMA_P	117	Formless	Small	Dark	4	0	Plasma
mob	renewal	1697	PLASMA_B	115	Formless	Small	Water	4	0	Plasma
mob	renewal	1698	DEATHWORD	114	Formless	Medium	Neutral	3	0	Death Word
mob	renewal	1699	ANCIENT_MIMIC	112	Formless	Large	Neutral	3	0	Ancient Mimic
mob	renewal	1700	OBSERVATION	127	Angel	Medium	Neutral	4	0	Dame of Sentinel
mob	renewal	1701	SHELTER	125	Angel	Medium	Holy	3	0	Mistress of Shelter
mob	renewal	1702	RETRIBUTION	121	Angel	Medium	Dark	3	0	Baroness of Retribution
mob	renewal	1703	SOLACE	123	Angel	Medium	Holy	3	0	Lady Solace
mob	renewal	1704	THA_ODIUM	129	Undead	Large	Ghost	4	0	Odium of Thanatos
mob	renewal	1705	THA_DESPERO	129	Undead	Large	Ghost	4	0	Despero of Thanatos
mob	renewal	1706	THA_MAERO	129	Undead	Medium	Ghost	4	0	Maero of Thanatos
mob	renewal	1707	THA_DOLOR	129	Undead	Small	Ghost	4	0	Dolor of Thanatos
mob	renewal	1708	THANATOS	99	Demon	Large	Ghost	4	1	Thanatos Phantom
mob	renewal	1709	G_THA_ODIUM	129	Undead	Large	Ghost	4	0	Odium of Thanatos
mob	renewal	1710	G_THA_DESPERO	129	Undead	Large	Ghost	4	0	Despero of Thanatos
mob	renewal	1711	G_THA_MAERO	129	Undead	Medium	Ghost	4	0	Maero of Thanatos
mob	renewal	1712	G_THA_DOLOR	129	Undead	Small	Ghost	4	0	Dolor of Thanatos
mob	renewal	1713	ACIDUS	130	Dragon	Large	Holy	2	0	Acidus
mob	renewal	1714	FERUS	126	Dragon	Large	Fire	2	0	Ferus
mob	renewal	1715	NOVUS	90	Dragon	Small	Neutral	1	0	Novus
mob	renewal	1716	ACIDUS_	130	Dragon	Large	Wind	2	0	Acidus
mob	renewal	1717	FERUS_	126	Dragon	Large	Earth	2	0	Ferus
mob	renewal	1718	NOVUS_	84	Dragon	Small	Neutral	1	0	Novus
mob	renewal	1719	DETALE	135	Dragon	Large	Dark	3	1	Detardeurus
mob	renewal	1720	HYDRO	121	Dragon	Large	Dark	2	0	Hydrolancer
mob	renewal	1721	DRAGON_EGG	119	Dragon	Medium	Neutral	2	0	Dragon Egg
mob	renewal	1722	EVENT_JAKK	99	Formless	Medium	Fire	2	0	Jakk
mob	renewal	1723	A_SHECIL	82	Demihuman	Medium	Wind	3	0	Cecil Damon
mob	renewal	1724	A_POTON_CANON	66	Formless	Medium	Neutral	2	0	Photon Cannon
mob	renewal	1725	R_PORING	1	Plant	Medium	Water	1	0	Poring
mob	renewal	1726	R_LUNATIC	3	Brute	Small	Neutral	3	0	Lunatic
mob	renewal	1727	R_SAVAGE_BABE	7	Brute	Small	Earth	1	0	Savage Babe
mob	renewal	1728	R_DESERT_WOLF_B	14	Brute	Small	Fire	1	0	Baby Desert Wolf
mob	renewal	1729	R_BAPHOMET_	50	Demon	Small	Dark	1	0	Baphomet Jr.
mob	renewal	1730	R_DEVIRUCHI	64	Demon	Small	Dark	1	0	Deviruchi
mob	renewal	1731	G_DOPPELGANGER	77	Angel	Large	Ghost	2	0	Doppelganger
mob	renewal	1732	G_TREASURE_BOX	98	Formless	Small	Neutral	1	0	Treasure Chest
mob	renewal	1733	KIEL	90	Formless	Medium	Dark	2	0	Kiehl
mob	renewal	1734	KIEL_	125	Formless	Medium	Dark	2	1	Kiel D-01
mob	renewal	1735	ALICEL	115	Demon	Medium	Neutral	3	0	Alicel
mob	renewal	1736	ALIOT	112	Demon	Medium	Neutral	3	0	Aliot
mob	renewal	1737	ALIZA	112	Demihuman	Medium	Neutral	3	0	Aliza
mob	renewal	1738	CONSTANT	108	Formless	Small	Dark	3	0	Constant
mob	renewal	1739	G_ALICEL	115	Demon	Medium	Neutral	3	0	Alicel
mob	renewal	1740	G_ALIOT	112	Demon	Medium	Neutral	3	0	Aliot
mob	renewal	1741	G_COOKIE_XMAS	37	Demihuman	Small	Holy	2	0	Christmas Cookie
mob	renewal	1742	G_CARAT	103	Demon	Medium	Wind	2	0	Carat
mob	renewal	1743	G_MYSTCASE	39	Formless	Medium	Neutral	3	0	Myst Case
mob	renewal	1744	G_WILD_ROSE	70	Brute	Small	Wind	1	0	Wild Rose
mob	renewal	1745	G_CONSTANT	108	Demon	Small	Dark	3	0	Constant
mob	renewal	1746	G_ALIZA	112	Demihuman	Medium	Neutral	3	0	Aliza
mob	renewal	1747	G_SNAKE	18	Brute	Medium	Earth	1	0	Boa
mob	renewal	1748	G_ANACONDAQ	100	Brute	Medium	Poison	1	0	Anacondaq
mob	renewal	1749	G_MEDUSA	102	Demon	Medium	Neutral	2	0	Medusa
mob	renewal	1750	G_RED_PLANT	1	Plant	Small	Earth	1	0	Red Plant
mob	renewal	1751	RANDGRIS	141	Angel	Large	Holy	4	1	Valkyrie Randgris
mob	renewal	1752	SKOGUL	126	Demon	Medium	Dark	3	0	Skogul
mob	renewal	1753	FRUS	128	Demon	Medium	Dark	3	0	Frus
mob	renewal	1754	SKEGGIOLD	131	Angel	Small	Holy	2	0	Skeggiold
mob	renewal	1755	SKEGGIOLD_	131	Angel	Small	Holy	2	0	Skeggiold
mob	renewal	1756	G_HYDRO	121	Dragon	Large	Dark	2	0	Hydrolancer
mob	renewal	1757	G_ACIDUS	130	Dragon	Large	Holy	2	0	Acidus
mob	renewal	1758	G_FERUS	126	Dragon	Large	Fire	2	0	Ferus
mob	renewal	1759	G_ACIDUS_	130	Dragon	Large	Wind	2	0	Acidus
mob	renewal	1760	G_FERUS_	126	Dragon	Large	Earth	2	0	Ferus
mob	renewal	1761	G_SKOGUL	126	Demon	Medium	Dark	3	0	Skogul
mob	renewal	1762	G_FRUS	128	Demon	Medium	Dark	3	0	Frus
mob	renewal	1763	G_SKEGGIOLD	131	Angel	Small	Holy	2	0	Skeggiold
mob	renewal	1764	G_SKEGGIOLD_	131	Angel	Small	Holy	2	0	Skeggiold
mob	renewal	1765	G_RANDGRIS	141	Angel	Large	Holy	4	0	Valkyrie
mob	renewal	1766	EM_ANGELING	99	Angel	Small	Holy	3	1	Angeling
mob	renewal	1767	EM_DEVILING	99	Angel	Small	Holy	3	1	Deviling
mob	renewal	1768	GLOOMUNDERNIGHT	139	Formless	Large	Ghost	3	1	Gloom Under Night
mob	renewal	1769	AGAV	128	Demihuman	Medium	Neutral	4	0	Agav
mob	renewal	1770	ECHIO	126	Demihuman	Medium	Neutral	4	0	Echio
mob	renewal	1771	VANBERK	123	Demihuman	Medium	Neutral	4	0	Vanberk
mob	renewal	1772	ISILLA	124	Demihuman	Medium	Neutral	4	0	Isilla
mob	renewal	1773	HODREMLIN	122	Demon	Medium	Dark	3	0	Hodremlin
mob	renewal	1774	SEEKER	124	Formless	Small	Wind	3	0	Seeker
mob	renewal	1775	SNOWIER	103	Formless	Large	Water	2	0	Snowier
mob	renewal	1776	SIROMA	98	Formless	Small	Water	3	0	Siroma
mob	renewal	1777	ICE_TITAN	110	Formless	Large	Water	3	0	Ice Titan
mob	renewal	1778	GAZETI	106	Demon	Medium	Water	1	0	Gazeti
mob	renewal	1779	KTULLANUX	98	Brute	Large	Water	4	1	Ktullanux
mob	renewal	1780	MUSCIPULAR	105	Plant	Medium	Earth	1	0	Muscipular
mob	renewal	1781	DROSERA	101	Plant	Medium	Earth	1	0	Drosera
mob	renewal	1782	ROWEEN	95	Brute	Medium	Wind	1	0	Roween
mob	renewal	1783	GALION	100	Brute	Medium	Wind	2	0	Galion
mob	renewal	1784	STAPO	95	Formless	Small	Earth	2	0	Stapo
mob	renewal	1785	ATROCE	113	Brute	Large	Dark	3	1	Atroce
mob	renewal	1786	G_AGAV	128	Demihuman	Medium	Neutral	4	0	Agav
mob	renewal	1787	G_ECHIO	126	Demihuman	Medium	Neutral	2	0	Echio
mob	renewal	1788	G_ICE_TITAN	110	Formless	Large	Water	3	0	Ice Titan
mob	renewal	1789	ICEICLE	100	Formless	Small	Water	2	0	Iceicle
mob	renewal	1790	G_RAFFLESIA	86	Plant	Small	Earth	1	0	Rafflesia
mob	renewal	1791	G_GALION	100	Brute	Medium	Wind	2	0	Galion
mob	renewal	1792	SOCCER_BALL	1	Formless	Small	Neutral	1	0	Soccer Ball
mob	renewal	1793	G_MEGALITH	65	Formless	Large	Neutral	4	0	Megalith
mob	renewal	1794	G_ROWEEN	95	Brute	Medium	Wind	1	0	Roween
mob	renewal	1795	BLOODY_KNIGHT_	116	Angel	Large	Ghost	1	0	Bloody Knight
mob	renewal	1796	AUNOE	110	Demihuman	Medium	Neutral	4	0	Aunoe
mob	renewal	1797	FANAT	120	Demihuman	Medium	Neutral	4	0	Fanat
mob	renewal	1798	TREASURE_BOX_	99	Formless	Small	Neutral	1	0	Treasure Chest
mob	renewal	1799	B_SEYREN_	99	Demihuman	Medium	Fire	4	0	Lord Knight Seyren
mob	renewal	1800	B_EREMES_	99	Demihuman	Medium	Poison	4	0	Assassin Cross Eremes
mob	renewal	1801	B_HARWORD_	99	Demihuman	Medium	Earth	4	0	Mastersmith Howard
mob	renewal	1802	B_MAGALETA_	99	Demihuman	Medium	Holy	4	0	High Priest Margaretha
mob	renewal	1803	B_SHECIL_	99	Demihuman	Medium	Wind	4	0	Sniper Cecil
mob	renewal	1804	B_KATRINN_	99	Demihuman	Medium	Ghost	3	0	High Wizard Kathryne
mob	renewal	1805	G_SEYREN_	10	Demihuman	Medium	Fire	4	0	Lord Knight Seyren
mob	renewal	1806	G_EREMES_	10	Demihuman	Medium	Poison	4	0	Assassin Cross Eremes
mob	renewal	1807	G_HARWORD_	10	Demihuman	Medium	Water	4	0	Mastersmith Howard
mob	renewal	1808	G_MAGALETA_	10	Demihuman	Medium	Holy	4	0	High Priest Margaretha
mob	renewal	1809	G_SHECIL_	10	Demihuman	Medium	Wind	4	0	Sniper Cecil
mob	renewal	1810	G_KATRINN_	10	Demihuman	Medium	Ghost	3	0	High Wizard Kathryne
mob	renewal	1811	G_SMOKIE_	18	Brute	Small	Earth	1	0	Bandit
mob	renewal	1812	EVENT_LUDE	10	Undead	Small	Undead	1	0	Delightful Lude
mob	renewal	1813	EVENT_HYDRO	99	Angel	Large	Ghost	1	1	Hydrolancer
mob	renewal	1814	EVENT_MOON	80	Brute	Medium	Fire	3	0	Moonlight Flower
mob	renewal	1815	EVENT_RICECAKE	1	Formless	Medium	Neutral	1	0	Rice Cake
mob	renewal	1816	EVENT_GOURD	12	Formless	Medium	Neutral	1	0	Gourd
mob	renewal	1817	EVENT_DETALE	99	Angel	Large	Ghost	2	1	Detardeurus
mob	renewal	1818	EVENT_ALARM	58	Formless	Medium	Neutral	3	0	Alarm
mob	renewal	1819	EVENT_BATHORY	86	Demihuman	Medium	Dark	1	0	Bathory
mob	renewal	1820	EVENT_BIGFOOT	29	Brute	Large	Earth	1	0	Bigfoot
mob	renewal	1821	EVENT_DESERT_WOLF	103	Brute	Medium	Fire	1	0	Desert Wolf
mob	renewal	1822	EVENT_DEVIRUCHI	64	Demon	Small	Dark	1	0	Deviruchi
mob	renewal	1823	EVENT_FREEZER	94	Brute	Medium	Water	2	0	Freezer
mob	renewal	1824	EVENT_GARM_BABY	94	Brute	Medium	Water	2	0	Baby Hatii
mob	renewal	1825	EVENT_GOBLINE_XMAS	25	Demihuman	Medium	Wind	1	0	Christmas Goblin
mob	renewal	1826	EVENT_MYST	39	Formless	Large	Poison	1	0	Myst
mob	renewal	1827	EVENT_SASQUATCH	30	Brute	Large	Neutral	3	0	Sasquatch
mob	renewal	1828	EVENT_GULLINBURSTI	20	Brute	Large	Earth	2	0	Gullinbursti
mob	renewal	1829	SWORD_GUARDIAN	133	Demihuman	Large	Neutral	4	0	Sword Guardian
mob	renewal	1830	BOW_GUARDIAN	132	Demihuman	Large	Neutral	4	0	Bow Guardian
mob	renewal	1831	SALAMANDER	138	Formless	Large	Fire	3	0	Salamander
mob	renewal	1832	IFRIT	146	Formless	Large	Fire	4	1	Ifrit
mob	renewal	1833	KASA	135	Formless	Large	Fire	3	0	Kasa
mob	renewal	1834	G_SALAMANDER	138	Formless	Large	Fire	3	0	Salamander
mob	renewal	1835	G_KASA	135	Formless	Large	Fire	3	0	Kasa
mob	renewal	1836	MAGMARING	110	Formless	Small	Fire	2	0	Magmaring
mob	renewal	1837	IMP	129	Demon	Small	Fire	3	0	Imp
mob	renewal	1838	KNOCKER	126	Demon	Small	Earth	1	0	Knocker
mob	renewal	1839	BYORGUE	135	Demihuman	Medium	Neutral	1	0	Byrogue
mob	renewal	1840	GOLDEN_SAVAGE	99	Brute	Large	Earth	2	0	Golden Savage
mob	renewal	1841	G_SNAKE_	15	Brute	Medium	Earth	1	0	Snake Lord's Minion
mob	renewal	1842	G_ANACONDAQ_	23	Brute	Medium	Poison	1	0	Snake Lord's Minion
mob	renewal	1843	G_SIDE_WINDER_	43	Brute	Medium	Poison	1	0	Snake Lord's Minion
mob	renewal	1844	G_ISIS_	47	Demon	Large	Dark	1	0	Snake Lord's Minion
mob	renewal	1845	G_TREASURE_BOX_	98	Formless	Small	Neutral	1	0	Treasure Box
mob	renewal	1846	DREAMMETAL	90	Formless	Small	Holy	1	0	Dream Metal
mob	renewal	1847	EVENT_PORING	98	Angel	Medium	Ghost	1	0	Poring
mob	renewal	1848	EVENT_BAPHOMET	50	Demon	Large	Dark	3	0	Baphomet
mob	renewal	1849	EVENT_OSIRIS	60	Undead	Medium	Undead	4	0	Osiris
mob	renewal	1850	EVENT_ORCHERO	50	Demihuman	Large	Earth	4	0	Orc Hero
mob	renewal	1851	EVENT_MOBSTER	61	Demihuman	Medium	Neutral	1	0	Mobster
mob	renewal	1852	G_EM_ANGELING	99	Angel	Small	Holy	3	0	Angeling
mob	renewal	1853	G_EM_DEVILING	99	Angel	Small	Holy	3	0	Deviling
mob	renewal	1854	E_MUKA	17	Plant	Large	Earth	1	0	Muka
mob	renewal	1855	E_POISONSPORE	19	Plant	Medium	Poison	1	0	Poison Spore
mob	renewal	1856	E_MAGNOLIA	26	Demon	Small	Water	1	0	Magnolia
mob	renewal	1857	E_MARIN	15	Plant	Medium	Water	2	0	Marin
mob	renewal	1858	E_PLANKTON	10	Plant	Small	Water	3	0	Plankton
mob	renewal	1859	E_MANDRAGORA	12	Plant	Medium	Earth	3	0	Mandragora
mob	renewal	1860	E_COCO	17	Brute	Small	Earth	1	0	Coco
mob	renewal	1861	E_CHOCO	43	Brute	Small	Fire	1	0	Choco
mob	renewal	1862	E_MARTIN	18	Brute	Small	Earth	2	0	Martin
mob	renewal	1863	E_SPRING_RABBIT	25	Brute	Medium	Earth	2	0	Spring Rabbit
mob	renewal	1864	ZOMBIE_SLAUGHTER	124	Undead	Medium	Undead	3	0	Zombie Slaughter
mob	renewal	1865	RAGGED_ZOMBIE	123	Undead	Medium	Undead	3	0	Ragged Zombie
mob	renewal	1866	HELL_POODLE	115	Demon	Small	Dark	1	0	Hellhound
mob	renewal	1867	BANSHEE	130	Demon	Medium	Dark	2	0	Banshee
mob	renewal	1868	G_BANSHEE	130	Demon	Medium	Dark	2	0	Banshee
mob	renewal	1869	FLAME_SKULL	121	Demon	Small	Ghost	3	0	Flame Skull
mob	renewal	1870	NECROMANCER	133	Undead	Medium	Undead	4	0	Necromancer
mob	renewal	1871	FALLINGBISHOP	138	Demon	Medium	Dark	2	1	Falling Bishop
mob	renewal	1872	BEELZEBUB_FLY	127	Angel	Medium	Neutral	4	0	Hell Fly
mob	renewal	1873	BEELZEBUB	147	Demon	Small	Ghost	4	0	Beelzebub
mob	renewal	1874	BEELZEBUB_	147	Demon	Large	Ghost	4	1	Beelzebub
mob	renewal	1875	TRISTAN_3RD	80	Undead	Medium	Undead	4	0	Tristan III
mob	renewal	1876	E_LORD_OF_DEATH	99	Demon	Large	Dark	3	1	Lord of the Dead
mob	renewal	1877	CRYSTAL_5	1	Formless	Small	Neutral	1	0	Crystal
mob	renewal	1878	E_SHINING_PLANT	1	Plant	Small	Holy	1	0	Mystic Plant
mob	renewal	1879	ECLIPSE_P	6	Brute	Medium	Neutral	3	0	Eclipse
mob	renewal	1880	WOOD_GOBLIN	81	Plant	Medium	Earth	3	0	Leshij
mob	renewal	1881	LES	82	Plant	Medium	Earth	4	0	Lesavka
mob	renewal	1882	VAVAYAGA	87	Demihuman	Medium	Water	1	0	Baba-Yaga
mob	renewal	1883	UZHAS	85	Demihuman	Medium	Water	3	0	Kikimora
mob	renewal	1884	MAVKA	84	Plant	Medium	Earth	3	0	Mavka
mob	renewal	1885	GOPINICH	97	Brute	Large	Earth	3	1	Gopinich
mob	renewal	1886	G_MAVKA	84	Plant	Medium	Earth	3	0	Mavka
mob	renewal	1887	FREEZER_R	94	Brute	Medium	Water	2	0	Freezer
mob	renewal	1888	GARM_BABY_R	61	Brute	Medium	Water	2	0	Baby Hatii
mob	renewal	1889	GARM_R	73	Brute	Large	Water	4	0	Marozka's Guard
mob	renewal	1890	GOPINICH_R	85	Brute	Large	Earth	3	0	The Immortal Koshei
mob	renewal	1891	G_RANDGRIS_	141	Angel	Large	Holy	4	0	Valkyrie
mob	renewal	1892	G_LOLI_RURI	109	Demon	Large	Dark	4	0	Lolo Ruri
mob	renewal	1893	G_KNIGHT_OF_ABYSS	122	Demihuman	Large	Dark	4	0	Abysmal Knight
mob	renewal	1894	POURING	15	Plant	Small	Water	3	0	Pouring
mob	renewal	1895	EVENT_SEYREN	91	Demon	Medium	Fire	3	0	Seyren Windsor
mob	renewal	1896	EVENT_KATRINN	92	Demihuman	Medium	Ghost	3	0	Kathryne Keyron
mob	renewal	1897	EVENT_BAPHOMET_	81	Demon	Large	Dark	3	0	Baphomet
mob	renewal	1898	EVENT_ZOMBIE	12	Undead	Medium	Undead	1	0	Zombie
mob	renewal	1899	SWORD_GUARDIAN_	133	Demihuman	Large	Neutral	4	0	Sword Guardian
mob	renewal	1900	BOW_GUARDIAN_	80	Demihuman	Large	Neutral	4	0	Archer Guardian
mob	renewal	1901	E_CONDOR	10	Brute	Small	Holy	1	0	Condor
mob	renewal	1902	E_TREASURE1	99	Formless	Small	Holy	1	0	Treasure Box
mob	renewal	1903	E_TREASURE2	99	Formless	Small	Holy	1	0	Treasure Box
mob	renewal	1904	BOMBPORING	28	Formless	Small	Neutral	1	0	Bomb Poring
mob	renewal	1905	BARRICADE	98	Formless	Large	Neutral	1	0	Barricade
mob	renewal	1906	BARRICADE_	98	Formless	Large	Neutral	1	0	Barricade
mob	renewal	1907	S_EMPEL_1	90	Formless	Small	Neutral	1	0	Guardian Stone
mob	renewal	1908	S_EMPEL_2	90	Formless	Small	Neutral	1	0	Guardian Stone
mob	renewal	1909	OBJ_A	90	Formless	Large	Neutral	1	0	Food Storage
mob	renewal	1910	OBJ_B	90	Formless	Large	Neutral	1	0	Food Depot
mob	renewal	1911	OBJ_NEUTRAL	90	Formless	Large	Neutral	1	0	Neutrality Flag
mob	renewal	1912	OBJ_FLAG_A	90	Formless	Large	Neutral	1	0	Lion Flag
mob	renewal	1913	OBJ_FLAG_B	90	Formless	Large	Neutral	1	0	Eagle Flag
mob	renewal	1914	OBJ_A2	90	Formless	Large	Neutral	1	0	Blue Crystal
mob	renewal	1915	OBJ_B2	90	Formless	Large	Neutral	1	0	Pink Crystal
mob	renewal	1916	MOROCC	151	Demon	Large	Dark	4	0	Satan Morocc
mob	renewal	1917	MOROCC_	151	Demon	Large	Dark	4	1	Wounded Morocc
mob	renewal	1918	MOROCC_1	132	Angel	Large	Dark	1	0	Incarnation of Morocc
mob	renewal	1919	MOROCC_2	132	Demon	Medium	Dark	3	0	Incarnation of Morocc
mob	renewal	1920	MOROCC_3	133	Demon	Medium	Undead	3	0	Incarnation of Morocc
mob	renewal	1921	MOROCC_4	134	Demon	Medium	Ghost	3	0	Incarnation of Morocc
mob	renewal	1922	G_MOROCC_1	132	Angel	Large	Dark	1	0	Shadow of Morocc
mob	renewal	1923	G_MOROCC_2	132	Demon	Medium	Dark	3	0	Shadow of Morocc
mob	renewal	1924	G_MOROCC_3	133	Demon	Medium	Undead	3	0	Shadow of Morocc
mob	renewal	1925	G_MOROCC_4	134	Demon	Medium	Ghost	3	0	Shadow of Morocc
mob	renewal	1926	JAKK_H	1	Formless	Medium	Fire	2	0	Jakk
mob	renewal	1927	WHISPER_H	1	Demon	Small	Ghost	3	0	Whisper
mob	renewal	1928	DEVIRUCHI_H	46	Demon	Small	Dark	1	0	Deviruchi
mob	renewal	1929	BAPHOMET_I	98	Demon	Large	Dark	3	0	Unsealed Baphomet
mob	renewal	1930	PIAMETTE	90	Demihuman	Small	Neutral	1	0	Piamette
mob	renewal	1931	WISH_MAIDEN	98	Angel	Large	Ghost	1	0	Wish Maiden
mob	renewal	1932	GARDEN_KEEPER	80	Formless	Small	Earth	2	0	Garden Keeper
mob	renewal	1933	GARDEN_WATCHER	81	Angel	Medium	Neutral	4	0	Garden Watcher
mob	renewal	1934	BLUE_FLOWER	98	Plant	Medium	Earth	1	0	Blue Flower
mob	renewal	1935	RED_FLOWER	98	Plant	Medium	Earth	1	0	Red Flower
mob	renewal	1936	YELL_FLOWER	98	Plant	Medium	Earth	1	0	Yellow Flower
mob	renewal	1937	CONSTANT_	108	Formless	Small	Dark	3	0	Constant
mob	renewal	1938	TREASURE_BOX41	99	Formless	Small	Neutral	1	0	Treasure Chest
mob	renewal	1939	TREASURE_BOX42	99	Formless	Small	Neutral	1	0	Treasure Chest
mob	renewal	1940	TREASURE_BOX43	99	Formless	Small	Neutral	1	0	Treasure Chest
mob	renewal	1941	TREASURE_BOX44	99	Formless	Small	Neutral	1	0	Treasure Chest
mob	renewal	1942	TREASURE_BOX45	99	Formless	Small	Neutral	1	0	Treasure Chest
mob	renewal	1943	TREASURE_BOX46	99	Formless	Small	Neutral	1	0	Treasure Chest
mob	renewal	1944	TREASURE_BOX47	99	Formless	Small	Neutral	1	0	Treasure Chest
mob	renewal	1945	TREASURE_BOX48	99	Formless	Small	Neutral	1	0	Treasure Chest
mob	renewal	1946	TREASURE_BOX49	99	Formless	Small	Neutral	1	0	Treasure Chest
mob	renewal	1947	PIAMETTE_	90	Demihuman	Small	Neutral	1	0	Piamette
mob	renewal	1948	G_YGNIZEM	136	Demihuman	Medium	Fire	2	0	Egnigem Cenia
mob	renewal	1949	B_S_GUARDIAN	86	Demihuman	Large	Neutral	4	0	Camp Guardian
mob	renewal	1950	B_B_GUARDIAN	80	Demihuman	Large	Neutral	4	0	Camp Guardian
mob	renewal	1951	CRYSTAL_6	1	Formless	Small	Neutral	1	0	Crystal
mob	renewal	1952	CRYSTAL_7	1	Formless	Small	Neutral	1	0	Crystal
mob	renewal	1953	CRYSTAL_8	1	Formless	Small	Neutral	1	0	Crystal
mob	renewal	1954	CRYSTAL_9	1	Formless	Small	Neutral	1	0	Crystal
mob	renewal	1955	TREASURE_BOX_I	1	Formless	Small	Neutral	1	0	Treasure Chest
mob	renewal	1956	NAGHT_SIEGER	99	Demon	Large	Ghost	4	1	Naght Sieger
mob	renewal	1957	ENTWEIHEN	90	Demon	Medium	Dark	4	1	Entweihen Crothen
mob	renewal	1958	G_ENTWEIHEN_R	89	Demon	Small	Dark	4	0	Thorny Skeleton
mob	renewal	1959	G_ENTWEIHEN_H	89	Demon	Small	Ghost	4	0	Thorn of Recovery
mob	renewal	1960	G_ENTWEIHEN_M	89	Demon	Small	Dark	4	0	Thorn of Magic
mob	renewal	1961	G_ENTWEIHEN_S	89	Demon	Small	Dark	4	0	Thorn of Purification
mob	renewal	1962	ANTONIO_	10	Demihuman	Medium	Neutral	1	0	Christmas Thief
mob	renewal	1963	P_CHUNG_E	49	Demihuman	Medium	Neutral	2	0	New Year Doll
mob	renewal	1964	NIGHTMARE_T	30	Brute	Large	Ghost	3	0	Nightmare
mob	renewal	1965	M_WILD_ROSE	38	Brute	Small	Wind	1	0	Wild Rose
mob	renewal	1966	M_DOPPELGANGER	72	Demon	Medium	Dark	3	0	Doppelganger
mob	renewal	1967	M_YGNIZEM	79	Demihuman	Medium	Fire	2	0	Egnigem Cenia
mob	renewal	1968	E_STROUF	48	Fish	Large	Water	3	0	Strouf
mob	renewal	1969	E_MARC	36	Fish	Medium	Water	2	0	Marc
mob	renewal	1970	E_OBEAUNE	31	Fish	Medium	Water	2	0	Obeune
mob	renewal	1971	E_VADON	19	Fish	Small	Water	1	0	Vadon
mob	renewal	1972	E_MARINA	21	Plant	Small	Water	2	0	Marina
mob	renewal	1973	E_PORING	99	Plant	Medium	Water	1	0	Poring
mob	renewal	1974	BANSHEE_MASTER	118	Demon	Medium	Dark	2	0	Banshee Master
mob	renewal	1975	BEHOLDER_MASTER	106	Formless	Medium	Wind	2	0	Beholder Master
mob	renewal	1976	COBALT_MINERAL	113	Formless	Medium	Neutral	2	0	Cobalt Mineral
mob	renewal	1977	HEAVY_METALING	107	Formless	Small	Neutral	1	0	Heavy Metaling
mob	renewal	1978	HELL_APOCALIPS	121	Formless	Large	Neutral	3	0	Hell Vesper
mob	renewal	1979	ZAKUDAM	115	Demihuman	Large	Neutral	3	0	Zakudam
mob	renewal	1980	KUBLIN	85	Demihuman	Medium	Earth	1	1	Kublin
mob	renewal	1981	I_HIGH_ORC	81	Demihuman	Large	Fire	2	0	Orc Elite Guard
mob	renewal	1982	I_ORC_ARCHER	78	Demihuman	Medium	Earth	1	0	Orc Bowman
mob	renewal	1983	I_ORC_SKELETON	87	Undead	Medium	Undead	1	0	Orc Undead
mob	renewal	1984	I_ORC_LADY	80	Demihuman	Medium	Earth	2	0	Orc Lady
mob	renewal	1985	DANDELION	37	Demihuman	Medium	Dark	2	0	Dandelion Member
mob	renewal	1986	TATACHO	128	Brute	Medium	Earth	1	0	Tatacho
mob	renewal	1987	CENTIPEDE	125	Insect	Medium	Poison	2	0	Centipede
mob	renewal	1988	NEPENTHES	114	Plant	Medium	Poison	2	0	Nepenthes
mob	renewal	1989	HILLSRION	123	Brute	Small	Earth	1	0	Hillthrion
mob	renewal	1990	HARDROCK_MOMMOTH	137	Brute	Large	Earth	3	0	Hardrock Mammoth
mob	renewal	1991	TENDRILRION	126	Brute	Medium	Earth	2	0	Tendrillion
mob	renewal	1992	CORNUS	120	Brute	Medium	Holy	3	0	Cornus
mob	renewal	1993	NAGA	117	Brute	Large	Earth	2	0	Naga
mob	renewal	1994	LUCIOLA_VESPA	109	Insect	Medium	Wind	1	0	Luciola Vespa
mob	renewal	1995	PINGUICULA	105	Plant	Medium	Earth	3	0	Pinguicula
mob	renewal	1997	G_TATACHO	128	Brute	Medium	Earth	1	0	Tatacho
mob	renewal	1998	G_HILLSRION	123	Brute	Small	Earth	1	0	Hillslion
mob	renewal	1999	CENTIPEDE_LARVA	118	Insect	Small	Poison	1	0	Centipede Larva
mob	renewal	2000	M_GAMEMASTER	50	Demihuman	Medium	Neutral	1	0	Male Game Master
mob	renewal	2001	F_GAMEMASTER	50	Demihuman	Medium	Neutral	1	0	Female Game Master
mob	renewal	2002	T_SPRING_RABBIT	50	Brute	Medium	Earth	2	0	Talisman Ghost
mob	renewal	2003	T_BACSOJIN	97	Demihuman	Large	Water	2	0	Talisman Ghost
mob	renewal	2004	T_WICKED_NYMPH	63	Demon	Medium	Dark	3	0	Talisman Ghost
mob	renewal	2005	T_PLASMA_B	44	Formless	Small	Water	4	0	Plasma
mob	renewal	2006	T_PLASMA_P	49	Formless	Small	Dark	4	0	Plasma
mob	renewal	2007	T_PLASMA_R	43	Formless	Small	Fire	4	0	Plasma
mob	renewal	2008	WOOMAWANG	82	Demon	Large	Ghost	2	0	Woomawang
mob	renewal	2009	WOOMAWANG_	82	Demon	Medium	Ghost	2	0	Woomawang
mob	renewal	2010	G_MAJORUROS	66	Demon	Large	Ghost	1	0	Ox
mob	renewal	2011	E_GHOUL	40	Undead	Medium	Undead	2	0	Tenacious Ghoul
mob	renewal	2012	E_ZOMBIE	15	Undead	Medium	Undead	1	0	Tenacious Zombie
mob	renewal	2013	DRACO	114	Dragon	Medium	Earth	1	0	Draco
mob	renewal	2014	DRACO_EGG	101	Dragon	Medium	Earth	4	0	Draco Egg
mob	renewal	2015	PINGUICULA_D	113	Plant	Medium	Poison	2	0	Dark Pinguicula
mob	renewal	2016	AQUA_ELEMENTAL	121	Formless	Large	Water	4	0	Aqua Elemental
mob	renewal	2017	RATA	131	Demihuman	Medium	Earth	3	0	Rata
mob	renewal	2018	DUNEYRR	135	Demihuman	Medium	Earth	3	0	Duneyrr
mob	renewal	2019	ANCIENT_TREE	144	Plant	Large	Earth	3	0	Ancient Tree
mob	renewal	2020	RHYNCHO	139	Formless	Medium	Water	3	0	Rhyncho
mob	renewal	2021	PHYLLA	139	Formless	Medium	Water	3	0	Phylla
mob	renewal	2022	S_NYDHOG	117	Dragon	Large	Dark	4	1	Nidhoggur's Shadow
mob	renewal	2023	DARK_SHADOW	147	Formless	Small	Dark	2	0	Dark Shadow
mob	renewal	2024	BRADIUM_GOLEM	133	Formless	Large	Earth	2	0	Bradium Golem
mob	renewal	2025	MYSTCASE_EVENT	10	Formless	Medium	Neutral	1	0	Wild Gift Box
mob	renewal	2026	DANDELION_	90	Demihuman	Medium	Dark	1	0	Runaway Dandelion Member
mob	renewal	2027	G_DARK_SHADOW	147	Formless	Small	Dark	2	0	Dark Shadow
mob	renewal	2030	HIDEN_PRIEST	90	Demon	Large	Undead	4	0	Hiden Priest
mob	renewal	2031	DANDELION_H	80	Demihuman	Medium	Dark	2	0	Dandelion
mob	renewal	2032	GUARDIAN_FOREST	50	Demon	Small	Dark	1	0	Forest Guardian
mob	renewal	2033	GOLDEN_TULIP	1	Plant	Small	Earth	1	0	Golden Tulip
mob	renewal	2034	M_DESERT_WOLF_B	9	Brute	Small	Fire	1	0	Baby Desert Wolf
mob	renewal	2035	NIHILITY_ZEM	90	Insect	Small	Earth	1	0	Nihility Zem
mob	renewal	2036	VALKYRIE_N	98	Undead	Medium	Undead	3	0	Valkyrie Randgris
mob	renewal	2037	VALKYRIE_A	90	Angel	Medium	Holy	3	0	Valkyrie Randgris
mob	renewal	2038	VALKYRIE_B	90	Angel	Medium	Holy	3	0	Valkyrie Randgris
mob	renewal	2039	EXECUTIONER_R	65	Formless	Large	Dark	2	0	Executioner
mob	renewal	2040	TIRFING_R	71	Formless	Medium	Dark	3	0	Ogretooth
mob	renewal	2041	MYSTELTAINN_R	76	Formless	Large	Dark	4	0	Mysteltainn
mob	renewal	2042	SILVERSNIPER	100	Formless	Medium	Neutral	1	0	Silver Sniper
mob	renewal	2043	MAGICDECOY_FIRE	100	Formless	Medium	Fire	1	0	Magic Decoy
mob	renewal	2044	MAGICDECOY_WATER	100	Formless	Medium	Water	1	0	Magic Decoy
mob	renewal	2045	MAGICDECOY_EARTH	100	Formless	Medium	Earth	1	0	Magic Decoy
mob	renewal	2046	MAGICDECOY_WIND	100	Formless	Medium	Wind	1	0	Magic Decoy
mob	renewal	2047	W_NAGA	99	Brute	Large	Earth	2	0	Naga
mob	renewal	2048	W_PINGUICULA_D	99	Plant	Medium	Poison	2	0	Dark Pinguicula
mob	renewal	2049	W_BRADIUM_GOLEM	99	Formless	Large	Earth	2	0	Bradium Golem
mob	renewal	2050	W_AQUA_ELEMENTAL	99	Formless	Large	Water	4	0	Aqua Elemental
mob	renewal	2052	E_DARKLORD	96	Demon	Large	Undead	4	1	Dark Lord
mob	renewal	2057	E_CRAMP	1	Brute	Small	Poison	2	0	Strange Mouse
mob	renewal	2058	M_MIMIC	51	Formless	Medium	Neutral	3	0	Mimic
mob	renewal	2059	M_DISGUISE	55	Demon	Medium	Earth	4	0	Disguise
mob	renewal	2060	M_ALICE	62	Demihuman	Medium	Neutral	3	0	Alice
mob	renewal	2066	E_ANOPHELES	5	Insect	Small	Wind	3	0	Anopheles
mob	renewal	2067	E_ANOPHELES_	3	Insect	Small	Wind	3	0	Anopheles
mob	renewal	2068	BOITATA	93	Brute	Large	Fire	3	1	Boitata
mob	renewal	2069	IARA	79	Fish	Medium	Water	3	0	Iara
mob	renewal	2070	PIRANHA	75	Fish	Large	Water	3	0	Piranha
mob	renewal	2071	HEADLESS_MULE	80	Demon	Large	Fire	3	0	Headless Mule
mob	renewal	2072	JAGUAR	71	Brute	Medium	Earth	2	0	Jaguar
mob	renewal	2073	TOUCAN	70	Brute	Medium	Wind	2	0	Toucan
mob	renewal	2074	CURUPIRA	68	Demihuman	Medium	Earth	1	0	Curupira
mob	renewal	2075	E_VADON_X	1	Formless	Large	Neutral	1	1	Ragunta
mob	renewal	2076	S_WIND_GHOST	105	Demon	Medium	Wind	3	0	Shadow of Deception
mob	renewal	2077	S_SKOGUL	105	Demon	Medium	Dark	3	0	Shadow of Illusion
mob	renewal	2078	S_SUCCUBUS	105	Demon	Medium	Dark	3	0	Shadow of Pleasure
mob	renewal	2079	CRYSTAL_H	77	Formless	Large	Neutral	3	0	Crystal
mob	renewal	2080	CRYSTAL_L	1	Formless	Large	Neutral	3	0	Crystal
mob	renewal	2081	E_HYDRA	34	Plant	Small	Water	2	0	Strange Hydra
mob	renewal	2082	G_PIRANHA	75	Fish	Large	Water	3	0	Piranha
mob	renewal	2083	HORN_SCARABA	130	Insect	Small	Earth	1	0	One-Horned Scaraba
mob	renewal	2084	HORN_SCARABA2	134	Insect	Small	Earth	1	0	Two-Horned Scaraba
mob	renewal	2085	ANTLER_SCARABA	136	Insect	Medium	Earth	2	0	Antler Scaraba
mob	renewal	2086	RAKE_SCARABA	139	Insect	Medium	Earth	2	0	Rake Scaraba
mob	renewal	2087	QUEEN_SCARABA	140	Insect	Large	Earth	3	1	Scaraba Queen
mob	renewal	2088	HORN_SCARABA_EGG	125	Insect	Small	Neutral	1	0	Scaraba Egg
mob	renewal	2089	HORN_SCARABA2_EGG	126	Insect	Small	Neutral	1	0	Scaraba Egg
mob	renewal	2090	ANTLER_SCARABA_EGG	127	Insect	Small	Neutral	1	0	Antler Scaraba Egg
mob	renewal	2091	RAKE_SCARABA_EGG	128	Insect	Small	Neutral	1	0	Rake Scaraba Egg
mob	renewal	2092	DOLOMEDES	132	Insect	Large	Water	3	0	Dolomedes
mob	renewal	2093	BOTARING	15	Formless	Small	Holy	1	0	Botaring
mob	renewal	2094	E_ORK_HERO2	50	Demihuman	Large	Earth	2	1	Orc Hero
mob	renewal	2095	E_EDDGA	65	Brute	Large	Fire	1	1	Eddga
mob	renewal	2096	E_OSIRIS2	68	Undead	Medium	Undead	4	1	Osiris
mob	renewal	2097	E_DRACULA	75	Demon	Large	Dark	4	1	Dracula
mob	renewal	2098	E_DOPPELGANGER	77	Demon	Medium	Dark	3	1	Doppelganger
mob	renewal	2099	E_MISTRESS	78	Insect	Small	Wind	4	1	Mistress
mob	renewal	2100	E_BAPHOMET2	81	Demon	Large	Dark	3	1	Baphomet
mob	renewal	2101	E_LORD_OF_DEATH2	94	Demon	Large	Dark	3	1	Lord of the Dead
mob	renewal	2102	E_DARK_LORD	96	Demon	Large	Undead	4	1	Dark Lord
mob	renewal	2103	E_KTULLANUX	98	Brute	Large	Water	4	1	Ktullanux
mob	renewal	2104	E_DARK_SNAKE_LORD	105	Brute	Large	Ghost	3	1	Evil Snake Lord
mob	renewal	2105	E_TURTLE_GENERAL	110	Brute	Large	Earth	2	1	Turtle General
mob	renewal	2106	E_APOCALIPS_H	128	Brute	Large	Holy	2	1	Vesper
mob	renewal	2107	E_FALLINGBISHOP	138	Demon	Medium	Dark	2	1	Fallen Bishop Hibram
mob	renewal	2108	E_GLOOMUNDERNIGHT	139	Formless	Large	Ghost	3	1	Gloom Under Night
mob	renewal	2109	E_RANDGRIS	141	Angel	Large	Holy	4	1	Valkyrie Randgris
mob	renewal	2110	E_IFRIT	146	Formless	Large	Fire	4	1	Ifrit
mob	renewal	2111	E_B_HARWORD	160	Demihuman	Medium	Earth	4	1	Whitesmith Howard
mob	renewal	2112	E_B_SEYREN	160	Demihuman	Medium	Fire	4	1	Lord Knight Seyren
mob	renewal	2113	E_B_EREMES	160	Demihuman	Medium	Poison	4	1	Assassin Cross Eremes
mob	renewal	2126	M_ANOPHELES	100	Insect	Small	Wind	3	0	Anopheles
mob	renewal	2127	M_HORNET	110	Insect	Small	Wind	1	0	Hornet
mob	renewal	2128	M_HORNET2	120	Insect	Small	Wind	1	0	Hornet
mob	renewal	2129	M_LUCIOLA_VESPA	130	Insect	Medium	Wind	1	0	Luciola Vespa
mob	renewal	2130	M_LUCIOLA_VESPA2	140	Insect	Medium	Wind	1	0	Luciola Vespa
mob	renewal	2131	LOST_DRAGON	135	Dragon	Large	Dark	3	1	Lost Dragon
mob	renewal	2132	POM_SPIDER	145	Insect	Medium	Earth	3	0	Pom Spider
mob	renewal	2133	ANGRA_MANTIS	144	Insect	Medium	Earth	2	0	Angra Mantis
mob	renewal	2134	PARUS	142	Brute	Small	Earth	2	0	Parus
mob	renewal	2135	CREEPER	100	Plant	Medium	Earth	1	0	Creeper
mob	renewal	2136	LITTLE_FATUM	142	Demihuman	Small	Wind	2	0	Little Fatum
mob	renewal	2137	MIMING	140	Formless	Small	Neutral	1	0	Miming
mob	renewal	2138	NYDHOG_MEMORY1_1	130	Formless	Small	Neutral	1	0	Nydhoggur Memory
mob	renewal	2139	NYDHOG_MEMORY1_2	130	Formless	Small	Neutral	1	0	Nydhoggur Memory
mob	renewal	2140	NYDHOG_MEMORY2_1	130	Formless	Small	Neutral	1	0	Nydhoggur Memory
mob	renewal	2141	NYDHOG_MEMORY2_2	130	Formless	Small	Neutral	1	0	Nydhoggur Memory
mob	renewal	2142	NYDHOG_MEMORY3_1	130	Formless	Small	Neutral	1	0	Nydhoggur Memory
mob	renewal	2143	NYDHOG_MEMORY3_2	130	Formless	Small	Neutral	1	0	Nydhoggur Memory
mob	renewal	2144	G_ANTLER_SCARABA	136	Insect	Medium	Earth	2	0	Antler Scaraba
mob	renewal	2145	G_RAKE_SCARABA	139	Insect	Medium	Earth	2	0	Rake Scaraba
mob	renewal	2146	G_S_NYDHOG	117	Dragon	Large	Dark	4	0	Shade of Dragon
mob	renewal	2147	E_WHITE_PLANT	0	Formless	Small	Neutral	1	0	White Plant
mob	renewal	2148	E_BLUE_PLANT	0	Formless	Small	Neutral	1	0	Blue Plant
mob	renewal	2149	E_SAVAGE_BABE	0	Formless	Small	Neutral	1	0	Savage Babe
mob	renewal	2150	WATERMELON	12	Plant	Medium	Water	1	0	Ripe Watermelon
mob	renewal	2151	ALNOLDI	80	Plant	Medium	Earth	1	0	Rafflesia Alnoldi
mob	renewal	2152	COMODO	81	Brute	Medium	Poison	3	0	Comodo
mob	renewal	2153	CENDRAWASIH	84	Angel	Medium	Wind	1	0	Cendrawasih
mob	renewal	2154	BANASPATY	85	Formless	Small	Fire	3	0	Banaspaty
mob	renewal	2155	BUTOIJO	88	Demon	Large	Fire	2	0	Butoijo
mob	renewal	2156	LEAK	94	Demon	Large	Dark	2	1	Leak
mob	renewal	2157	G_BANASPATY	85	Formless	Small	Fire	3	0	Banaspaty
mob	renewal	2158	S_HORNET	95	Insect	Small	Wind	1	0	Hornet
mob	renewal	2159	S_GIANT_HORNET	110	Insect	Small	Wind	1	0	Giant Hornet
mob	renewal	2160	S_LUCIOLA_VESPA	130	Insect	Medium	Wind	1	0	Luciola Vespa
mob	renewal	2161	I_HORN_SCARABA	130	Insect	Small	Earth	1	0	Gold One-Horn Scaraba
mob	renewal	2162	I_HORN_SCARABA2	134	Insect	Small	Earth	1	0	Gold Two-Horn Scaraba
mob	renewal	2163	I_ANTLER_SCARABA	136	Insect	Medium	Earth	2	0	Gold Antler Scaraba
mob	renewal	2164	I_RAKE_SCARABA	139	Insect	Medium	Earth	2	0	Gold Rake Scaraba
mob	renewal	2165	I_QUEEN_SCARABA	140	Insect	Large	Earth	3	1	Gold Queen Scaraba
mob	renewal	2166	I_HORN_SCARABA_EGG	125	Insect	Small	Earth	1	0	Gold One-Horn Scaraba E
mob	renewal	2167	I_HORN_SCARABA2_EGG	126	Insect	Small	Earth	1	0	Gold Two-Horn Scaraba Eg
mob	renewal	2168	I_ANTLER_SCARABA_EGG	127	Insect	Small	Earth	1	0	Gold Antler Scaraba Egg
mob	renewal	2169	I_RAKE_SCARABA_EGG	128	Insect	Small	Earth	1	0	Gold Rake Scaraba Egg
mob	renewal	2170	I_G_ANTLER_SCARABA	136	Insect	Medium	Earth	2	0	Gold Antler Scaraba
mob	renewal	2171	I_G_RAKE_SCARABA	139	Insect	Medium	Earth	2	0	Gold Rake Scaraba
mob	renewal	2172	I_G_HORN_SCARABA	130	Insect	Small	Earth	1	0	Gold One-Horn Scaraba
mob	renewal	2173	I_G_HORN_SCARABA2	134	Insect	Small	Earth	1	0	Gold Two-Horn Scaraba
mob	renewal	2174	MD_VADON	95	Fish	Small	Water	1	0	Deep Sea Vadon
mob	renewal	2175	MD_MARSE	95	Fish	Small	Water	2	0	Deep Sea Marse
mob	renewal	2176	MD_CRAB	95	Fish	Small	Water	1	0	Deep Sea Crab
mob	renewal	2177	MD_CORNUTUS	100	Fish	Small	Water	1	0	Deep Sea Cornutus
mob	renewal	2178	MD_SHELLFISH	100	Fish	Small	Water	2	0	Deep Sea Shellfish
mob	renewal	2179	MD_KUKRE	100	Insect	Small	Water	1	0	Deep Sea Kukre
mob	renewal	2180	MD_STROUF	145	Fish	Large	Water	3	0	Deep Sea Strouf
mob	renewal	2181	MD_SWORD_FISH	145	Fish	Large	Water	2	0	Deep Sea Sword Fish
mob	renewal	2182	MD_MARC	145	Fish	Medium	Water	2	0	Deep Sea Marc
mob	renewal	2183	MD_ANOLIAN	151	Fish	Medium	Water	2	0	Deep Sea Anolian
mob	renewal	2184	MD_OBEAUNE	151	Demon	Medium	Water	3	0	Deep Sea Obeaune
mob	renewal	2185	MD_KAPHA	151	Demon	Medium	Water	2	0	Deep Sea Kapha
mob	renewal	2186	COELACANTH_N_E	100	Fish	Large	Water	2	0	Coelacanth
mob	renewal	2187	COELACANTH_N_A	100	Fish	Large	Water	2	1	Gloomy Coelacanth
mob	renewal	2188	COELACANTH_N_M	100	Fish	Large	Water	2	1	Weird Coelacanth
mob	renewal	2189	COELACANTH_H_M	155	Fish	Large	Water	2	1	Mutant Coelacanth
mob	renewal	2190	COELACANTH_H_A	155	Fish	Large	Water	2	1	Violent Coelacanth
mob	renewal	2191	MD_SEAWEED	100	Fish	Small	Water	1	0	Seaweed
mob	renewal	2192	MD_OCTOPUS	90	Fish	Small	Water	2	0	Octopus
mob	renewal	2193	MD_OCTOPUS_LEG	90	Fish	Small	Water	2	0	Octopus Leg
mob	renewal	2194	MD_GIANT_OCTOPUS	95	Fish	Large	Water	2	1	Giant Octopus
mob	renewal	2195	MD_G_KUKRE	100	Insect	Small	Water	1	0	Kukre
mob	renewal	2196	MD_G_STROUF	145	Fish	Large	Water	3	0	Strouf
mob	renewal	2197	RED_ERUMA	91	Fish	Medium	Water	2	0	Red Eruma
mob	renewal	2198	KING_DRAMOH	117	Fish	Large	Water	2	0	King Dramoh
mob	renewal	2199	SIORAVA	87	Formless	Small	Water	1	0	Siorava
mob	renewal	2200	J_TAINI	1	Formless	Small	Neutral	1	0	Taini
mob	renewal	2201	SROPHO	113	Fish	Medium	Water	2	0	Sropho
mob	renewal	2202	KRAKEN	124	Fish	Large	Water	4	1	Kraken
mob	renewal	2203	POT_DOFLE	115	Fish	Small	Water	2	0	Pot Dofle
mob	renewal	2204	SEDORA	110	Fish	Medium	Water	2	0	Sedora
mob	renewal	2206	KRAKEN_LEG	124	Fish	Large	Water	3	0	Kraken Tentacle
mob	renewal	2208	WILD_RIDER	95	Fish	Large	Water	2	0	Wild Rider
mob	renewal	2209	E_THIEF_BUG	1	Insect	Small	Neutral	3	0	Thief Bug
mob	renewal	2210	XMAS_LUNATIC	1	Brute	Small	Neutral	1	0	Christmas Snow Rabbit
mob	renewal	2211	E_TEDDY_BEAR	10	Formless	Small	Neutral	1	0	Christmas Teddy Bear
mob	renewal	2212	E_KNIGHT_OF_WINDSTORM	92	Formless	Large	Wind	4	1	Stormy Knight
mob	renewal	2213	M_WANDER_MAN	81	Demon	Medium	Wind	1	0	Wanderer
mob	renewal	2214	M_WICKED_NYMPH	85	Demon	Medium	Dark	3	0	Evil Nymph
mob	renewal	2215	M_KASA	83	Formless	Large	Fire	3	0	Kasa
mob	renewal	2216	M_SALAMANDER	87	Formless	Large	Fire	3	0	Salamander
mob	renewal	2217	M_TEDDY_BEAR	85	Formless	Small	Neutral	3	0	Teddy Bear
mob	renewal	2218	E_OCTOPUS_LEG	10	Fish	Small	Water	2	0	Octopus Tentacle
mob	renewal	2219	E_GIANT_OCTOPUS	10	Fish	Large	Water	2	0	Giant Octopus
mob	renewal	2220	E_QUVE	10	Undead	Small	Undead	1	0	Messenger of Devil
mob	renewal	2221	RANDEL	141	Demihuman	Medium	Holy	3	0	Randel
mob	renewal	2222	FLAMEL	141	Demihuman	Medium	Fire	3	0	Flamel
mob	renewal	2223	CELIA	141	Demihuman	Medium	Ghost	3	0	Celia
mob	renewal	2224	CHEN	141	Demon	Medium	Water	4	0	Chen
mob	renewal	2225	GERTIE	141	Demon	Medium	Poison	4	0	Gertie
mob	renewal	2226	ALPHOCCIO	142	Demihuman	Medium	Wind	3	0	Alphoccio
mob	renewal	2227	TRENTINI	142	Demihuman	Medium	Wind	3	0	Trentini
mob	renewal	2228	G_RANDEL	160	Demihuman	Medium	Holy	4	0	Paladin Randel
mob	renewal	2229	G_FLAMEL	160	Demihuman	Medium	Fire	4	0	Creator Flamel
mob	renewal	2230	G_CELIA	160	Demihuman	Medium	Ghost	3	0	Professor Celia
mob	renewal	2231	G_CHEN	160	Demihuman	Medium	Water	4	0	Champion Chen
mob	renewal	2232	G_GERTIE	160	Demon	Medium	Poison	4	0	Stalker Gertie
mob	renewal	2233	G_ALPHOCCIO	160	Demihuman	Medium	Wind	4	0	Clown Alphoccio
mob	renewal	2234	G_TRENTINI	160	Demihuman	Medium	Wind	4	0	Gypsy Trentini
mob	renewal	2235	B_RANDEL	160	Demihuman	Medium	Holy	4	1	Paladin Randel
mob	renewal	2236	B_FLAMEL	160	Demihuman	Medium	Fire	4	1	Creator Flamel
mob	renewal	2237	B_CELIA	160	Demihuman	Medium	Ghost	3	1	Professor Celia
mob	renewal	2238	B_CHEN	160	Demon	Medium	Water	4	1	Champion Chen
mob	renewal	2239	B_GERTIE	160	Demon	Medium	Poison	4	1	Stalker Gertie
mob	renewal	2240	B_ALPHOCCIO	160	Demihuman	Medium	Wind	4	1	Clown Alphoccio
mob	renewal	2241	B_TRENTINI	160	Demihuman	Medium	Wind	4	1	Gypsy Trentini
mob	renewal	2242	MD_DESERT_WOLF	135	Demon	Medium	Neutral	1	0	Desert Wolf
mob	renewal	2243	MD_DESERT_WOLF_B	130	Demon	Small	Neutral	1	0	Desert Wolf
mob	renewal	2244	QUEST_CHEN	130	Undead	Medium	Water	4	0	Dark Martial Arts Master
mob	renewal	2245	EXP_TEST	1	Demihuman	Medium	Water	1	0	Experience Test
mob	renewal	2246	Q_WOOTAN_FIGHTER	95	Demihuman	Medium	Fire	2	0	Wootan Fighter
mob	renewal	2247	Q_INCREASE_SOIL	95	Formless	Medium	Earth	3	0	Mi Gao
mob	renewal	2248	GOLDPORING	15	Plant	Medium	Water	1	0	Golden Poring
mob	renewal	2249	PYURIEL	141	Demihuman	Medium	Fire	4	1	Angry Student Pyuriel
mob	renewal	2250	LORA	136	Demihuman	Small	Fire	2	0	Warrior Laura
mob	renewal	2251	GIOIA	146	Formless	Large	Wind	4	1	Gioia
mob	renewal	2252	ELVIRA	138	Formless	Small	Wind	3	0	Elvira
mob	renewal	2253	DAEHYON	142	Demihuman	Large	Earth	3	1	General Daehyun
mob	renewal	2254	SOHEON	137	Demihuman	Medium	Wind	3	0	Samurai Soheon
mob	renewal	2255	KADES	143	Formless	Large	Dark	3	1	Dark Guardian Kades
mob	renewal	2256	RUDO	135	Angel	Small	Holy	3	0	Rudo
mob	renewal	2257	I_PIAMETTE	0	Formless	Small	Neutral	1	0	Piamette
mob	renewal	2258	I_PIAMETTE_	0	Formless	Small	Neutral	1	0	Piamette
mob	renewal	2259	I_GARDEN_KEEPER	0	Formless	Small	Neutral	1	0	Garden Keeper
mob	renewal	2260	G_GARDEN_KEEPER	0	Formless	Small	Neutral	1	0	Garden Keeper
mob	renewal	2261	I_GARDEN_WATCHER	0	Formless	Small	Neutral	1	0	Garden Watcher
mob	renewal	2262	G_GARDEN_WATCHER	0	Formless	Small	Neutral	1	0	Garden Watcher
mob	renewal	2263	I_WISH_MAIDEN	0	Formless	Small	Neutral	1	0	Wish Maiden
mob	renewal	2264	I_ARMAIA	0	Formless	Small	Neutral	1	0	Armeyer Dinze
mob	renewal	2265	I_ARMAIA_	0	Formless	Small	Neutral	1	0	Armeyer Dinze
mob	renewal	2266	I_EREND	0	Formless	Small	Neutral	1	0	Errende Ebecee
mob	renewal	2267	I_EREND_	0	Formless	Small	Neutral	1	0	Errende Ebecee
mob	renewal	2268	I_KAVAC	0	Formless	Small	Neutral	1	0	Kavach Icarus
mob	renewal	2269	I_KAVAC_	0	Formless	Small	Neutral	1	0	Kavach Icarus
mob	renewal	2270	I_RAWREL	0	Formless	Small	Neutral	1	0	Laurell Weinder
mob	renewal	2271	I_RAWREL_	0	Formless	Small	Neutral	1	0	Laurell Weinder
mob	renewal	2272	I_WHIKEBAIN	0	Formless	Small	Neutral	1	0	Wickebine Tres
mob	renewal	2273	I_WHIKEBAIN_	0	Formless	Small	Neutral	1	0	Wickebine Tres
mob	renewal	2274	I_YGNIZEM	0	Formless	Small	Neutral	1	0	Egnigem Cenia
mob	renewal	2275	I_YGNIZEM_	0	Formless	Small	Neutral	1	0	Egnigem Cenia
mob	renewal	2276	I_DOPPELGANGER	0	Formless	Small	Neutral	1	0	Doppelganger
mob	renewal	2277	G_LORA	136	Demihuman	Small	Fire	2	0	Warrior Laura
mob	renewal	2278	G_ELVIRA	138	Formless	Small	Wind	3	0	Elvira
mob	renewal	2279	G_SOHEON	137	Demihuman	Medium	Wind	3	0	Samurai Soheon
mob	renewal	2280	G_RUDO	135	Angel	Small	Holy	3	0	Rudo
mob	renewal	2281	GLD_DARK_SHADOW	147	Formless	Small	Dark	2	0	Dark Shadow
mob	renewal	2282	GLD_DARK_FRAME	145	Demon	Medium	Dark	3	0	Dark Frame
mob	renewal	2283	GLD_DARK_PRIEST	141	Demon	Medium	Undead	4	0	Dark Priest
mob	renewal	2284	GLD_KOBOLD_1	145	Demihuman	Medium	Wind	2	0	Dark Axe Kobold
mob	renewal	2285	GLD_KOBOLD_2	142	Demihuman	Medium	Poison	2	0	Dark Hammer Kobold
mob	renewal	2286	GLD_KOBOLD_3	141	Demihuman	Medium	Fire	2	0	Dark Mace Kobold
mob	renewal	2287	GLD_KOBOLD_ARCHER	142	Demihuman	Small	Fire	1	0	Dark Kobold Archer
mob	renewal	2288	GLD_TREASURE	140	Formless	Small	Holy	1	0	Treasure Chest
mob	renewal	2289	E_FABRE	0	Formless	Small	Neutral	1	0	Fabre
mob	renewal	2290	J_THIEF_BUG	0	Formless	Small	Neutral	1	0	Thief Bug
mob	renewal	2291	E_HORNET	0	Formless	Small	Neutral	1	0	Hornet
mob	renewal	2292	E_HORN	0	Formless	Small	Neutral	1	0	Horn
mob	renewal	2293	E_KIND_OF_BEETLE	0	Formless	Small	Neutral	1	0	Beetle King
mob	renewal	2294	E_ARGIOPE	0	Formless	Small	Neutral	1	0	Argiope
mob	renewal	2295	E_GIANT_SPIDER	0	Formless	Small	Neutral	1	0	Giant Spider
mob	renewal	2296	E_KILLER_MANTIS	0	Formless	Small	Neutral	1	0	Killer Mantis
mob	renewal	2297	E_GIANT_HONET	0	Formless	Small	Neutral	1	0	Giant Hornet
mob	renewal	2298	E_DRAGON_TAIL	0	Formless	Small	Neutral	1	0	Dragon Tail
mob	renewal	2299	E_STAINER	0	Formless	Small	Neutral	1	0	Stainer
mob	renewal	2300	E_CHONCHON	0	Formless	Small	Neutral	1	0	Chonchon
mob	renewal	2301	E_STEEL_CHONCHON	0	Formless	Small	Neutral	1	0	Steel Chonchon
mob	renewal	2302	E_HUNTER_FLY	0	Formless	Small	Neutral	1	0	Hunter Fly
mob	renewal	2303	E_MAYA	0	Formless	Small	Neutral	1	0	Maya
mob	renewal	2304	E_QUEEN_SCARABA	0	Formless	Small	Neutral	1	0	Queen Scaraba
mob	renewal	2305	E_UNGOLIANT	0	Formless	Small	Neutral	1	0	Ungoliant
mob	renewal	2306	E_GOLDEN_BUG	65	Insect	Large	Fire	2	1	Golden Thief Bug
mob	renewal	2307	J_MISTRESS	0	Formless	Small	Neutral	1	0	Mistress
mob	renewal	2308	KO_KAGE	140	Formless	Small	Holy	1	0	Zanzou
mob	renewal	2309	BUNGISNGIS	121	Demihuman	Large	Earth	2	0	Bungisngis
mob	renewal	2310	ENGKANTO	125	Demihuman	Medium	Neutral	2	0	Engkanto
mob	renewal	2311	MANANANGGAL	107	Demon	Medium	Dark	2	0	Manananggal
mob	renewal	2312	MANGKUKULAM	110	Demon	Medium	Neutral	2	0	Mangkukulam
mob	renewal	2313	TIKBALANG	115	Brute	Large	Wind	3	0	Tikbalang
mob	renewal	2314	TIYANAK	105	Demon	Small	Dark	2	0	Tiyanak
mob	renewal	2315	WAKWAK	111	Demon	Small	Dark	2	0	Wakwak
mob	renewal	2316	JEJELING	100	Plant	Large	Earth	2	0	Jejeling
mob	renewal	2317	BANGUNGOT_1	115	Demon	Medium	Dark	2	0	Bangungot
mob	renewal	2318	BANGUNGOT_2	99	Demon	Medium	Dark	2	0	Bangungot
mob	renewal	2319	BUWAYA	151	Dragon	Large	Water	4	1	Buwaya
mob	renewal	2320	BAKONAWA_1	156	Dragon	Large	Water	4	0	Bakonawa
mob	renewal	2321	BAKONAWA_2	156	Dragon	Large	Water	4	0	Bakonawa
mob	renewal	2322	BAKONAWA_3	156	Dragon	Large	Water	4	0	Bakonawa
mob	renewal	2323	EVENT_BOMB	100	Formless	Small	Neutral	1	0	Bomb Poring
mob	renewal	2324	EVENT_RANGE	100	Fish	Medium	Poison	1	0	Penomena
mob	renewal	2325	M_BAPHOMET_	57	Demon	Small	Dark	1	0	Baphomet
mob	renewal	2326	M_GALAPAGO	45	Brute	Small	Earth	1	0	Galapago
mob	renewal	2327	BANGUNGOT_3	115	Demon	Medium	Dark	2	0	Bangungot
mob	renewal	2328	MA_DRUM	1	Formless	Small	Neutral	1	0	Drum
mob	renewal	2329	BUWAYA_EGG	100	Formless	Small	Neutral	3	0	Buwaya's Egg
mob	renewal	2330	BUWAYA_SLAVE	135	Plant	Small	Earth	1	0	Slave
mob	renewal	2331	MA_SEAW	100	Fish	Small	Water	1	0	Seaweed
mob	renewal	2332	BUWAYA_GHOST	138	Plant	Small	Water	4	0	Buwaya
mob	renewal	2333	BUWAYA_WEAK	138	Plant	Small	Water	4	0	Weakpoint
mob	renewal	2334	G_WAKWAK	145	Demon	Small	Dark	2	0	Wakwak
mob	renewal	2335	MA_TREASURE	140	Formless	Small	Holy	1	0	Bakonawa's Treasure
mob	renewal	2336	DOMOVOI	38	Brute	Small	Earth	1	0	Domovoi
mob	renewal	2337	HIDDEN_MOB	151	Insect	Small	Ghost	4	0	Monster
mob	renewal	2338	MD_MANANANGGAL	107	Demon	Medium	Dark	2	0	Manananggal
mob	renewal	2339	MD_MANGKUKULAM	110	Demon	Medium	Neutral	2	0	Mangkukulam
mob	renewal	2340	MD_TIYANAK	105	Demon	Small	Dark	2	0	Tiyanak
mob	renewal	2341	RWC_BOSS2011	141	Angel	Large	Holy	4	1	2011 RWC Boss
mob	renewal	2342	MER_DIABOLIC	83	Demon	Small	Dark	2	0	Diabolic
mob	renewal	2343	HIDDEN_MOB_W	151	Insect	Small	Ghost	4	0	Hidden Mob
mob	renewal	2344	MER_WISH_MAIDEN	83	Demon	Small	Dark	2	0	Wish Maiden
mob	renewal	2345	MER_ZHERLTHSH	83	Demon	Small	Dark	2	0	Zealotus
mob	renewal	2346	MER_KTULLANUX	83	Demon	Small	Dark	2	0	Ktullanux
mob	renewal	2347	MER_EDDGA	83	Demon	Small	Dark	2	0	Eddga
mob	renewal	2348	MER_CIVIL_SERVANT	83	Demon	Small	Dark	2	0	Mao Guai
mob	renewal	2349	MER_LOLI_RURI	83	Demon	Small	Dark	2	0	Loli Ruri
mob	renewal	2350	MER_SEDORA	83	Demon	Small	Dark	2	0	Sedora
mob	renewal	2351	MER_CHEPET	83	Demon	Small	Dark	2	0	Chepet
mob	renewal	2352	E_RSX_0805	100	Formless	Large	Neutral	3	1	RSX 0805
mob	renewal	2353	N_MINOROUS	121	Brute	Large	Fire	2	0	Minorous (Nightmare)
mob	renewal	2354	N_MUMMY	117	Undead	Medium	Undead	2	0	Mummy (Nightmare)
mob	renewal	2355	N_VERIT	115	Undead	Medium	Undead	1	0	Verit (Nightmare)
mob	renewal	2356	N_MIMIC	137	Formless	Medium	Neutral	3	0	Mimic (Nightmare)
mob	renewal	2357	G_N_MIMIC	137	Formless	Medium	Neutral	3	0	Mimic (Nightmare)
mob	renewal	2358	N_ARCLOUSE	134	Insect	Medium	Earth	2	0	Arclouze (Nightmare)
mob	renewal	2359	G_N_ARCLOUSE	134	Insect	Medium	Earth	2	0	Arclouze (Nightmare)
mob	renewal	2360	N_ANCIENT_MUMMY	141	Undead	Medium	Undead	2	0	Ancient Mummy (Nightmare
mob	renewal	2361	G_N_ANCIENT_MUMMY	141	Undead	Medium	Undead	2	0	Ancient Mummy (Nightmare
mob	renewal	2362	N_AMON_RA	145	Demihuman	Large	Earth	3	1	Amon Ra (Nightmare)
mob	renewal	2363	MENBLATT	143	Insect	Medium	Wind	2	0	Menblatt
mob	renewal	2364	PETAL	141	Brute	Medium	Wind	1	0	Petal
mob	renewal	2365	CENERE	146	Plant	Small	Wind	1	0	Cenere
mob	renewal	2366	ANTIQUE_BOOK	148	Formless	Small	Neutral	3	0	Antique Book
mob	renewal	2367	LICHTERN_B	149	Formless	Small	Water	4	0	Lichtern
mob	renewal	2368	LICHTERN_Y	147	Formless	Small	Ghost	4	0	Lichtern
mob	renewal	2369	LICHTERN_R	149	Formless	Small	Fire	4	0	Lichtern
mob	renewal	2370	LICHTERN_G	151	Formless	Small	Earth	4	0	Lichtern
mob	renewal	2371	FAITHFUL_MANAGER	155	Formless	Large	Neutral	4	0	Faithful Manager
mob	renewal	2372	SOIL	1	Plant	Small	Earth	1	0	Soil
mob	renewal	2373	ROCK	1	Plant	Small	Earth	1	0	Rock
mob	renewal	2374	THICKET	1	Plant	Small	Earth	1	0	Thicket
mob	renewal	2375	MOROCC_4_142	100	Demon	Medium	Undead	3	0	Incarnation of Morocc
mob	renewal	2376	MOROCC_2_142	100	Demon	Medium	Dark	3	0	Incarnation of Morocc
mob	renewal	2377	E_NOVUS_	1	Dragon	Small	Neutral	1	0	Novus
mob	renewal	2378	MER_ANTLER_SCARABA	136	Insect	Medium	Earth	2	0	Antler Scaraba
mob	renewal	2379	XMAS_SMOKEY_SOCK	10	Brute	Small	Earth	1	0	Socks Stealing Raccoon
mob	renewal	2380	XMAS_SMOKEY_GIFT	10	Brute	Small	Earth	1	0	Gift Stealing Raccoon
mob	renewal	2398	LITTLE_PORING	1	Plant	Small	Water	1	0	Little Poring
mob	renewal	2401	G_PORING	1	Plant	Medium	Water	1	0	Poring
mob	renewal	2402	POPORING_IMMUNE_M	30	Plant	Medium	Poison	1	0	Poporing
mob	renewal	2403	POPORING_IMMUNE_A	30	Plant	Medium	Poison	1	0	Poporing
mob	renewal	2404	DEAD_PLANKTON	9	Undead	Small	Undead	1	0	Dead Plankton
mob	renewal	2405	WEAK_SKELETON	18	Undead	Medium	Undead	1	0	Weak Skeleton
mob	renewal	2406	WEAK_SKEL_SOLDIER	23	Undead	Medium	Undead	1	0	Weak Soldier Skeleton
mob	renewal	2407	SAILOR_SKELETON	19	Undead	Medium	Undead	1	0	Sailor Skeleton
mob	renewal	2408	DUMMY_10	10	Formless	Medium	Neutral	1	0	Dummy 10
mob	renewal	2409	DUMMY_50	50	Formless	Medium	Neutral	1	0	Dummy 50
mob	renewal	2410	DUMMY_100	100	Formless	Medium	Neutral	1	0	Dummy 100
mob	renewal	2411	DUMMY_150	150	Formless	Medium	Neutral	1	0	Dummy 150
mob	renewal	2413	DUMMY_10_FIRE	10	Formless	Medium	Fire	1	0	Dummy 10
mob	renewal	2415	L_SEYREN	98	Demihuman	Medium	Fire	3	0	Knight Seyren
mob	renewal	2416	L_EREMES	98	Demihuman	Medium	Poison	4	0	Assassin Eremes
mob	renewal	2417	L_HARWORD	98	Demihuman	Medium	Water	4	0	Blacksmith Howard
mob	renewal	2418	L_SHECIL	98	Demihuman	Medium	Wind	3	0	Hunter Cecil
mob	renewal	2419	L_KATRINN	98	Demihuman	Medium	Ghost	3	0	Wizard Kathryne
mob	renewal	2420	L_MAGALETA	98	Demihuman	Medium	Holy	3	0	Priest Margaretha
mob	renewal	2421	L_YGNIZEM	98	Demihuman	Medium	Fire	2	0	Crusader Egnigem
mob	renewal	2422	L_WHIKEBAIN	98	Demihuman	Medium	Poison	3	0	Rogue Wickebine
mob	renewal	2423	L_ARMAIA	98	Demihuman	Medium	Earth	3	0	Alchemist Armeyer
mob	renewal	2424	L_KAVAC	98	Demihuman	Medium	Wind	2	0	Bard Kavach
mob	renewal	2425	L_DANCER	98	Demihuman	Medium	Wind	2	0	Dancer Josephina
mob	renewal	2426	L_RAWREL	98	Demihuman	Medium	Ghost	2	0	Sage Laurell
mob	renewal	2427	L_EREND	98	Demihuman	Medium	Holy	2	0	Monk Errende
mob	renewal	2428	G_L_SEYREN	98	Demihuman	Medium	Fire	3	0	Knight Seyren
mob	renewal	2429	G_L_EREMES	98	Demihuman	Medium	Poison	4	0	Assassin Eremes
mob	renewal	2430	G_L_HARWORD	98	Demihuman	Medium	Water	4	0	Blacksmith Howard
mob	renewal	2431	G_L_SHECIL	98	Demihuman	Medium	Wind	3	0	Hunter Cecil
mob	renewal	2432	G_L_KATRINN	98	Demihuman	Medium	Ghost	3	0	Wizard Kathryne
mob	renewal	2433	G_L_MAGALETA	98	Demihuman	Medium	Holy	3	0	Priest Margaretha
mob	renewal	2434	G_L_YGNIZEM	98	Demihuman	Medium	Fire	2	0	Crusader Egnigem
mob	renewal	2435	G_L_WHIKEBAIN	98	Demihuman	Medium	Poison	3	0	Rogue Wickebine
mob	renewal	2436	G_L_ARMAIA	98	Demihuman	Medium	Earth	3	0	Alchemist Armeyer
mob	renewal	2437	G_L_KAVAC	98	Demihuman	Medium	Wind	2	0	Bard Kavach
mob	renewal	2438	G_L_DANCER	98	Demihuman	Medium	Wind	2	0	Dancer Josephina
mob	renewal	2439	G_L_RAWREL	98	Demihuman	Medium	Ghost	2	0	Sage Laurell
mob	renewal	2440	G_L_EREND	98	Demihuman	Medium	Holy	2	0	Monk Errende
mob	renewal	2441	B_NOVICE	99	Demihuman	Medium	Fire	4	1	The Last One
mob	renewal	2442	B_SUPERNOVICE	99	Demihuman	Medium	Fire	4	1	King of the Alley
mob	renewal	2443	AIRA	99	Demihuman	Medium	Fire	3	0	Aira
mob	renewal	2444	KULUNA	99	Demihuman	Medium	Ghost	3	0	Kuluna
mob	renewal	2445	MALLINA	99	Demihuman	Medium	Earth	4	0	Mallina
mob	renewal	2446	EZELLA	99	Demihuman	Medium	Wind	3	0	Ezella
mob	renewal	2447	LUNE	99	Demihuman	Medium	Water	3	0	Lune
mob	renewal	2448	MORIN	99	Demihuman	Medium	Dark	3	0	Morin
mob	renewal	2449	NASARIN	99	Demihuman	Medium	Poison	2	0	Nasarin
mob	renewal	2450	THIEF_PORING	1	Plant	Medium	Water	1	0	Thief Poring
mob	renewal	2451	BABY_STRANGE	1	Plant	Medium	Water	1	0	Strange Baby Orc
mob	renewal	2452	TREASURE_BOX_TE	99	Formless	Small	Neutral	1	0	Treasure Chest
mob	renewal	2453	TREASURE_BOX_TE_1	99	Formless	Small	Neutral	1	0	Treasure Chest
mob	renewal	2454	TREASURE_BOX_TE_2	99	Formless	Small	Neutral	1	0	Treasure Chest
mob	renewal	2455	TREASURE_BOX_TE_3	99	Formless	Small	Neutral	1	0	Treasure Chest
mob	renewal	2456	TREASURE_BOX_TE_4	99	Formless	Small	Neutral	1	0	Treasure Chest
mob	renewal	2457	TREASURE_BOX_TE_5	99	Formless	Small	Neutral	1	0	Treasure Chest
mob	renewal	2458	TREASURE_BOX_TE_6	99	Formless	Small	Neutral	1	0	Treasure Chest
mob	renewal	2459	TREASURE_BOX_TE_7	99	Formless	Small	Neutral	1	0	Treasure Chest
mob	renewal	2460	TREASURE_BOX_TE_8	99	Formless	Small	Neutral	1	0	Treasure Chest
mob	renewal	2461	TREASURE_BOX_TE_9	99	Formless	Small	Neutral	1	0	Treasure Chest
mob	renewal	2462	TREASURE_BOX_TE_10	99	Formless	Small	Neutral	1	0	Treasure Chest
mob	renewal	2464	MG_ZOMBIE	130	Undead	Medium	Undead	1	0	Corrupted Steward
mob	renewal	2465	MG_WRAITH	133	Undead	Large	Undead	4	0	Corrupted Monk
mob	renewal	2466	MG_GHOUL	132	Undead	Medium	Undead	2	0	Grand Chamberlain in pai
mob	renewal	2467	MG_ARCLOUSE	133	Insect	Small	Earth	2	0	Maggot
mob	renewal	2468	MG_RAYDRIC	135	Undead	Medium	Dark	2	0	Corrupted Palace Guard
mob	renewal	2469	MG_RAYDRIC_ARCHER	136	Undead	Medium	Dark	2	0	Wandering Archer
mob	renewal	2470	MG_KNIGHT_OF_ABYSS	142	Undead	Large	Dark	4	0	Corrupted Abysmal Knight
mob	renewal	2471	MG_KHALITZBURG	143	Undead	Large	Undead	1	0	Suffering Khalitzburg
mob	renewal	2472	MG_BLOODY_KNIGHT	143	Undead	Large	Dark	4	0	Bloody Knight
mob	renewal	2473	MG_M_UNDEAD_KNIGHT	145	Undead	Medium	Undead	2	0	1st Commander of Destruc
mob	renewal	2474	MG_F_UNDEAD_KNIGHT	145	Undead	Medium	Undead	2	0	2nd Commander of Destruc
mob	renewal	2475	MG_CORRUPTION_ROOT	150	Demon	Large	Earth	3	1	Corrupted Soul
mob	renewal	2476	MG_AMDARAIS	150	Undead	Large	Undead	4	1	Amdarais
mob	renewal	2477	NG_WANDER_MAN	151	Demon	Medium	Wind	1	0	Nightmare Wander Man
mob	renewal	2478	NG_RIDEWORD	146	Formless	Small	Neutral	3	0	Nightmare Rideword
mob	renewal	2479	NG_MIMIC	143	Formless	Medium	Neutral	3	0	Nightmare Mimic
mob	renewal	2480	NG_EVIL_DRUID	134	Undead	Large	Undead	4	0	Nightmare Evil Druid
mob	renewal	2481	NG_WRAITH_DEAD	110	Undead	Large	Undead	4	0	Nightmare Wraith Dead
mob	renewal	2483	NG_BAPHOMET	154	Demon	Large	Dark	3	1	Nightmare Baphomet
mob	renewal	2484	G_NG_BAPHOMET_	141	Demon	Small	Dark	1	0	Nightmare Baphomet Jr.
mob	renewal	2485	NG_CHIMERA	140	Brute	Large	Fire	3	0	Nightmare Chimera
mob	renewal	2528	FACEWORM	140	Insect	Large	Poison	1	0	Faceworm
mob	renewal	2529	FACEWORM_QUEEN	155	Insect	Large	Poison	4	1	Faceworm Queen
mob	renewal	2530	FACEWORM_DARK	144	Insect	Large	Poison	2	0	Dark Faceworm
mob	renewal	2531	VENOM_BUG	140	Insect	Small	Poison	1	0	Venom Bug
mob	renewal	2532	FACEWORM_QUEEN_R	155	Insect	Large	Fire	1	1	Red Faceworm Queen
mob	renewal	2533	FACEWORM_QUEEN_G	155	Insect	Large	Earth	1	1	Green Faceworm Queen
mob	renewal	2534	FACEWORM_QUEEN_B	155	Insect	Large	Water	1	1	Blue Faceworm Queen
mob	renewal	2535	FACEWORM_QUEEN_Y	155	Insect	Large	Wind	1	1	Yellow Faceworm Queen
mob	renewal	2536	HIDDEN_MOB3	151	Formless	Small	Ghost	4	0	Monster 3
mob	renewal	2537	HIDDEN_MOB4	151	Formless	Small	Ghost	4	0	Monster 4
mob	renewal	2539	HIDDEN_MOB5	151	Formless	Small	Ghost	4	0	Monster 5
mob	renewal	2540	FACEWORM_EGG	140	Insect	Medium	Poison	1	0	Faceworm Egg
mob	renewal	2541	FACEWORM_LARVA	145	Insect	Medium	Poison	2	0	Faceworm Larva
mob	renewal	2542	IRENE_ELDER	101	Demihuman	Medium	Neutral	1	0	Doyen Irene
mob	renewal	2543	PAYONSOLDIER	101	Demihuman	Medium	Neutral	1	0	1st Payon Soldier
mob	renewal	2544	PAYONSOLDIER2	101	Demihuman	Medium	Neutral	1	0	2nd Payon Soldier
mob	renewal	2545	GUARDDOG	101	Brute	Medium	Earth	1	0	1st Guard Dog
mob	renewal	2546	GUARDDOG2	101	Brute	Medium	Fire	1	0	2nd Guard Dog
mob	renewal	2549	GEFFEN_MAGE_1	90	Demihuman	Medium	Neutral	1	0	Arhi
mob	renewal	2550	GEFFEN_MAGE_2	95	Demihuman	Medium	Neutral	1	0	Dio Anemos
mob	renewal	2551	GEFFEN_MAGE_3_1	100	Demihuman	Medium	Neutral	1	0	Geffen Shoplifter
mob	renewal	2552	GEFFEN_MAGE_3_2	100	Demihuman	Medium	Neutral	1	0	Geffen Bully
mob	renewal	2553	GEFFEN_MAGE_3_3	100	Demihuman	Medium	Neutral	1	0	Geffen Gang Member
mob	renewal	2554	GEFFEN_MAGE_4	105	Demihuman	Medium	Neutral	1	0	Faymont
mob	renewal	2555	GEFFEN_MAGE_5	110	Demihuman	Medium	Neutral	1	0	Ordre
mob	renewal	2556	GEFFEN_MAGE_6	120	Demihuman	Medium	Ghost	2	0	Blut Hase
mob	renewal	2557	GEFFEN_MAGE_7	130	Demihuman	Medium	Neutral	1	0	Kuro Akuma
mob	renewal	2558	GEFFEN_MAGE_8	140	Demihuman	Medium	Neutral	1	0	Ifodes
mob	renewal	2559	GEFFEN_MAGE_9	145	Demihuman	Medium	Neutral	1	0	Licheniyes
mob	renewal	2560	GEFFEN_MAGE_10	150	Demihuman	Medium	Neutral	1	0	Odoric
mob	renewal	2561	GEFFEN_MAGE_11	155	Demihuman	Medium	Neutral	1	0	Ju
mob	renewal	2562	GEFFEN_MAGE_12	160	Demihuman	Medium	Ghost	2	0	Dwigh
mob	renewal	2563	FEI_KANABIAN	160	Demihuman	Medium	Ghost	2	0	Fay Kanavian
mob	renewal	2564	GEFFEN_FENRIR	160	Demihuman	Medium	Ghost	2	1	Fenrir
mob	renewal	2565	ALPHONSE	150	Demihuman	Medium	Earth	2	0	Alphonse
mob	renewal	2566	ALPHONSE_JR	150	Demihuman	Medium	Earth	3	0	Alphonse Jr
mob	renewal	2567	E_GEFFEN_MAGE_3_2	50	Demihuman	Medium	Neutral	1	0	Geffen Bully
mob	renewal	2568	E_GEFFEN_MAGE_3_3	50	Demihuman	Medium	Neutral	1	0	Geffen Gang Member
mob	renewal	2569	G_ANOPHELES	95	Insect	Small	Wind	3	0	Anopheles
mob	renewal	2570	G_BREEZE	92	Formless	Medium	Wind	3	0	Breeze
mob	renewal	2571	G_BUTOIJO	88	Demon	Large	Fire	2	0	Butoijo
mob	renewal	2572	G_CARAMEL	25	Brute	Small	Earth	1	0	Caramel
mob	renewal	2573	G_CHONCHON	5	Insect	Small	Wind	1	0	Chonchon
mob	renewal	2574	G_CIVIL_SERVANT	89	Brute	Medium	Wind	2	0	Civil Servant
mob	renewal	2575	G_COCO	38	Brute	Small	Earth	1	0	Coco
mob	renewal	2576	G_CREAMY	23	Insect	Small	Wind	1	0	Creamy
mob	renewal	2577	G_FABRE	6	Insect	Small	Earth	1	0	Fabre
mob	renewal	2578	G_HORN	32	Insect	Medium	Earth	1	0	Horn
mob	renewal	2579	G_HYLOZOIST	102	Demon	Small	Dark	2	0	Hylozoist
mob	renewal	2580	G_KAHO	98	Demon	Medium	Fire	4	0	Kaho
mob	renewal	2581	G_LUDE	101	Undead	Small	Undead	1	0	Lude
mob	renewal	2582	G_LUNATIC	3	Brute	Small	Neutral	3	0	Lunatic
mob	renewal	2583	G_MARTIN	39	Brute	Small	Earth	2	0	Martin
mob	renewal	2584	G_MINERAL	96	Formless	Small	Neutral	2	0	Mineral
mob	renewal	2585	G_MOLE	85	Brute	Small	Earth	2	0	Mole
mob	renewal	2586	G_NERAID	98	Brute	Small	Earth	1	0	Neraid
mob	renewal	2587	G_OBSIDIAN	97	Formless	Small	Earth	2	0	Obsidian
mob	renewal	2588	G_PITMAN	90	Undead	Large	Earth	2	0	Pitman
mob	renewal	2589	G_POPORING	30	Plant	Medium	Poison	1	0	Poporing
mob	renewal	2590	G_ROCKER	15	Insect	Medium	Earth	1	0	Rocker
mob	renewal	2591	G_SAVAGE	59	Brute	Large	Earth	2	0	Savage
mob	renewal	2592	G_SIORAVA	87	Formless	Small	Water	1	0	Siorava
mob	renewal	2593	G_SIROMA	98	Formless	Small	Water	3	0	Siroma
mob	renewal	2594	G_SNOWIER	103	Formless	Large	Water	2	0	Snowier
mob	renewal	2595	G_STAINER	21	Insect	Small	Wind	1	0	Stainer
mob	renewal	2596	G_STAPO	95	Formless	Small	Earth	2	0	Stapo
mob	renewal	2597	G_STEEL_CHONCHON	48	Insect	Small	Wind	1	0	Steel Chonchon
mob	renewal	2598	G_UNGOLIANT	94	Insect	Large	Poison	2	0	Ungoliant
mob	renewal	2599	G_WILD_RIDER	95	Fish	Large	Water	2	0	Wild Rider
mob	renewal	2600	G_WOLF	45	Brute	Medium	Earth	1	0	Wolf
mob	renewal	2601	G_YOYO	38	Brute	Small	Earth	1	0	Yoyo
mob	renewal	2602	G_ZIPPER_BEAR	90	Brute	Medium	Dark	1	0	Zipper Bear
mob	renewal	2603	C1_ZOMBIE_SLAUGHTER	124	Undead	Medium	Undead	3	0	Swift Zombie Slaughter
mob	renewal	2604	C2_ZOMBIE_PRISONER	89	Undead	Medium	Undead	3	0	Solid Zombie Prisoner
mob	renewal	2605	C3_ZOMBIE_MASTER	119	Undead	Medium	Undead	1	0	Zombie Master Ringleader
mob	renewal	2606	C4_ZOMBIE	17	Undead	Medium	Undead	1	0	Furious Zombie
mob	renewal	2607	C5_ZAKUDAM	115	Demihuman	Large	Neutral	3	0	Elusive Zakudam
mob	renewal	2608	C1_YOYO	38	Brute	Small	Earth	1	0	Swift Yoyo
mob	renewal	2609	C2_YOYO	38	Brute	Small	Earth	1	0	Solid Yoyo
mob	renewal	2610	C3_WORM_TAIL	17	Plant	Medium	Earth	1	0	Wormtail Ringleader
mob	renewal	2611	C4_WOOTAN_FIGHTER	67	Demihuman	Medium	Fire	2	0	Furious Wootan Fighter
mob	renewal	2612	C5_WOOD_GOBLIN	81	Plant	Medium	Earth	3	0	Elusive Wood Goblin
mob	renewal	2613	C1_WOLF	45	Brute	Medium	Earth	1	0	Swift Wolf
mob	renewal	2614	C2_WIND_GHOST	80	Demon	Medium	Wind	3	0	Solid Wind Ghost
mob	renewal	2615	C3_WILOW	8	Plant	Medium	Earth	1	0	Willow Ringleader
mob	renewal	2616	C4_WILD_ROSE	70	Brute	Small	Wind	1	0	Furious Wild Rose
mob	renewal	2617	C5_WICKED_NYMPH	97	Demon	Medium	Dark	3	0	Elusive Evil Nymph
mob	renewal	2618	C2_WHISPER	46	Demon	Small	Ghost	3	0	Solid Whisper
mob	renewal	2619	C3_WEAK_SKELETON	18	Undead	Medium	Undead	1	0	Weak Skeleton Ringleader
mob	renewal	2620	C4_WANDER_MAN	120	Demon	Medium	Wind	1	0	Furious Wanderer
mob	renewal	2621	C5_VIOLY	118	Demihuman	Medium	Neutral	2	0	Elusive Violy
mob	renewal	2622	C1_VIOLY	118	Demihuman	Medium	Neutral	2	0	Swift Violy
mob	renewal	2623	C2_VIOLY	118	Demihuman	Medium	Neutral	2	0	Solid Violy
mob	renewal	2624	C3_VENOMOUS	87	Formless	Medium	Poison	1	0	Venomous Ringleader
mob	renewal	2625	C4_VENATU_1	113	Formless	Medium	Neutral	2	0	Furious Venatu
mob	renewal	2626	C5_VAVAYAGA	87	Demihuman	Medium	Water	1	0	Elusive Vavayaga
mob	renewal	2627	C1_VANBERK	123	Demihuman	Medium	Neutral	4	0	Swift Vanberk
mob	renewal	2628	C2_VADON	45	Fish	Small	Water	1	0	Solid Vadon
mob	renewal	2629	C3_UNGOLIANT	94	Insect	Large	Poison	2	0	Ungoliant Ringleader
mob	renewal	2630	C4_TOUCAN	70	Brute	Medium	Wind	2	0	Furious Toucan
mob	renewal	2631	C5_TIYANAK	105	Demon	Small	Dark	2	0	Elusive Tiyanak
mob	renewal	2632	C2_THIEF_BUG	21	Insect	Small	Neutral	3	0	Solid Thief Bug
mob	renewal	2633	C3_THIEF_BUG	21	Insect	Small	Neutral	3	0	Thief Bug Ringleader
mob	renewal	2634	C4_THIEF_BUG	21	Insect	Small	Neutral	3	0	Furious Thief Bug
mob	renewal	2635	C5_THARA_FROG	40	Fish	Medium	Water	2	0	Elusive Thara Frog
mob	renewal	2636	C1_TEDDY_BEAR	91	Formless	Small	Neutral	3	0	Swift Teddy Bear
mob	renewal	2637	C2_TATACHO	128	Brute	Medium	Earth	1	0	Solid Tatacho
mob	renewal	2638	C3_TAROU	22	Brute	Small	Dark	1	0	Tarou Ringleader
mob	renewal	2639	C4_TAMRUAN	73	Demon	Large	Dark	3	0	Furious Tamruan
mob	renewal	2640	C5_STING	104	Formless	Medium	Earth	3	0	Elusive Sting
mob	renewal	2641	C1_STEM_WORM	84	Plant	Medium	Wind	1	0	Swift Stem Worm
mob	renewal	2642	C2_STEEL_CHONCHON	48	Insect	Small	Wind	1	0	Solid Steel Chonchon
mob	renewal	2643	C3_STAPO	95	Formless	Small	Earth	2	0	Stapo Ringleader
mob	renewal	2644	C4_STALACTIC_GOLEM	68	Formless	Large	Neutral	4	0	Furious Stalactic Golem
mob	renewal	2645	C5_STAINER	21	Insect	Small	Wind	1	0	Elusive Stainer
mob	renewal	2646	C1_SPORE	18	Plant	Medium	Water	1	0	Swift Spore
mob	renewal	2647	C2_SOLIDER	92	Brute	Medium	Earth	2	0	Solid Solider
mob	renewal	2648	C3_SOLDIER_SKELETON	34	Undead	Medium	Undead	1	0	Soldier Skeleton Ringlea
mob	renewal	2649	C4_SOLDIER_SKELETON	34	Undead	Medium	Undead	1	0	Furious Soldier Skeleton
mob	renewal	2650	C5_SOLACE	123	Angel	Medium	Holy	3	0	Elusive Lady Solace
mob	renewal	2651	C1_SOHEE	64	Demon	Medium	Water	1	0	Swift Sohee
mob	renewal	2652	C2_SNOWIER	103	Formless	Large	Water	2	0	Solid Snowier
mob	renewal	2653	C3_SNAKE	18	Brute	Medium	Earth	1	0	Boa Ringleader
mob	renewal	2654	C4_SMOKIE	29	Brute	Small	Earth	1	0	Furious Smokie
mob	renewal	2655	C5_SLEEPER	81	Formless	Medium	Earth	2	0	Elusive Sleeper
mob	renewal	2656	C1_SLEEPER	81	Formless	Medium	Earth	2	0	Swift Sleeper
mob	renewal	2657	C2_SKOGUL	126	Demon	Medium	Dark	3	0	Solid Skogul
mob	renewal	2658	C3_SKELETON_GENERAL	139	Undead	Medium	Undead	1	0	Skeleton General Ringlea
mob	renewal	2659	C4_SKELETON_GENERAL	139	Undead	Medium	Undead	1	0	Furious Skeleton General
mob	renewal	2660	C5_SKEL_WORKER	44	Undead	Medium	Undead	1	0	Elusive Skeleton Worker
mob	renewal	2661	C1_SIROMA	98	Formless	Small	Water	3	0	Swift Siroma
mob	renewal	2662	C2_SIDE_WINDER	70	Brute	Medium	Poison	1	0	Solid Side Winder
mob	renewal	2663	C3_SIDE_WINDER	70	Brute	Medium	Poison	1	0	Side Winder Ringleader
mob	renewal	2664	C4_SHINOBI	95	Demihuman	Medium	Dark	3	0	Furious Shinobi
mob	renewal	2665	C5_SHELTER	125	Angel	Medium	Holy	3	0	Elusive Mistress of Shel
mob	renewal	2666	C1_SHELLFISH	50	Fish	Small	Water	1	0	Swift Shellfish
mob	renewal	2667	C2_SHECIL	141	Demihuman	Medium	Wind	3	0	Solid Cecil Damon
mob	renewal	2668	C3_SEE_OTTER	48	Brute	Medium	Water	3	0	Sea Otter Ringleader
mob	renewal	2669	C4_SEDORA	110	Fish	Medium	Water	2	0	Furious Lamp Rey
mob	renewal	2670	C5_SCORPION	16	Insect	Small	Fire	1	0	Elusive Scorpion
mob	renewal	2671	C1_SAVAGE_BABE	14	Brute	Small	Earth	1	0	Swift Savage Babe
mob	renewal	2672	C2_SAVAGE	59	Brute	Large	Earth	2	0	Solid Savage
mob	renewal	2673	C3_SAVAGE	59	Brute	Large	Earth	2	0	Savage Ringleader
mob	renewal	2674	C4_SAND_MAN	61	Formless	Medium	Earth	3	0	Furious Sandman
mob	renewal	2675	C5_SALAMANDER	138	Formless	Large	Fire	3	0	Elusive Salamander
mob	renewal	2676	C1_SAILOR_SKELETON	48	Undead	Medium	Undead	1	0	Swift Sailor Skeleton
mob	renewal	2677	C2_ROWEEN	95	Brute	Medium	Wind	1	0	Solid Roween
mob	renewal	2678	C3_RODA_FROG	13	Fish	Medium	Water	1	0	Roda Frog Ringleader
mob	renewal	2679	C4_RODA_FROG	13	Fish	Medium	Water	1	0	Furious Roda Frog
mob	renewal	2680	C5_ROCKER	15	Insect	Medium	Earth	1	0	Elusive Rocker
mob	renewal	2681	C1_RIDEWORD	74	Formless	Small	Neutral	3	0	Swift Rideword
mob	renewal	2682	C2_RIDEWORD	74	Formless	Small	Neutral	3	0	Solid Rideword
mob	renewal	2683	C3_RICE_CAKE_BOY	60	Demihuman	Small	Neutral	1	0	Dumpling Child Ringleade
mob	renewal	2684	C4_RETRIBUTION	121	Angel	Medium	Dark	3	0	Furious Baroness of Retr
mob	renewal	2685	C5_RETRIBUTION	121	Angel	Medium	Dark	3	0	Elusive Baroness of Retr
mob	renewal	2686	C1_RETRIBUTION	121	Angel	Medium	Dark	3	0	Swift Baroness of Retrib
mob	renewal	2687	C2_REQUIEM	71	Demihuman	Medium	Dark	1	0	Solid Requiem
mob	renewal	2688	C3_REMOVAL	121	Undead	Medium	Undead	2	0	Remover Ringleader
mob	renewal	2689	C5_RED_ERUMA	91	Fish	Medium	Water	2	0	Elusive Red Eruma
mob	renewal	2690	C1_RAYDRIC	115	Demihuman	Large	Dark	2	0	Swift Raydric
mob	renewal	2691	C2_RAYDRIC	115	Demihuman	Large	Dark	2	0	Solid Raydric
mob	renewal	2692	C3_RAWREL	133	Demihuman	Medium	Ghost	2	0	Laurell Weinder Ringlead
mob	renewal	2693	C4_RAKE_SCARABA	139	Insect	Medium	Earth	2	0	Furious Rake Scaraba
mob	renewal	2694	C5_RAGGLER	48	Brute	Small	Wind	1	0	Elusive Raggler
mob	renewal	2695	C1_RAFFLESIA	86	Plant	Small	Earth	1	0	Swift Rafflesia
mob	renewal	2696	C3_PORING	1	Plant	Medium	Water	1	0	Poring Ringleader
mob	renewal	2697	C4_PORING	1	Plant	Medium	Water	1	0	Furious Poring
mob	renewal	2698	C5_PORING	1	Plant	Medium	Water	1	0	Elusive Poring
mob	renewal	2699	C1_PORING	1	Plant	Medium	Water	1	0	Swift Poring
mob	renewal	2700	C2_PORCELLIO	85	Insect	Small	Earth	3	0	Solid Porcellio
mob	renewal	2701	C3_POPORING	30	Plant	Medium	Poison	1	0	Poporing Ringleader
mob	renewal	2702	C4_POPORING	30	Plant	Medium	Poison	1	0	Furious Poporing
mob	renewal	2703	C5_POPORING	30	Plant	Medium	Poison	1	0	Elusive Poporing
mob	renewal	2704	C1_POISON_TOAD	87	Brute	Medium	Poison	2	0	Swift Poison Toad
mob	renewal	2705	C2_POISON_SPORE	26	Plant	Medium	Poison	1	0	Solid Poison Spore
mob	renewal	2706	C3_PLASMA_Y	119	Formless	Small	Ghost	4	0	Plasma Ringleader
mob	renewal	2707	C4_PLANKTON	40	Plant	Small	Water	3	0	Furious Plankton
mob	renewal	2708	C5_PITMAN	90	Undead	Large	Earth	2	0	Elusive Pitman
mob	renewal	2709	C1_PIRANHA	75	Fish	Large	Water	3	0	Swift Piranha
mob	renewal	2710	C2_PINGUICULA_D	113	Plant	Medium	Poison	2	0	Solid Dark Pinguicula
mob	renewal	2711	C3_PINGUICULA	105	Plant	Medium	Earth	3	0	Pinguicula Ringleader
mob	renewal	2712	C4_PICKY_	10	Brute	Small	Fire	1	0	Furious Picky
mob	renewal	2713	C5_PHEN	52	Fish	Medium	Water	2	0	Elusive Phen
mob	renewal	2714	C1_PETIT	86	Dragon	Medium	Earth	1	0	Swift Petite
mob	renewal	2715	C2_PETIT	86	Dragon	Medium	Earth	1	0	Solid Petite
mob	renewal	2716	C3_PENOMENA	85	Fish	Medium	Poison	1	0	Penomena Ringleader
mob	renewal	2717	C4_PENOMENA	85	Fish	Medium	Poison	1	0	Furious Penomena
mob	renewal	2718	C5_PECOPECO	25	Brute	Large	Fire	1	0	Elusive Peco Peco
mob	renewal	2719	C1_PASANA	79	Demihuman	Medium	Fire	2	0	Swift Pasana
mob	renewal	2720	C2_PARASITE	76	Plant	Medium	Wind	2	0	Solid Parasite
mob	renewal	2721	C3_OWL_DUKE	92	Demon	Large	Neutral	3	0	Owl Duke Ringleader
mob	renewal	2722	C4_ORK_WARRIOR	44	Demihuman	Medium	Earth	1	0	Furious Orc Warrior
mob	renewal	2723	C5_ORC_ZOMBIE	51	Undead	Medium	Undead	1	0	Elusive Orc Zombie
mob	renewal	2724	C1_ORC_SKELETON	53	Undead	Medium	Undead	1	0	Swift Orc Skeleton
mob	renewal	2725	C2_ORC_LADY	45	Demihuman	Medium	Earth	2	0	Solid Orc Lady
mob	renewal	2726	C3_OBSERVATION	127	Angel	Medium	Neutral	4	0	Dame of Sentinel Ringlea
mob	renewal	2727	C4_NOXIOUS	87	Formless	Medium	Ghost	3	0	Furious Noxious
mob	renewal	2728	C5_NOVUS	90	Dragon	Small	Neutral	1	0	Elusive Novus
mob	renewal	2729	C1_NOVUS	90	Dragon	Small	Neutral	1	0	Swift Novus
mob	renewal	2730	C2_NOVUS	90	Dragon	Small	Neutral	1	0	Solid Novus
mob	renewal	2731	C3_NOVUS	90	Dragon	Small	Neutral	1	0	Novus Ringleader
mob	renewal	2732	C4_NIGHTMARE_TERROR	107	Demon	Large	Dark	3	0	Furious Nightmare Terror
mob	renewal	2733	C5_NG_WRAITH_DEAD	110	Undead	Large	Undead	4	0	Elusive Wraith Dead (Nig
mob	renewal	2734	C1_NG_WANDER_MAN	151	Demon	Medium	Wind	1	0	Furious Wanderer (Nightm
mob	renewal	2735	C2_NEPENTHES	114	Plant	Medium	Poison	2	0	Solid Nephentes
mob	renewal	2736	C3_NECROMANCER	133	Undead	Medium	Undead	4	0	Necromancer Ringleader
mob	renewal	2737	C4_MYSTCASE	39	Formless	Medium	Neutral	3	0	Furious Myst Case
mob	renewal	2738	C5_MUSCIPULAR	105	Plant	Medium	Earth	1	0	Elusive Muscipular
mob	renewal	2739	C1_MUMMY	55	Undead	Medium	Undead	2	0	Swift Mummy
mob	renewal	2740	C2_MUMMY	55	Undead	Medium	Undead	2	0	Solid Mummy
mob	renewal	2741	C3_MUKA	23	Plant	Large	Earth	1	0	Muka Ringleader
mob	renewal	2742	C4_MOROCC_1	132	Angel	Large	Dark	1	0	Furious Incarnation of M
mob	renewal	2743	C5_MOROCC_1	132	Angel	Large	Dark	1	0	Elusive Incarnation of M
mob	renewal	2744	C1_MOROCC_1	132	Angel	Large	Dark	1	0	Swift Incarnation of Mor
mob	renewal	2745	C2_MOLE	85	Brute	Small	Earth	2	0	Solid Holden
mob	renewal	2746	C3_MIYABI_NINGYO	85	Demon	Medium	Dark	1	0	Miyabi Doll Ringleader
mob	renewal	2747	C4_MINOROUS	58	Brute	Large	Fire	2	0	Furious Minorous
mob	renewal	2748	C5_MINOROUS	58	Brute	Large	Fire	2	0	Elusive Minorous
mob	renewal	2749	C1_MINOROUS	58	Brute	Large	Fire	2	0	Swift Minorous
mob	renewal	2750	C2_MINERAL	96	Formless	Small	Neutral	2	0	Solid Mineral
mob	renewal	2751	C3_MIMING	140	Formless	Small	Neutral	1	0	Miming Ringleader
mob	renewal	2752	C4_MIMIC	56	Formless	Medium	Neutral	3	0	Furious Mimic
mob	renewal	2753	C5_MIMIC	56	Formless	Medium	Neutral	3	0	Elusive Mimic
mob	renewal	2754	C1_METALLER	55	Insect	Medium	Fire	1	0	Swift Metaller
mob	renewal	2755	C2_METALING	81	Formless	Small	Neutral	1	0	Solid Metaling
mob	renewal	2756	C3_METALING	81	Formless	Small	Neutral	1	0	Metaling Ringleader
mob	renewal	2757	C4_MERMAN	60	Demihuman	Medium	Water	3	0	Furious Merman
mob	renewal	2758	C5_MENBLATT	143	Insect	Medium	Wind	2	0	Elusive Menblatt
mob	renewal	2759	C1_MEDUSA	102	Demon	Medium	Neutral	2	0	Swift Medusa
mob	renewal	2760	C2_MARTIN	39	Brute	Small	Earth	2	0	Solid Martin
mob	renewal	2761	C3_MARIONETTE	90	Demon	Small	Ghost	3	0	Marionette Ringleader
mob	renewal	2762	C4_MARIN	37	Plant	Medium	Water	2	0	Furious Marin
mob	renewal	2763	C5_MARDUK	73	Demihuman	Large	Fire	1	0	Elusive Marduk
mob	renewal	2764	C1_MANTIS	65	Insect	Medium	Earth	1	0	Swift Mantis
mob	renewal	2765	C2_MANDRAGORA	13	Plant	Medium	Earth	3	0	Solid Mandragora
mob	renewal	2766	C3_MANANANGGAL	107	Demon	Medium	Dark	2	0	Manananggal Ringleader
mob	renewal	2767	C4_MAJORUROS	107	Brute	Large	Fire	2	0	Furious Majoruros
mob	renewal	2768	C5_MAGNOLIA	53	Demon	Small	Water	1	0	Elusive Magnolia
mob	renewal	2769	C1_MAGMARING	110	Formless	Small	Fire	2	0	Swift Magmaring
mob	renewal	2770	C2_LUNATIC	3	Brute	Small	Neutral	3	0	Solid Lunatic
mob	renewal	2771	C3_LUNATIC	3	Brute	Small	Neutral	3	0	Lunatic Ringleader
mob	renewal	2772	C4_LUDE	101	Undead	Small	Undead	1	0	Furious Lude
mob	renewal	2773	C5_LUCIOLA_VESPA	109	Insect	Medium	Wind	1	0	Elusive Luciola Vespa
mob	renewal	2774	C1_LOLI_RURI	109	Demon	Large	Dark	4	0	Swift Loli Ruri
mob	renewal	2775	C2_LIVE_PEACH_TREE	92	Plant	Medium	Earth	2	0	Solid Enchanted Peach Tr
mob	renewal	2776	C3_LITTLE_PORING	1	Plant	Small	Water	1	0	Baby Poring Ringleader
mob	renewal	2777	C4_LITTLE_FATUM	142	Demihuman	Small	Wind	2	0	Furious Little Fatum
mob	renewal	2778	C5_LI_ME_MANG_RYANG	80	Demon	Medium	Earth	3	0	Elusive Jing Guai
mob	renewal	2779	C1_LES	82	Plant	Medium	Earth	4	0	Swift Les
mob	renewal	2780	C2_LEIB_OLMAI	118	Brute	Large	Earth	1	0	Solid Leib Olmai
mob	renewal	2781	C3_LEAF_CAT	64	Brute	Small	Earth	1	0	Leaf Cat Ringleader
mob	renewal	2782	C4_L_WHIKEBAIN	98	Demihuman	Medium	Poison	3	0	Furious Wickebine Tres
mob	renewal	2783	C5_L_EREMES	98	Demihuman	Medium	Poison	4	0	Elusive Eremes
mob	renewal	2784	C1_KOBOLD_ARCHER	108	Demihuman	Small	Fire	1	0	Swift Kobold Archer
mob	renewal	2785	C2_KOBOLD_1	107	Demihuman	Medium	Wind	2	0	Solid Kobold
mob	renewal	2786	C3_KNOCKER	126	Demon	Small	Earth	1	0	Knocker Ringleader
mob	renewal	2787	C4_KIND_OF_BEETLE	55	Insect	Small	Earth	1	0	Furious Beetle King
mob	renewal	2788	C5_KASA	135	Formless	Large	Fire	3	0	Elusive Kasa
mob	renewal	2789	C1_KARAKASA	72	Formless	Medium	Neutral	3	0	Swift Karakasa
mob	renewal	2790	C2_ISIS	59	Demon	Large	Dark	1	0	Solid Isis
mob	renewal	2791	C3_ISILLA	124	Demihuman	Medium	Neutral	4	0	Isilla Ringleader
mob	renewal	2792	C4_INJUSTICE	95	Undead	Medium	Dark	2	0	Furious Injustice
mob	renewal	2793	C5_INCREASE_SOIL	83	Formless	Medium	Earth	3	0	Elusive Mi Gao
mob	renewal	2794	C1_ICE_TITAN	110	Formless	Large	Water	3	0	Swift Ice Titan
mob	renewal	2795	C2_IARA	79	Fish	Medium	Water	3	0	Solid Iara
mob	renewal	2796	C3_HYEGUN	87	Undead	Medium	Undead	2	0	Yao Jun Ringleader
mob	renewal	2797	C4_HUNTER_FLY	63	Insect	Small	Wind	2	0	Furious Hunter Fly
mob	renewal	2798	C5_HORNET	11	Insect	Small	Wind	1	0	Elusive Hornet
mob	renewal	2799	C1_HORN_SCARABA	130	Insect	Small	Earth	1	0	Swift Uni-horn Scaraba
mob	renewal	2800	C2_HORN	32	Insect	Medium	Earth	1	0	Solid Horn
mob	renewal	2801	C3_HODREMLIN	122	Demon	Medium	Dark	3	0	Hodremlin Ringleader
mob	renewal	2802	C4_HODE	63	Brute	Medium	Earth	2	0	Furious Hode
mob	renewal	2803	C5_HILL_WIND_1	101	Brute	Medium	Wind	3	0	Elusive Hill Wind
mob	renewal	2804	C1_HILL_WIND_1	101	Brute	Medium	Wind	3	0	Swift Hill Wind
mob	renewal	2805	C2_HIGH_ORC	81	Demihuman	Large	Fire	2	0	Solid High Orc
mob	renewal	2806	C3_HARPY	83	Demon	Medium	Wind	3	0	Harpy Ringleader
mob	renewal	2807	C4_HARPY	83	Demon	Medium	Wind	3	0	Furious Harpy
mob	renewal	2808	C5_GREEN_IGUANA	55	Brute	Medium	Earth	2	0	Elusive Grove
mob	renewal	2809	C1_GREATEST_GENERAL	55	Formless	Medium	Fire	2	0	Swift Greatest General
mob	renewal	2810	C2_GRAND_PECO	75	Brute	Large	Fire	2	0	Solid Grand Peco
mob	renewal	2811	C3_GRAND_PECO	75	Brute	Large	Fire	2	0	Grand Peco Ringleader
mob	renewal	2812	C4_GOLEM	61	Formless	Large	Neutral	3	0	Furious Golem
mob	renewal	2813	C5_GOBLIN_1	48	Demihuman	Medium	Wind	1	0	Elusive Goblin
mob	renewal	2814	C1_GOBLIN_1	48	Demihuman	Medium	Wind	1	0	Swift Goblin
mob	renewal	2815	C2_GOAT	80	Brute	Medium	Fire	3	0	Solid Goat
mob	renewal	2816	C3_GOAT	80	Brute	Medium	Fire	3	0	Goat Ringleader
mob	renewal	2817	C4_GLD_KOBOLD_2	142	Demihuman	Medium	Poison	2	0	Furious Dark Hammer Kobo
mob	renewal	2818	C5_GLD_KOBOLD_2	142	Demihuman	Medium	Poison	2	0	Elusive Dark Hammer Kobo
mob	renewal	2819	C1_GLD_DARK_SHADOW	147	Formless	Small	Dark	2	0	Swift Dark Shadow
mob	renewal	2820	C2_GLD_DARK_SHADOW	147	Formless	Small	Dark	2	0	Solid Dark Shadow
mob	renewal	2821	C3_GIANT_HONET	120	Insect	Small	Wind	1	0	Giant Hornet Ringleader
mob	renewal	2822	C4_GHOUL	61	Undead	Medium	Undead	2	0	Furious Ghoul
mob	renewal	2823	C5_GHOUL	61	Undead	Medium	Undead	2	0	Elusive Ghoul
mob	renewal	2824	C1_GEOGRAPHER	73	Plant	Medium	Earth	3	0	Swift Geographer
mob	renewal	2825	C2_GEOGRAPHER	73	Plant	Medium	Earth	3	0	Solid Geographer
mob	renewal	2826	C3_GARGOYLE	100	Demon	Medium	Wind	3	0	Gargoyle Ringleader
mob	renewal	2827	C4_GARGOYLE	100	Demon	Medium	Wind	3	0	Furious Gargoyle
mob	renewal	2828	C5_GALION	100	Brute	Medium	Wind	2	0	Elusive Galion
mob	renewal	2829	C1_FUR_SEAL	47	Brute	Medium	Water	1	0	Swift Seal
mob	renewal	2830	C2_FREEZER	94	Brute	Medium	Water	2	0	Solid Freezer
mob	renewal	2831	C3_FREEZER	94	Brute	Medium	Water	2	0	Freezer Ringleader
mob	renewal	2832	C4_FERUS_	126	Dragon	Large	Earth	2	0	Furious Ferus
mob	renewal	2833	C5_FARMILIAR	24	Brute	Small	Dark	1	0	Elusive Familiar
mob	renewal	2834	C1_FAKE_ANGEL	105	Angel	Small	Holy	3	0	Swift False Angel
mob	renewal	2835	C2_FABRE	6	Insect	Small	Earth	1	0	Solid Fabre
mob	renewal	2836	C3_FABRE	6	Insect	Small	Earth	1	0	Fabre Ringleader
mob	renewal	2837	C4_EXPLOSION	100	Brute	Small	Fire	3	0	Furious Explosion
mob	renewal	2838	C5_EVIL_DRUID	80	Undead	Large	Undead	4	0	Elusive Evil Druid
mob	renewal	2839	C1_ELDER_WILOW	34	Plant	Medium	Fire	2	0	Swift Elder Willow
mob	renewal	2840	C2_ELDER_WILOW	34	Plant	Medium	Fire	2	0	Solid Elder Willow
mob	renewal	2841	C3_ECHIO	126	Demihuman	Medium	Neutral	4	0	Echio Ringleader
mob	renewal	2842	C4_DUSTINESS	62	Insect	Small	Wind	2	0	Furious Dustiness
mob	renewal	2843	C1_DRYAD	68	Plant	Medium	Earth	4	0	Swift Dryad
mob	renewal	2844	C2_DROSERA	101	Plant	Medium	Earth	1	0	Solid Drosera
mob	renewal	2845	C3_DROPS	2	Plant	Medium	Fire	1	0	Drops Ringleader
mob	renewal	2846	C4_DRILLER	65	Brute	Medium	Earth	1	0	Furious Driller
mob	renewal	2847	C5_DRAINLIAR	47	Brute	Small	Dark	2	0	Elusive Drainliar
mob	renewal	2848	C1_DRAGON_TAIL	86	Insect	Medium	Wind	2	0	Swift Dragon Tail
mob	renewal	2849	C2_DRACO	114	Dragon	Medium	Earth	1	0	Solid Draco
mob	renewal	2850	C3_DOLOMEDES	132	Insect	Large	Water	3	0	Dolomedes Ringleader
mob	renewal	2851	C4_DOKEBI	68	Demon	Small	Dark	1	0	Furious Dokebi
mob	renewal	2852	C5_DISGUISE	103	Demon	Medium	Earth	4	0	Elusive Disguise
mob	renewal	2853	C1_DIMIK_1	116	Formless	Medium	Wind	2	0	Swift Dimik
mob	renewal	2854	C2_DEVIRUCHI	93	Demon	Small	Dark	1	0	Solid Deviruchi
mob	renewal	2855	C3_DESERT_WOLF_B	14	Brute	Small	Fire	1	0	Baby Desert Wolf Ringlea
mob	renewal	2856	C4_DESERT_WOLF_B	14	Brute	Small	Fire	1	0	Furious Baby Desert Wolf
mob	renewal	2857	C5_DENIRO	31	Insect	Small	Earth	1	0	Elusive Deniro
mob	renewal	2858	C1_DEATHWORD	114	Formless	Medium	Neutral	3	0	Swift Death Word
mob	renewal	2859	C2_DEATHWORD	114	Formless	Medium	Neutral	3	0	Solid Death Word
mob	renewal	2860	C3_DEATHWORD	114	Formless	Medium	Neutral	3	0	Death Word Ringleader
mob	renewal	2861	C4_DARK_PRIEST	98	Demon	Medium	Undead	4	0	Furious Dark Priest
mob	renewal	2862	C5_DANCING_DRAGON	82	Dragon	Medium	Wind	2	0	Elusive Zhu Po Long
mob	renewal	2863	C1_CREAMY	23	Insect	Small	Wind	1	0	Swift Creamy
mob	renewal	2864	C2_CORNUTUS	48	Fish	Small	Water	1	0	Solid Cornutus
mob	renewal	2865	C3_COOKIE	35	Demihuman	Small	Neutral	3	0	Cookie Ringleader
mob	renewal	2866	C4_CONSTANT	108	Formless	Small	Dark	3	0	Furious Constant
mob	renewal	2867	C5_COMODO	81	Brute	Medium	Poison	3	0	Elusive Comodo
mob	renewal	2868	C1_COCO	38	Brute	Small	Earth	1	0	Swift Coco
mob	renewal	2869	C2_COCO	38	Brute	Small	Earth	1	0	Solid Coco
mob	renewal	2870	C3_CLOCK	81	Formless	Medium	Earth	2	0	Clock Ringleader
mob	renewal	2871	C4_CLOCK	81	Formless	Medium	Earth	2	0	Furious Clock
mob	renewal	2872	C5_CHONCHON	5	Insect	Small	Wind	1	0	Elusive Chonchon
mob	renewal	2873	C1_CENTIPEDE	125	Insect	Medium	Poison	2	0	Swift Centipede
mob	renewal	2874	C2_CENERE	146	Plant	Small	Wind	1	0	Solid Cenere
mob	renewal	2875	C3_CELIA	141	Demihuman	Medium	Ghost	3	0	Celia Ringleader
mob	renewal	2876	C4_CATERPILLAR	121	Insect	Small	Earth	1	0	Furious Caterpillar
mob	renewal	2877	C5_CARAT	103	Demon	Medium	Wind	2	0	Elusive Carat
mob	renewal	2878	C1_CARAMEL	25	Brute	Small	Earth	1	0	Swift Caramel
mob	renewal	2879	C2_BUNGISNGIS	121	Demihuman	Large	Earth	2	0	Solid Bungisngis
mob	renewal	2880	C3_BREEZE	92	Formless	Medium	Wind	3	0	Breeze Ringleader
mob	renewal	2881	C4_BREEZE	92	Formless	Medium	Wind	3	0	Furious Breeze
mob	renewal	2882	C5_BRADIUM_GOLEM	133	Formless	Large	Earth	2	0	Elusive Bradium Golem
mob	renewal	2883	C1_BLOOD_BUTTERFLY	94	Insect	Medium	Wind	2	0	Swift Bloody Butterfly
mob	renewal	2884	C3_BIGFOOT	29	Brute	Large	Earth	1	0	Bigfoot Ringleader
mob	renewal	2885	C4_BATHORY	86	Demihuman	Medium	Dark	1	0	Furious Bathory
mob	renewal	2886	C5_BANSHEE_MASTER	118	Demon	Medium	Dark	2	0	Elusive Banshee Master
mob	renewal	2887	C1_BANSHEE	130	Demon	Medium	Dark	2	0	Swift Banshee
mob	renewal	2888	C2_BANASPATY	85	Formless	Small	Fire	3	0	Solid Banaspaty
mob	renewal	2889	C3_ASSULTER	100	Demihuman	Medium	Wind	2	0	Assaulter Ringleader
mob	renewal	2890	C4_ARGOS	47	Insect	Large	Poison	1	0	Furious Argos
mob	renewal	2891	C5_ARGIOPE	75	Insect	Large	Poison	1	0	Elusive Argiope
mob	renewal	2892	C1_ARGIOPE	75	Insect	Large	Poison	1	0	Swift Argiope
mob	renewal	2893	C2_ARCLOUSE	107	Insect	Medium	Earth	2	0	Solid Arclouze
mob	renewal	2894	C3_ARCLOUSE	107	Insect	Medium	Earth	2	0	Arclouze Ringleader
mob	renewal	2895	C4_APOCALIPS	121	Formless	Large	Neutral	3	0	Furious Apocalypse
mob	renewal	2896	C5_ANTLER_SCARABA	136	Insect	Medium	Earth	2	0	Elusive Antler Scaraba
mob	renewal	2897	C1_ANTIQUE_BOOK	148	Formless	Small	Neutral	3	0	Swift Antique Book
mob	renewal	2898	C2_ANTIQUE_BOOK	148	Formless	Small	Neutral	3	0	Solid Antique Book
mob	renewal	2899	C4_ANOLIAN	109	Fish	Medium	Water	2	0	Furious Anolian
mob	renewal	2900	C5_ANGRA_MANTIS	144	Insect	Medium	Earth	2	0	Elusive Angra Mantis
mob	renewal	2901	C1_ANGRA_MANTIS	144	Insect	Medium	Earth	2	0	Swift Angra Mantis
mob	renewal	2902	C2_ANDRE	33	Insect	Small	Earth	1	0	Solid Andre
mob	renewal	2903	C3_ANCIENT_MIMIC	112	Formless	Large	Neutral	3	0	Ancient Mimic Ringleader
mob	renewal	2904	C4_ANACONDAQ	100	Brute	Medium	Poison	1	0	Furious Anacondaq
mob	renewal	2905	C5_AMBERNITE	19	Insect	Large	Water	1	0	Elusive Ambernite
mob	renewal	2906	C1_ALNOLDI	80	Plant	Medium	Earth	1	0	Swift Rafflesia Arnoldi
mob	renewal	2907	C2_ALLIGATOR	57	Brute	Medium	Water	1	0	Solid Alligator
mob	renewal	2908	C3_ALIZA	112	Demihuman	Medium	Neutral	3	0	Aliza Ringleader
mob	renewal	2909	C4_ALICEL	115	Demon	Medium	Neutral	3	0	Furious Alicel
mob	renewal	2910	C5_ALARM	88	Formless	Medium	Neutral	3	0	Elusive Alarm
mob	renewal	2911	C1_AGAV	128	Demihuman	Medium	Neutral	4	0	Swift Agav
mob	renewal	2912	C2_ACIDUS_	130	Dragon	Large	Wind	2	0	Solid Acidus
mob	renewal	2913	C3_ACIDUS_	130	Dragon	Large	Wind	2	0	Acidus Ringleader
mob	renewal	2914	E_GEFFEN_MAGE_3_1	50	Demihuman	Medium	Neutral	1	0	Geffen Shoplifter
mob	renewal	2916	BIG_BEN	160	Formless	Medium	Earth	2	0	Big Ben
mob	renewal	2917	BIG_BELL	163	Formless	Medium	Neutral	3	0	Big Bell
mob	renewal	2918	TIME_KEEPER	165	Formless	Large	Neutral	4	0	Time Keeper
mob	renewal	2919	NEO_PUNK	155	Plant	Small	Wind	1	0	Neo Punk
mob	renewal	2920	ARC_ELDER	168	Demihuman	Large	Neutral	4	0	Arc Elder
mob	renewal	2921	OWL_VISCOUNT	168	Demon	Large	Neutral	3	0	Owl Viscount
mob	renewal	2922	G_OWL_VISCOUNT	168	Demon	Large	Neutral	3	0	Owl Viscount
mob	renewal	2923	OWL_MARQUEES	170	Demon	Large	Neutral	3	0	Owl Marquis
mob	renewal	2924	T_ELDER_WILOW	34	Plant	Medium	Fire	2	0	Elder Willow
mob	renewal	2925	T_WILOW	8	Plant	Medium	Earth	1	0	Willow
mob	renewal	2926	T_HARPY	83	Demon	Medium	Wind	3	0	Harpy
mob	renewal	2927	T_MINERAL	96	Formless	Small	Neutral	2	0	Mineral
mob	renewal	2928	T_GIBBET	105	Demon	Large	Dark	1	0	Gibbet
mob	renewal	2929	T_PLASMA_G	116	Formless	Small	Earth	4	0	Plasma
mob	renewal	2930	T_SOLACE	123	Angel	Medium	Holy	3	0	Solace
mob	renewal	2931	T_METALING	81	Formless	Small	Neutral	1	0	Metaling
mob	renewal	2932	T_POPORING	30	Plant	Medium	Poison	1	0	Poporing
mob	renewal	2933	T_DEVILING	66	Demon	Medium	Dark	4	0	Deviling
mob	renewal	2934	T_ARCHANGELING	84	Angel	Medium	Holy	3	0	Arc Angeling
mob	renewal	2935	T_EVIL_CLOUD_HERMIT	96	Formless	Large	Neutral	2	0	Taoist Hermit
mob	renewal	2936	E_GHOSTRING	1	Plant	Small	Neutral	1	0	Ghostring
mob	renewal	2937	M_LOKI	145	Demihuman	Medium	Neutral	1	0	M Loki
mob	renewal	2938	MM_MAGIC_SEAL	140	Formless	Large	Neutral	1	0	Magic Seal
mob	renewal	2939	MM_EVIL_SHADOW1	138	Demon	Large	Dark	2	0	Evil Shadow
mob	renewal	2940	MM_EVIL_SHADOW2	141	Demon	Medium	Dark	2	0	Evil Shadow
mob	renewal	2941	MM_EVIL_SHADOW3	142	Demon	Large	Dark	2	0	Evil Shadow
mob	renewal	2942	MM_EVIL_FANATICS	151	Demon	Large	Dark	3	1	Evil Fanatics
mob	renewal	2943	MM_ICE_MINE	149	Insect	Small	Ghost	4	0	Icemine
mob	renewal	2948	CURSED_SOLDIER	110	Undead	Medium	Undead	3	0	Cursed Soldier
mob	renewal	2949	CURSED_SENTINEL	110	Demihuman	Large	Dark	3	0	Cursed Sentinel
mob	renewal	2950	BROKEN_MIND	110	Demon	Medium	Dark	3	0	Broken Mind
mob	renewal	2951	FLOATING_WORD	110	Demon	Small	Ghost	3	0	Floating Word
mob	renewal	2952	LIKE_LOVE	110	Demon	Medium	Wind	3	0	Like Love
mob	renewal	2953	CURSED_MEMORY	110	Undead	Medium	Undead	3	0	Cursed Memory
mob	renewal	2954	COLORLESS_VOW	110	Undead	Medium	Undead	3	0	Colorless Vow
mob	renewal	2955	OLD_FRIENDSHIP	110	Undead	Medium	Undead	2	0	Old Friendship
mob	renewal	2956	SWEET_SLAUGHTER	110	Undead	Large	Undead	1	0	Sweet Slaughter
mob	renewal	2957	FORGOTTEN_NAME	120	Undead	Medium	Undead	2	0	Forgotten Name
mob	renewal	2958	FATAL_DAYS	120	Demon	Medium	Dark	3	0	Fatal Days
mob	renewal	2959	TORTUROUS_REDEEMER	120	Demihuman	Medium	Earth	3	0	Torturous Redeemer
mob	renewal	2960	MM_FLAMECROSS	149	Insect	Small	Ghost	4	0	Flamecross
mob	renewal	2961	E_TORTUROUS_REDEEMER	120	Demihuman	Medium	Earth	3	0	Torturous Redeemer
mob	renewal	2987	XM_TREE	148	Demon	Large	Undead	3	0	Decorated Evil Tree
mob	renewal	2988	XM_ANTONIO	149	Undead	Medium	Dark	3	0	Wicked Vice Plant Manage
mob	renewal	2989	XM_COOKIE	149	Demon	Small	Dark	3	0	Vicious Cookie
mob	renewal	2990	XM_CRUISER	140	Demon	Medium	Undead	3	0	Corrupt Cruiser
mob	renewal	2991	XM_MYSTCASE	148	Demon	Medium	Dark	3	0	Evil Dwelling Box
mob	renewal	2992	XM_LUDE	140	Undead	Small	Dark	3	0	Creepy Demon
mob	renewal	2993	XM_HYLOZOIST	145	Demon	Small	Dark	3	0	Malicious Baby Ghost
mob	renewal	2994	XM_MARIONETTE	148	Demon	Small	Ghost	1	0	Dancing Marionette
mob	renewal	2995	XM_TEDDY_BEAR	148	Demon	Small	Undead	3	0	Abandoned Teddy Bear
mob	renewal	2996	XM_CELINE_KIMI	160	Undead	Large	Ghost	1	1	Celine Kimi
mob	renewal	2997	G_XM_CELINE_KIMI	160	Undead	Large	Ghost	1	0	Kimi's Phantom
mob	renewal	2998	EP14_MORS_EVENT	158	Demon	Large	Neutral	3	0	Weakened Morocc
mob	renewal	2999	EP14_MORS_BOSSA	158	Demihuman	Medium	Neutral	3	0	Morocc Necromancer
mob	renewal	3000	EP14_MORS_BOSSB	101	Demihuman	Medium	Earth	4	1	Morocc Necromancer
mob	renewal	3001	EP14_MORS_MOB1	158	Demon	Medium	Neutral	3	0	Morocc's Ghoul
mob	renewal	3002	EP14_MORS_MOB2	158	Demon	Medium	Neutral	3	0	Morocc's Osiris
mob	renewal	3003	EP14_MORS_MOB3	158	Demon	Medium	Neutral	3	0	Morocc's Archer Skeleton
mob	renewal	3004	EP14_MORS_MOB4	158	Demon	Large	Neutral	3	0	Morocc's Wraith
mob	renewal	3005	EP14_MORS_MOB5	158	Demon	Medium	Neutral	3	0	Morocc's Verit
mob	renewal	3006	EP14_MORS_MOB6	158	Demon	Small	Neutral	3	0	Morocc's Lude
mob	renewal	3007	EP14_MORS_DUMMY	158	Demon	Small	Neutral	3	0	Death Soul
mob	renewal	3008	EP14_MORS_HIDDEN	158	Demon	Small	Neutral	3	0	Morocc Hidden
mob	renewal	3010	EP14_3_DEATH_A_MOB1	158	Demihuman	Small	Earth	2	0	Corrupt Orc Baby
mob	renewal	3011	EP14_3_DEATH_A_MOB2	158	Brute	Small	Fire	2	0	Corrupt Baby Desert Wol
mob	renewal	3012	EP14_3_DEATH_A_MOB3	158	Fish	Small	Water	2	0	Corrupt Familiar
mob	renewal	3013	EP14_3_DEATH_B_MOB1	158	Demihuman	Medium	Earth	2	0	Corrupt Orc Warrior
mob	renewal	3014	EP14_3_DEATH_B_MOB2	158	Brute	Medium	Fire	2	0	Corrupt Desert Wolf
mob	renewal	3015	EP14_3_DEATH_B_MOB3	158	Fish	Medium	Water	2	0	Corrupt Phen
mob	renewal	3016	EP14_3_DEATH_C_MOB1	158	Demihuman	Medium	Undead	2	0	Corrupt Orc Zombie
mob	renewal	3017	EP14_3_DEATH_C_MOB2	158	Brute	Medium	Undead	2	0	Corrupt Verit
mob	renewal	3018	EP14_3_DEATH_C_MOB3	158	Fish	Medium	Undead	2	0	Corrupt Megalodon
mob	renewal	3020	FIRE_CONDOR	141	Brute	Medium	Fire	2	0	Fire Condor
mob	renewal	3021	FIRE_SAND_MAN	143	Formless	Medium	Fire	3	0	Fire Sandman
mob	renewal	3022	FIRE_FRILLDORA	147	Brute	Medium	Fire	3	0	Fire Frilldora
mob	renewal	3023	FIRE_GOLEM	148	Formless	Large	Fire	4	0	Fire Golem
mob	renewal	3026	FIREPIT	17	Undead	Medium	Undead	1	0	Fire Pit
mob	renewal	3027	FULBUK	150	Undead	Medium	Undead	1	0	Fire Bug
mob	renewal	3028	SONIA	17	Undead	Medium	Undead	1	0	Sonia
mob	renewal	3029	GRIM_REAPER_ANKOU	159	Undead	Large	Undead	4	1	Reaper Yanku
mob	renewal	3038	HIDDEN_MOB7	151	Formless	Small	Ghost	4	0	Monster 7
mob	renewal	3039	B_MOROCC_1	149	Angel	Large	Dark	1	0	Blazing Morocc Reincarna
mob	renewal	3040	B_MOROCC_2	149	Demon	Medium	Dark	3	0	Distorted Morocc Reincar
mob	renewal	3041	B_MOROCC_4	149	Demon	Medium	Water	3	0	Freezing Morocc Reincarn
mob	renewal	3061	E_ANGRY_MIMIC	1	Formless	Medium	Neutral	1	0	Angry Mimic
mob	renewal	3069	PERE1	125	Demon	Small	Earth	2	0	Ferre
mob	renewal	3070	PERE2	126	Demon	Small	Water	2	0	Ferre
mob	renewal	3071	PERE3	127	Demon	Small	Water	2	0	Ferre
mob	renewal	3072	PERE4	128	Demon	Small	Earth	2	0	Ferre
mob	renewal	3073	GRAND_PERE	140	Demon	Large	Undead	3	1	Awakened Ferre
mob	renewal	3074	TIMEHOLDER	170	Demon	Large	Neutral	4	1	Time Holder
mob	renewal	3075	WA_TREASURE	1	Formless	Small	Holy	1	0	Treasure
mob	renewal	3076	WA_MONSTER_1	100	Angel	Small	Holy	3	0	Go!
mob	renewal	3077	WA_MONSTER_2	100	Angel	Small	Holy	3	0	Go!
mob	renewal	3078	WA_MONSTER_3	105	Angel	Small	Holy	3	0	Go!
mob	renewal	3079	WA_MONSTER_4	120	Brute	Medium	Holy	3	0	Go!
mob	renewal	3080	WA_MONSTER_5	123	Angel	Medium	Holy	3	0	Go!
mob	renewal	3081	WA_MONSTER_6	125	Angel	Medium	Holy	3	0	Go!
mob	renewal	3082	WA_MONSTER_7	131	Angel	Small	Holy	2	0	Go!
mob	renewal	3083	WA_MONSTER_8	131	Angel	Small	Holy	2	0	Go!
mob	renewal	3084	WA_MONSTER_9	135	Angel	Small	Holy	3	0	Go!
mob	renewal	3085	WA_MONSTER_10	98	Angel	Large	Ghost	1	0	Go!
mob	renewal	3086	WA_MERCENARY	101	Demihuman	Medium	Neutral	1	0	Mercenary
mob	renewal	3087	M_NYDHOG	160	Demihuman	Medium	Neutral	1	0	Guardian's Alter Ego
mob	renewal	3088	MM_BRINARANEA_BABY	155	Formless	Large	Neutral	1	0	Frost Spider
mob	renewal	3089	MM_LOCO_KASA	155	Demon	Large	Dark	2	0	Frenzied Kasa
mob	renewal	3090	MM_LOCO_SALAMANDER	155	Demon	Medium	Dark	2	0	Mad Salamander
mob	renewal	3091	MM_BRINARANEA	165	Demon	Large	Water	3	0	Brinaranea
mob	renewal	3092	MM_MUSPELLSKOLL	165	Demon	Large	Fire	3	0	Muspellskoll
mob	renewal	3096	MM_MOROCC_KID	175	Demon	Small	Holy	3	0	Demigod
mob	renewal	3097	MM_MOROCC_ADT	175	Demon	Medium	Dark	2	1	Despair God Morroc
mob	renewal	3098	MM_MOROCC_ORIGIN	160	Demon	Large	Dark	4	0	Morroc of the Genesis
mob	renewal	3099	MM_MOROCC_REST	160	Demon	Large	Dark	4	0	Morroc of the Sabbath
mob	renewal	3101	MM_MANA_WHITE	1	Formless	Small	Neutral	1	0	Mana of White
mob	renewal	3102	MM_MANA_RED	1	Formless	Small	Neutral	1	0	Mana of Life
mob	renewal	3103	MM_MANA_YELLOW	1	Formless	Small	Neutral	1	0	Mana of Earth
mob	renewal	3105	MM_GB_MOROCC_1	149	Angel	Large	Fire	2	0	Demon God's Apostle Aha
mob	renewal	3106	MM_GB_MOROCC_4	149	Demon	Medium	Ghost	3	0	Demon God's Apostle Shn
mob	renewal	3108	JITTERBUG1	135	Demon	Large	Undead	2	0	Jitterbug1
mob	renewal	3109	JITTERBUG2	135	Demon	Large	Undead	2	0	Jitterbug2
mob	renewal	3122	CHARLESTON1	140	Demon	Large	Earth	1	0	Charleston 1
mob	renewal	3123	CHARLESTON2	140	Demon	Large	Earth	1	0	Charleston 2
mob	renewal	3124	CHARLESTON3	145	Demon	Large	Neutral	3	1	Charleston 3
mob	renewal	3125	STEP	130	Demon	Small	Neutral	1	0	Step
mob	renewal	3126	ROCK_STEP	131	Demon	Medium	Neutral	2	0	Lockstep
mob	renewal	3127	KICK_STEP	132	Demon	Medium	Neutral	1	0	Hallway 1 Security Devi
mob	renewal	3128	KICK_AND_KICK	133	Demon	Medium	Neutral	2	0	Security Robot
mob	renewal	3153	EXCAVATOR_ROBOT	163	Formless	Medium	Neutral	3	0	Excavator Robot
mob	renewal	3154	RECON_ROBOT	165	Formless	Large	Neutral	4	0	Recon Robot
mob	renewal	3155	REPAIR_ROBOT	155	Plant	Small	Wind	1	0	Repair Robot
mob	renewal	3156	EXPLORATION_ROVER	168	Demihuman	Large	Neutral	4	0	Exploration Rover
mob	renewal	3157	RUIN_BELIEVER1	100	Demihuman	Medium	Neutral	2	0	Ruin Grace Believer
mob	renewal	3158	RUIN_BELIEVER2	100	Demihuman	Medium	Neutral	2	0	Ruin Grace Believer
mob	renewal	3159	ILLEGAL_PROMOTION	100	Formless	Small	Neutral	2	0	Illegal Promotion
mob	renewal	3161	BOMB	130	Formless	Small	Dark	3	0	Bomb
mob	renewal	3169	J_REB_SHECIL1	1	Demihuman	Medium	Wind	3	0	Shooting Target
mob	renewal	3170	J_REB_SHECIL2	1	Demihuman	Medium	Wind	3	0	Shooting Target
mob	renewal	3175	E1_ROTAR_ZAIRO	113	Formless	Large	Wind	2	0	Rotar Zairo
mob	renewal	3176	E1_GREMLIN	118	Demon	Large	Dark	2	0	Gremlin
mob	renewal	3177	E1_BEHOLDER	118	Demon	Large	Dark	2	0	Beholder
mob	renewal	3178	E1_ACIDUS	130	Dragon	Large	Dark	2	0	Acidus
mob	renewal	3179	E1_ACIDUS_	130	Dragon	Large	Wind	2	0	Acidus
mob	renewal	3180	E1_G_S_NYDHOG	117	Dragon	Large	Dark	4	0	Wywern
mob	renewal	3181	E1_FELOCK	130	Dragon	Large	Dark	2	1	Captain Ferlock
mob	renewal	3190	MM_SARAH	160	Demihuman	Medium	Neutral	1	1	Sarah Irene
mob	renewal	3191	MM_M_GIGAN1	160	Demon	Medium	Dark	2	0	Gigantes
mob	renewal	3192	MM_M_GIGAN2	160	Demon	Medium	Dark	2	0	Gigantes
mob	renewal	3193	MM_M_GIGAN3	160	Demon	Medium	Dark	2	0	Ancient Medium Gigantes
mob	renewal	3194	MM_L_GIGAN1	160	Demon	Large	Dark	2	0	Large Gigantes
mob	renewal	3195	MM_L_GIGAN2	160	Demon	Large	Dark	2	0	Large Gigantes
mob	renewal	3196	MM_L_GIGAN3	160	Demon	Large	Dark	2	0	Ancient Gigantes
mob	renewal	3197	MM_M_GARGOYLE	150	Demon	Medium	Wind	3	0	Mutant Gargoyle
mob	renewal	3198	MM_M_GALION	150	Brute	Medium	Wind	2	0	Mutant Galion
mob	renewal	3199	MM_M_MUTANT_DRAGON	150	Dragon	Large	Fire	2	0	Wicked Mutant Dragon
mob	renewal	3200	MM_M_CHIMERA	150	Brute	Large	Fire	3	0	Wicked Chimera
mob	renewal	3202	ORGANIC_JAKK	10	Formless	Small	Neutral	1	0	Organic Pumpkin
mob	renewal	3203	INORGANIC_JAKK	10	Formless	Small	Neutral	1	0	Inorganic Pumpkin
mob	renewal	3208	V_EREMES	179	Demon	Medium	Poison	4	0	Eremes Guille
mob	renewal	3209	V_MAGALETA	177	Demihuman	Medium	Holy	4	0	Margaretha Sorin
mob	renewal	3210	V_KATRINN	177	Demihuman	Medium	Ghost	4	0	Kathryne Cheiron
mob	renewal	3211	V_SHECIL	179	Demihuman	Medium	Wind	4	0	Shecil Damon
mob	renewal	3212	V_HARWORD	177	Demihuman	Medium	Water	4	0	Harword Alt-Eisen
mob	renewal	3213	V_SEYREN	179	Demon	Medium	Fire	4	0	Seyren Windsor
mob	renewal	3214	V_G_EREMES	189	Demon	Medium	Poison	4	0	Guillotine Cross Eremes
mob	renewal	3215	V_G_MAGALETA	187	Demihuman	Medium	Holy	4	0	Arch Bishop Margaretha
mob	renewal	3216	V_G_KATRINN	187	Demihuman	Medium	Ghost	4	0	Warlock Kathryne
mob	renewal	3217	V_G_SHECIL	189	Demihuman	Medium	Wind	4	0	Ranger Cecil
mob	renewal	3218	V_G_HARWORD	187	Demihuman	Medium	Earth	4	0	Mechanic Howard
mob	renewal	3219	V_G_SEYREN	189	Demon	Medium	Fire	4	0	Rune Knight Seyren
mob	renewal	3220	V_B_EREMES	189	Demihuman	Medium	Poison	4	1	Guillotine Cross Eremes
mob	renewal	3221	V_B_MAGALETA	187	Demihuman	Medium	Holy	4	1	Arch Bishop Margaretha
mob	renewal	3222	V_B_SHECIL	189	Demihuman	Medium	Wind	4	1	Ranger Cecil
mob	renewal	3223	V_B_HARWORD	187	Demihuman	Medium	Water	4	1	Mechanic Howard
mob	renewal	3224	V_B_KATRINN	187	Demihuman	Medium	Ghost	4	1	Warlock Kathryne
mob	renewal	3225	V_B_SEYREN	189	Demihuman	Medium	Fire	4	1	Rune Knight Seyren
mob	renewal	3226	V_RANDEL	178	Demihuman	Medium	Holy	4	0	Randel Lawrence
mob	renewal	3227	V_FLAMEL	176	Demihuman	Medium	Fire	4	0	Flamel Emule
mob	renewal	3228	V_CELIA	178	Demihuman	Medium	Ghost	4	0	Celia Alde
mob	renewal	3229	V_CHEN	178	Demon	Medium	Water	4	0	Chen Liu
mob	renewal	3230	V_GERTIE	178	Demon	Medium	Poison	4	0	Gertie Wie
mob	renewal	3231	V_ALPHOCCIO	176	Demihuman	Medium	Wind	4	0	Alphoccio Basil
mob	renewal	3232	V_TRENTINI	176	Demihuman	Medium	Wind	4	0	Trentini
mob	renewal	3233	V_G_RANDEL	188	Demihuman	Medium	Holy	4	0	Royal Guard Randel
mob	renewal	3234	V_G_FLAMEL	186	Demihuman	Medium	Fire	4	0	Genetic Flamel
mob	renewal	3235	V_G_CELIA	188	Demihuman	Medium	Ghost	4	0	Sorcerer Celia
mob	renewal	3236	V_G_CHEN	188	Demon	Medium	Water	4	0	Sura Chen
mob	renewal	3237	V_G_GERTIE	188	Demon	Medium	Poison	4	0	Shadow Chaser Gertie
mob	renewal	3238	V_G_ALPHOCCIO	186	Demihuman	Medium	Wind	4	0	Minstrel Alphoccio
mob	renewal	3239	V_G_TRENTINI	186	Demihuman	Medium	Wind	4	0	Wanderer Trentini
mob	renewal	3240	V_B_RANDEL	188	Demihuman	Medium	Holy	4	1	Royal Guard Randel
mob	renewal	3241	V_B_FLAMEL	186	Demihuman	Medium	Fire	4	1	Genetic Flamel
mob	renewal	3242	V_B_CELIA	188	Demihuman	Medium	Ghost	4	1	Sorcerer Celia
mob	renewal	3243	V_B_CHEN	188	Demihuman	Medium	Water	4	1	Sura Chen
mob	renewal	3244	V_B_GERTIE	188	Demihuman	Medium	Poison	4	1	Shadow Chaser Gertie
mob	renewal	3245	V_B_ALPHOCCIO	186	Demihuman	Medium	Wind	4	1	Minstrel Alphoccio
mob	renewal	3246	V_B_TRENTINI	186	Demihuman	Medium	Wind	4	1	Wanderer Trentini
mob	renewal	3247	CENERE_G	150	Formless	Small	Wind	1	0	Green Cenere
mob	renewal	3248	REPAIR_ROBOT_T	158	Formless	Small	Neutral	2	0	Repair Robot Turbo
mob	renewal	3249	EXPLORATION_ROVER_T	171	Formless	Large	Neutral	4	0	Explorer Robot Turbo
mob	renewal	3250	SCR_MT_ROBOTS	155	Formless	Small	Neutral	1	0	Can Robot
mob	renewal	3251	GC109	149	Formless	Small	Dark	2	0	Machine Component
mob	renewal	3252	DR815	153	Formless	Medium	Dark	1	0	Machine Component
mob	renewal	3253	SYS_MSG	160	Demon	Large	Dark	1	0	System message
mob	renewal	3254	T_W_O	165	Demon	Large	Dark	3	1	T_W_O
mob	renewal	3255	GHOUL_H	155	Plant	Small	Wind	1	0	Smelly Ghoul
mob	renewal	3256	ZOMBIE_H	148	Formless	Small	Neutral	3	0	Smelly Zombie
mob	renewal	3384	MIN_PORING	100	Plant	Medium	Water	1	0	Poring
mob	renewal	3385	MIN_LUNATIC	100	Brute	Small	Neutral	3	0	Lunatic
mob	renewal	3386	MIN_FABRE	100	Insect	Small	Earth	1	0	Fabre
mob	renewal	3387	MIN_PICKY	100	Brute	Small	Fire	1	0	Picky
mob	renewal	3388	MIN_CONDOR	101	Brute	Medium	Wind	1	0	Condor
mob	renewal	3389	MIN_WILOW	101	Plant	Medium	Earth	1	0	Willow
mob	renewal	3390	MIN_SPORE	101	Plant	Medium	Water	1	0	Spore
mob	renewal	3391	MIN_POPORING	101	Plant	Medium	Poison	1	0	Poporing
mob	renewal	3392	MIN_SMOKIE	102	Brute	Small	Earth	1	0	Smokie
mob	renewal	3393	MIN_DOKEBI	102	Demon	Small	Dark	1	0	Dokebi
mob	renewal	3394	MIN_BIGFOOT	102	Brute	Large	Earth	1	0	Bigfoot
mob	renewal	3395	MIN_WORM_TAIL	102	Plant	Medium	Earth	1	0	Wormtail
mob	renewal	3396	MIN_WOLF	103	Brute	Medium	Earth	1	0	Wolf
mob	renewal	3397	MIN_SNAKE	103	Brute	Medium	Earth	1	0	Boa
mob	renewal	3398	MIN_ANACONDAQ	103	Brute	Medium	Poison	1	0	Anacondaq
mob	renewal	3399	MIN_MARIN	103	Plant	Medium	Water	2	0	Marin
mob	renewal	3400	MIN_MUKA	104	Plant	Large	Earth	1	0	Muka
mob	renewal	3401	MIN_PECOPECO	104	Brute	Large	Fire	1	0	Peco Peco
mob	renewal	3402	MIN_DENIRO	104	Insect	Small	Earth	1	0	Deniro
mob	renewal	3403	MIN_PIERE	104	Insect	Small	Earth	1	0	Piere
mob	renewal	3404	MIN_ANDRE	105	Insect	Small	Earth	1	0	Andre
mob	renewal	3405	MIN_GOLEM	105	Formless	Large	Neutral	3	0	Golem
mob	renewal	3406	MIN_SCORPION	105	Insect	Small	Fire	1	0	Scorpion
mob	renewal	3407	MIN_CHONCHON	105	Insect	Small	Wind	1	0	Chonchon
mob	renewal	3408	MIN_METALLER	106	Insect	Medium	Fire	1	0	Metaller
mob	renewal	3409	MIN_SAND_MAN	106	Formless	Medium	Earth	3	0	Sandman
mob	renewal	3410	MIN_RAGGLER	106	Brute	Small	Wind	1	0	Raggler
mob	renewal	3411	MIN_DRAGON_TAIL	106	Insect	Medium	Wind	2	0	Dragon Tail
mob	renewal	3412	MIN_GREEN_IGUANA	107	Brute	Medium	Earth	2	0	Grove
mob	renewal	3413	MIN_SEE_OTTER	107	Brute	Medium	Water	3	0	Sea Otter
mob	renewal	3414	MIN_GALAPAGO	107	Brute	Small	Earth	1	0	Galapago
mob	renewal	3415	MIN_FUR_SEAL	107	Brute	Medium	Water	1	0	Seal
mob	renewal	3416	MIN_ALLIGATOR	108	Brute	Medium	Water	1	0	Alligator
mob	renewal	3417	MIN_MEGALODON	108	Undead	Medium	Undead	1	0	Megalodon
mob	renewal	3418	MIN_TRI_JOINT	108	Insect	Small	Earth	1	0	Tri Joint
mob	renewal	3419	MIN_MEGALITH	109	Formless	Large	Neutral	4	0	Megalith
mob	renewal	3420	MIN_DRYAD	109	Plant	Medium	Earth	4	0	Dryad
mob	renewal	3421	MIN_TOAD	105	Fish	Medium	Water	1	0	Infinite Toad
mob	renewal	3422	MIN_VAGABOND_WOLF	105	Brute	Medium	Earth	1	0	Infinite Vagabond Wolf
mob	renewal	3423	MIN_VOCAL	105	Insect	Medium	Earth	1	0	Infinite Vocal
mob	renewal	3424	MIN_ECLIPSE	105	Brute	Medium	Neutral	3	0	Infinite Eclipse
mob	renewal	3425	MIN_CHIMERA	105	Brute	Large	Fire	3	0	Infinite Chimera
mob	renewal	3426	MIN_EDDGA	101	Brute	Large	Fire	1	1	Infinite Eddga
mob	renewal	3427	MIN_OSIRIS	103	Undead	Medium	Undead	4	1	Infinite Osiris
mob	renewal	3428	MIN_PHREEONI	105	Brute	Large	Neutral	3	1	Infinite Phreeoni
mob	renewal	3429	MIN_ORK_HERO	107	Demihuman	Large	Earth	2	1	Infinite Orc Hero
mob	renewal	3430	MIN_TAO_GUNKA	109	Demon	Large	Neutral	3	1	Infinite Tao Gunka
mob	renewal	3431	MIN_G_RODA_FROG	100	Fish	Medium	Water	1	0	Roda Frog
mob	renewal	3432	MIN_G_WOLF	100	Brute	Medium	Earth	1	0	Wolf
mob	renewal	3433	MIN_G_ROCKER	100	Insect	Medium	Earth	1	0	Rocker
mob	renewal	3434	MIN_G_LUNATIC	100	Brute	Small	Neutral	3	0	Lunatic
mob	renewal	3435	MIN_G_GARGOYLE	100	Demon	Medium	Wind	3	0	Gargoyle
mob	renewal	3436	MIN_G_BIGFOOT	100	Brute	Large	Earth	1	0	Bigfoot
mob	renewal	3437	MIN_G_ANCIENT_MUMMY	100	Undead	Medium	Undead	2	0	Ancient Mummy
mob	renewal	3438	MIN_G_SAND_MAN	100	Formless	Medium	Earth	3	0	Sandman
mob	renewal	3439	MIN_G_HIGH_ORC	100	Demihuman	Large	Fire	2	0	High Orc
mob	renewal	3440	MIN_G_MEGALITH	100	Formless	Large	Neutral	4	0	Megalith
mob	renewal	3442	FROZENWOLF	140	Brute	Medium	Water	1	0	Frozen Wolf
mob	renewal	3443	TAFFY	145	Brute	Medium	Earth	1	0	Taffy
mob	renewal	3444	WATCHER	145	Formless	Small	Wind	1	0	Watcher
mob	renewal	3445	P_ARCHER_SKELETON	114	Undead	Medium	Undead	3	0	Enchanted Archer Skelet
mob	renewal	3446	P_SKELETON	114	Undead	Medium	Undead	3	0	Enchanted Skeleton
mob	renewal	3447	P_SOLDIER_SKELETON	115	Undead	Medium	Undead	3	0	Enchanted Soldier Skele
mob	renewal	3448	P_AMDARAIS	99	Undead	Large	Undead	1	0	Renovated Amdarais
mob	renewal	3449	G_P_AMDARAIS	98	Undead	Large	Undead	1	0	Enhanced Amdarais
mob	renewal	3450	BIJOU	115	Undead	Large	Undead	4	1	Bijou
mob	renewal	3451	IMMOTAL_CORPS	158	Demon	Medium	Undead	4	0	Immotal Corps
mob	renewal	3452	ZOMBIE_GUARD	145	Undead	Medium	Undead	4	0	Zombie Guard
mob	renewal	3454	HEART_HUNTER_N	103	Demihuman	Medium	Dark	2	0	Suspicious Intruder
mob	renewal	3455	GLASS_PLATE	1	Formless	Small	Neutral	1	0	Plate
mob	renewal	3473	AS_RAGGED_GOLEM	160	Undead	Large	Undead	1	1	Stefan.J.E.Wolf
mob	renewal	3474	AS_BLOODY_KNIGHT	160	Formless	Large	Dark	2	0	Immortal Cursed Knight
mob	renewal	3475	AS_WIND_GHOST	160	Demon	Medium	Wind	2	0	Immortal Wind Ghost
mob	renewal	3476	AS_ZOMBIE	160	Undead	Medium	Undead	1	0	Immortal Zombie Soldier
mob	renewal	3477	AS_IMMORTAL_CORPS	160	Demon	Medium	Undead	1	0	Immortal Fortress Legio
mob	renewal	3478	AS_ZOMBIE_SLAUGHTER	160	Undead	Medium	Undead	2	0	Sky Fortress Key Keeper
mob	renewal	3479	AS_ZOMBIE_MASTER	160	Undead	Medium	Undead	1	0	Immortal Zombie Assault
mob	renewal	3480	AS_CURSED_SOLDIER	160	Undead	Medium	Undead	1	0	Immortal Cursed Zombie
mob	renewal	3481	AS_EVIL_SHADOW1	160	Demon	Large	Dark	1	0	Immortal Nightmare Shado
mob	renewal	3482	AS_EVIL_SHADOW2	160	Demon	Medium	Dark	1	0	Immortal Angry Shadow
mob	renewal	3483	AS_EVIL_SHADOW3	160	Demon	Large	Dark	1	0	Immortal Death Shadow
mob	renewal	3484	AS_D_RAGGED_GOLEM	160	Undead	Large	Undead	2	0	Stefan.J.E.Wolf
mob	renewal	3485	AS_D_CURSED_SOLDIER	160	Undead	Medium	Undead	1	0	Cursed Soldier of Bijou
mob	renewal	3487	IMMORTAL_CORPS1	115	Demon	Small	Undead	4	0	Butcher Soldier
mob	renewal	3488	IMMORTAL_CORPS2	115	Demon	Small	Undead	4	0	Scythe Soldier
mob	renewal	3489	IMMORTAL_CORPS3	115	Demon	Small	Undead	4	0	Bone Crash Soldier
mob	renewal	3490	IMMORTAL_CO_CMDER	160	Demon	Medium	Undead	4	0	Immortal Commander
mob	renewal	3494	IFN_POIRING	100	Formless	Small	Neutral	1	0	Shining Poring
mob	renewal	3495	DR_EGGRING	1	Plant	Medium	Earth	1	0	Eggring
mob	renewal	3496	DR_LUNATIC	3	Brute	Small	Neutral	3	0	Leaf Lunatic
mob	renewal	3497	DR_FABRE	7	Insect	Small	Earth	1	0	Grass Fabre
mob	renewal	3498	DR_HORNET	11	Insect	Small	Wind	1	0	Wild Hornet
mob	renewal	3499	DR_RODA_FROG	14	Fish	Medium	Water	1	0	Sweet Roda Frog
mob	renewal	3500	DR_DESERT_WOLF_B	17	Brute	Small	Fire	1	0	Hunter Desert Wolf
mob	renewal	3501	DR_SPORE	18	Plant	Medium	Water	1	0	Trans Spore
mob	renewal	3502	DR_BASILISK1	20	Brute	Medium	Earth	1	0	Scout Basilisk
mob	renewal	3503	DR_BASILISK2	140	Brute	Medium	Earth	2	0	Combat Basilisk
mob	renewal	3504	DR_BASILISK3	148	Brute	Medium	Earth	2	0	Combat Basilisk
mob	renewal	3505	DR_BIG_EGGRING	25	Plant	Medium	Earth	3	1	Big Eggring
mob	renewal	3506	DR_MANDRAGORA	144	Plant	Medium	Earth	3	0	Jungle Madragora
mob	renewal	3507	DR_POM_SPIDER	150	Insect	Medium	Earth	3	0	Fruits Pom Spider
mob	renewal	3508	DR_EGGRING_G	20	Plant	Medium	Earth	1	0	Eggring
mob	renewal	3510	POPE_MD_E_GUARD	84	Demihuman	Medium	Neutral	2	0	Temple Guard
mob	renewal	3511	POPE_MD_E_BELIEVER_1	82	Demihuman	Medium	Neutral	2	0	Enraged Devotee
mob	renewal	3512	POPE_MD_E_BELIEVER_2	85	Demihuman	Medium	Neutral	2	0	Enraged Devotee
mob	renewal	3513	POPE_MD_E_DOG	85	Brute	Medium	Fire	2	0	Enraged Dog
mob	renewal	3514	POPE_MD_E_BISHOP	87	Demihuman	Medium	Neutral	3	0	Enraged High Priest
mob	renewal	3515	POPE_MD_E_ICICLE	80	Formless	Small	Water	2	0	Frozen Heart
mob	renewal	3516	POPE_MD_E_LUWMIN	90	Demihuman	Medium	Water	3	0	Enraged Luwmin
mob	renewal	3517	POPE_MD_E_TITAN	65	Formless	Large	Water	2	0	Ice Titan
mob	renewal	3518	POPE_MD_H_GUARD	130	Demihuman	Medium	Neutral	2	0	Temple Guard
mob	renewal	3519	POPE_MD_H_BELIEVER_1	133	Demihuman	Medium	Neutral	2	0	Enraged Devotee
mob	renewal	3520	POPE_MD_H_BELIEVER_2	134	Demihuman	Medium	Neutral	2	0	Enraged Devotee
mob	renewal	3521	POPE_MD_H_DOG	136	Brute	Medium	Fire	2	0	Enraged Dog
mob	renewal	3522	POPE_MD_H_BISHOP	140	Demihuman	Medium	Neutral	3	0	Enraged High Priest
mob	renewal	3523	POPE_MD_H_ICICLE	130	Formless	Small	Water	2	0	Frozen Heart
mob	renewal	3524	POPE_MD_H_LUWMIN	140	Demihuman	Medium	Neutral	3	0	Enraged Luwmin
mob	renewal	3525	POPE_MD_H_TITAN	90	Formless	Large	Water	2	0	Ice Titan
mob	renewal	3526	POPE_MD_H_KTULLANUX	141	Formless	Large	Water	3	0	Vision of Ktullanux
mob	renewal	3527	POPE_MD_MERC_NORMAL	87	Demihuman	Small	Holy	3	0	Official Pope
mob	renewal	3528	POPE_MD_MERC_CASUAL	87	Demihuman	Small	Holy	3	0	Casual Pope
mob	renewal	3569	POPE_MD_H_MERC_NORMAL	120	Demihuman	Small	Holy	4	0	Casual Pope
mob	renewal	3570	POPE_MD_H_MERC_CASUAL	120	Demihuman	Small	Holy	4	0	Official Pope
mob	renewal	3621	EP16_2_MM_CUTIE	120	Brute	Large	Dark	3	1	Pet Child
mob	renewal	3622	EP16_2_MM_S_GUARDS	100	Demihuman	Medium	Fire	1	0	Special Guard
mob	renewal	3623	EP16_2_MM_U_ENERGY_R	1	Formless	Small	Fire	1	0	Plasma R
mob	renewal	3624	EP16_2_MM_U_ENERGY_G	1	Formless	Small	Earth	1	0	Plasma G
mob	renewal	3625	EP16_2_MM_U_ENERGY_B	1	Formless	Small	Water	1	0	Plasma B
mob	renewal	3626	EP16_2_H_HUNTER_V	110	Demihuman	Large	Dark	2	0	Upgraded Heart Hunter
mob	renewal	3627	EP16_2_H_HUNTER_MD	105	Demihuman	Medium	Dark	2	0	Heart Hunter Guard
mob	renewal	3628	EP16_2_H_HUNTER_EV	110	Demihuman	Medium	Dark	2	1	Heart Hunter Ebel
mob	renewal	3629	EP16_2_BROKEN_GUN	110	Undead	Medium	Ghost	2	0	Grudge of Broken Gun
mob	renewal	3630	EP16_2_E_BOLKOBA	115	Demihuman	Medium	Wind	3	0	Elena Bolkova
mob	renewal	3631	EP16_2_HUMAN_KIMERA	100	Brute	Medium	Neutral	2	0	Human Kimera
mob	renewal	3632	EP16_2_MATTER_KIMERA	100	Brute	Medium	Fire	2	0	Material Kimera
mob	renewal	3633	EP16_2_VENOM_KIMERA	110	Brute	Large	Poison	4	1	Venomous Chimera
mob	renewal	3636	LITTLE_ISIS	59	Demon	Large	Dark	1	0	Little Isis
mob	renewal	3637	MD_SKELETON_60	60	Undead	Medium	Undead	1	0	Skeleton
mob	renewal	3638	MD_SKELETON_80	80	Undead	Medium	Undead	1	0	Skeleton
mob	renewal	3639	MD_SKELETON_100	100	Undead	Medium	Undead	1	0	Skeleton
mob	renewal	3640	MD_SKELETON_120	120	Undead	Medium	Undead	1	0	Skeleton
mob	renewal	3641	MD_SKELETON_140	140	Undead	Medium	Undead	1	0	Skeleton
mob	renewal	3642	MD_SKELETON_160	160	Undead	Medium	Undead	1	0	Skeleton
mob	renewal	3643	MD_FARMILIAR_60	60	Brute	Small	Dark	1	0	Familiar
mob	renewal	3644	MD_FARMILIAR_80	80	Brute	Small	Dark	1	0	Familiar
mob	renewal	3645	MD_FARMILIAR_100	100	Brute	Small	Dark	1	0	Familiar
mob	renewal	3646	MD_FARMILIAR_120	120	Brute	Small	Dark	1	0	Familiar
mob	renewal	3647	MD_FARMILIAR_140	140	Brute	Small	Dark	1	0	Familiar
mob	renewal	3648	MD_FARMILIAR_160	160	Brute	Small	Dark	1	0	Familiar
mob	renewal	3649	MD_ZOMBIE_60	60	Undead	Medium	Undead	1	0	Zombie
mob	renewal	3650	MD_ZOMBIE_80	80	Undead	Medium	Undead	1	0	Zombie
mob	renewal	3651	MD_ZOMBIE_100	100	Undead	Medium	Undead	1	0	Zombie
mob	renewal	3652	MD_ZOMBIE_120	120	Undead	Medium	Undead	1	0	Zombie
mob	renewal	3653	MD_ZOMBIE_140	140	Undead	Medium	Undead	1	0	Zombie
mob	renewal	3654	MD_ZOMBIE_160	160	Undead	Medium	Undead	1	0	Zombie
mob	renewal	3658	MD_LICH_LORD_100	100	Demon	Large	Undead	4	1	Lich Lord
mob	renewal	3659	MD_LICH_LORD_160	160	Demon	Large	Undead	4	1	Lich Lord
mob	renewal	3660	MD_NIGHTMARE_100	100	Demon	Large	Ghost	3	0	Nightmare
mob	renewal	3661	MD_NIGHTMARE_160	160	Demon	Large	Ghost	3	0	Nightmare
mob	renewal	3662	MD_JAKK_100	100	Formless	Medium	Fire	2	0	Jakk
mob	renewal	3663	MD_JAKK_160	160	Formless	Medium	Fire	2	0	Jakk
mob	renewal	3664	MD_GHOUL_100	100	Undead	Medium	Undead	2	0	Ghoul
mob	renewal	3665	MD_GHOUL_160	160	Undead	Medium	Undead	2	0	Ghoul
mob	renewal	3666	MD_DRAINLIAR_100	100	Brute	Small	Dark	2	0	Drainliar
mob	renewal	3667	MD_DRAINLIAR_160	160	Brute	Small	Dark	2	0	Drainliar
mob	renewal	3669	DIABOLIC2	104	Demon	Small	Dark	2	0	Diabolic2
mob	renewal	3670	DELETER_2	105	Dragon	Medium	Fire	2	0	Deleter 2
mob	renewal	3736	COWRAIDERS1	103	Demihuman	Large	Fire	2	0	Buffalo Bandit Sharpsho
mob	renewal	3737	COWRAIDERS2	101	Demihuman	Large	Fire	2	0	Buffalo Bandit Duelist
mob	renewal	3738	COWRAIDERS3	107	Demihuman	Large	Fire	2	0	Bowie Buffalo Bandit
mob	renewal	3739	COYOTE	110	Brute	Medium	Earth	2	0	Coyote
mob	renewal	3740	GASTER	141	Formless	Medium	Poison	2	0	Gaster
mob	renewal	3741	MECHASPIDER	158	Formless	Large	Neutral	2	1	Spider Chariot
mob	renewal	3742	PURPLESTONE	1	Formless	Small	Neutral	1	0	Purple Ore
mob	renewal	3743	SEAANEMONE	1	Formless	Small	Neutral	1	0	Sea Anemone
mob	renewal	3744	G_COWRAIDERS1	103	Demihuman	Large	Fire	2	0	Buffalo Bandit
mob	renewal	3745	G_COWRAIDERS2	101	Demihuman	Large	Fire	2	0	Buffalo Bandit
mob	renewal	3746	G_COWRAIDERS3	107	Demihuman	Large	Fire	2	0	Buffalo Bandit
mob	renewal	3747	E_COWRAIDERS1	148	Demihuman	Large	Fire	3	0	Elite Buffalo Bandit
mob	renewal	3748	E_COWRAIDERS2	151	Demihuman	Large	Fire	3	0	Elite Buffalo Bandit
mob	renewal	3749	E_COWRAIDERS3	152	Demihuman	Large	Fire	3	0	Elite Buffalo Bandit
mob	renewal	3750	ILL_DRAINLIAR	137	Brute	Small	Dark	2	0	Matt Drainliar
mob	renewal	3751	ILL_ZOMBIE_C	139	Undead	Medium	Undead	1	0	Living Dead
mob	renewal	3752	ILL_ZOMBIE	139	Undead	Medium	Undead	1	0	Starving Living Dead
mob	renewal	3753	ILL_GHOUL	142	Undead	Medium	Undead	2	0	Living Dead
mob	renewal	3754	ILL_NIGHTMARE	141	Demon	Large	Ghost	2	0	Sweet Nightmare
mob	renewal	3755	ILL_BLACK_MUSHROOM	130	Plant	Small	Earth	1	0	Black Mushroom
mob	renewal	3756	ILL_BOMI	137	Demihuman	Medium	Undead	2	0	Bomi
mob	renewal	3757	ILL_DRACULA	139	Demon	Large	Dark	4	1	Dracula of Rage
mob	renewal	3758	ILL_MOONLIGHT	118	Demon	Medium	Fire	3	1	Angry Moonlight Flower
mob	renewal	3759	ILL_NINE_TAIL	116	Brute	Medium	Fire	3	0	Angry Nine Tail
mob	renewal	3760	ILL_MUNAK	110	Undead	Medium	Undead	1	0	Resentful Munak
mob	renewal	3761	ILL_BON_GUN	112	Undead	Medium	Undead	1	0	Resentful Bongun
mob	renewal	3762	ILL_SOHEE	114	Demon	Medium	Water	2	0	Resentful Sohee
mob	renewal	3763	ILL_ARCHER_SKELETON	115	Undead	Medium	Undead	1	0	Resentful Soldier
mob	renewal	3764	ILL_HIGHWIZARD	118	Undead	Medium	Dark	1	0	Wizard of the Truth
mob	renewal	3765	ILL_FURY_HERO	117	Undead	Medium	Undead	3	0	Deranged Adventurer
mob	renewal	3787	RR_ARCLOUSE	106	Insect	Medium	Earth	2	0	Swamp Arclouze
mob	renewal	3788	RR_CRAMP	101	Brute	Small	Poison	2	0	Brown Rat
mob	renewal	3790	SWEETS_DROPS	1	Plant	Medium	Fire	1	0	Sweets Drops
mob	renewal	3792	ILL_GAZETI	126	Demon	Medium	Water	1	0	Angry Gazeti
mob	renewal	3793	ILL_SNOWIER	129	Formless	Large	Water	2	0	Angry Snowier
mob	renewal	3794	ILL_ICE_TITAN	133	Formless	Large	Water	3	0	Angry Ice Titan
mob	renewal	3795	ILL_ICEICLE	135	Formless	Small	Water	2	0	Solid Icicle
mob	renewal	3796	ILL_KTULLANUX	135	Brute	Large	Water	4	1	Awakened Ktullanux
mob	renewal	3797	ILL_FROZEN_KN	1	Formless	Medium	Neutral	1	0	ILL_FROZEN_KN
mob	renewal	3798	ILL_FROZEN_GC	1	Formless	Medium	Neutral	1	0	ILL_FROZEN_GC
mob	renewal	3799	ILL_ASSULTER	160	Demon	Small	Wind	2	0	Ominous Assulter
mob	renewal	3800	ILL_PERMETER	157	Brute	Small	Neutral	2	0	Ominous Permeter
mob	renewal	3801	ILL_FREEZER	159	Brute	Small	Water	2	0	Ominous Freezer
mob	renewal	3802	ILL_SOLIDER	161	Brute	Small	Earth	2	0	Ominous Solider
mob	renewal	3803	ILL_HEATER	162	Brute	Small	Fire	2	0	Ominous Heater
mob	renewal	3804	ILL_TURTLE_GENERAL	165	Brute	Large	Earth	2	1	Ominous Turtle General
mob	renewal	3810	MD_KING_PORING	35	Formless	Large	Neutral	2	1	King Poring
mob	renewal	3811	MD_GOLDRING	35	Formless	Large	Holy	1	0	Hugh Goldling
mob	renewal	3812	MD_AMERING	35	Formless	Large	Poison	1	0	Huge Amering
mob	renewal	3813	MD_DROPS	35	Formless	Small	Fire	1	0	Enriched Drops
mob	renewal	3814	MD_POPORING	36	Formless	Small	Wind	1	0	Enriched Poporing
mob	renewal	3815	MD_PORING	34	Formless	Small	Earth	1	0	Enriched Poring
mob	renewal	3816	MD_MARIN	33	Formless	Small	Water	1	0	Enriched Marin
mob	renewal	3896	G_ILL_ASSULTER	160	Demon	Small	Wind	2	0	Ominous Assaulter
mob	renewal	20255	ILL_TEDDY_BEAR_R	155	Formless	Small	Fire	1	0	Red Teddy Bear
mob	renewal	20256	ILL_TEDDY_BEAR_Y	155	Formless	Small	Wind	1	0	Yellow Teddy Bear
mob	renewal	20257	ILL_TEDDY_BEAR_G	157	Formless	Small	Poison	1	0	Green Teddy Bear
mob	renewal	20258	ILL_TEDDY_BEAR_W	155	Formless	Small	Neutral	1	0	White Teddy Bear
mob	renewal	20259	ILL_TEDDY_BEAR_B	152	Formless	Small	Water	1	0	Blue Teddy Bear
mob	renewal	20260	ILL_TEDDY_BEAR_S	160	Formless	Large	Holy	4	0	Shining Teddy Bear
mob	renewal	20261	ILL_PITMAN	154	Demon	Large	Earth	2	0	Hardworking Pitman
mob	renewal	20262	ILL_MINERAL	153	Formless	Small	Neutral	2	0	Soul Fragment
mob	renewal	20263	ILL_OBSIDIAN	156	Formless	Small	Earth	2	0	Sinister Obsidian
mob	renewal	20264	G_ILL_TEDDY_BEAR_R	155	Formless	Small	Fire	1	0	Red Teddy Bear
mob	renewal	20265	G_ILL_TEDDY_BEAR_Y	155	Formless	Small	Wind	1	0	Yellow Teddy Bear
mob	renewal	20266	G_ILL_TEDDY_BEAR_G	157	Formless	Small	Poison	1	0	Green Teddy Bear
mob	renewal	20267	G_ILL_TEDDY_BEAR_W	155	Formless	Small	Neutral	1	0	White Teddy Bear
mob	renewal	20268	G_ILL_TEDDY_BEAR_B	152	Formless	Small	Water	1	0	Blue Teddy Bear
mob	renewal	20269	GUILD_SKILL_FLAG	90	Formless	Small	Neutral	1	0	Guild Skill Flag
mob	renewal	20270	ILL_TRI_JOINT	164	Insect	Small	Earth	1	0	Ancient Tri Joint
mob	renewal	20271	ILL_STALACTIC_GOLEM	167	Formless	Large	Neutral	4	0	Ancient Stalactic Golem
mob	renewal	20272	ILL_MEGALITH	166	Formless	Large	Neutral	4	0	Ancient Megalith
mob	renewal	20273	ILL_TAO_GUNKA	169	Demon	Large	Neutral	3	1	Ancient Tao Gunka
mob	renewal	20274	ILL_STONE_SHOOTER	166	Plant	Medium	Fire	3	0	Ancient Stone Shooter
mob	renewal	20275	ILL_WOOTAN_SHOOTER	164	Demihuman	Medium	Earth	2	0	Ancient Wootan Shooter
mob	renewal	20276	ILL_WOOTAN_FIGHTER	167	Demihuman	Medium	Fire	2	0	Ancient Wootan Fighter
mob	renewal	20277	ILL_WOOTAN_DEFENDER	169	Demihuman	Large	Fire	4	1	Ancient Wootan Defender
mob	renewal	20278	G_ILL_MEGALITH	166	Formless	Large	Neutral	4	0	Ancient Megalith
mob	renewal	20279	G_ILL_WOOTAN_SHOOTER	164	Demihuman	Medium	Earth	2	0	Ancient Wootan Shooter
mob	renewal	20280	G_ILL_WOOTAN_FIGHTER	167	Demihuman	Medium	Fire	2	0	Ancient Wootan Fighter
mob	renewal	20340	MD_EL_A17T	118	Formless	Large	Neutral	3	1	EL1-A17T
mob	renewal	20341	MD_E_EA1L	116	Formless	Medium	Neutral	4	0	E-EA1L
mob	renewal	20342	MD_E_EA2S	117	Formless	Large	Neutral	2	0	E-EA2S
mob	renewal	20343	MD_E_13EN0	118	Fish	Medium	Water	4	0	E-13EN0
mob	renewal	20344	MD_VENOM_BUG	110	Formless	Small	Poison	1	0	Chemical Poison
mob	renewal	20345	MD_CONSTANT	110	Formless	Small	Neutral	3	0	Bio Battery
mob	renewal	20346	MD_MIGUEL	115	Demihuman	Medium	Wind	4	1	Miguel
mob	renewal	20347	MD_MIGUEL_G	115	Demihuman	Medium	Wind	4	0	Miguel G.
mob	renewal	20348	MD_A013_CAPUT	110	Demihuman	Medium	Dark	2	0	A013 - Caput
mob	renewal	20349	MD_A013_DOLOR	111	Demihuman	Medium	Poison	3	0	A013 - Dolor
mob	renewal	20350	MD_A013_BELLARE	112	Demihuman	Medium	Neutral	2	0	A013 - Bellare
mob	renewal	20351	MD_MANHOLE2	1	Formless	Medium	Neutral	1	0	Manhole
mob	renewal	20352	MD_POMPOM	112	Formless	Medium	Poison	3	0	Fatal Pompom
mob	renewal	20353	MD_CROB	111	Demihuman	Medium	Neutral	2	0	Sorrow Crob
mob	renewal	20355	EP17_1_BELLARE1	120	Demihuman	Medium	Neutral	2	0	Heart Hunter Bellare
mob	renewal	20356	EP17_1_BELLARE2	165	Demihuman	Medium	Neutral	3	0	High Hunter Bellare
mob	renewal	20357	EP17_1_SANARE1	120	Demihuman	Medium	Neutral	2	0	Heart Hunter Sanare
mob	renewal	20358	EP17_1_SANARE2	168	Angel	Medium	Dark	3	0	High Hunter Sanare
mob	renewal	20359	EP17_1_PLAGA1	164	Dragon	Medium	Neutral	2	0	Plaga
mob	renewal	20360	EP17_1_PLAGA2	178	Dragon	Medium	Neutral	2	0	Mutant Plaga
mob	renewal	20361	EP17_1_DOLOR1	122	Demihuman	Medium	Poison	2	0	Dolor
mob	renewal	20362	EP17_1_DOLOR2	173	Brute	Medium	Poison	3	0	Mutant Dolor
mob	renewal	20363	EP17_1_VENENUM1	123	Brute	Medium	Poison	2	0	Venenum
mob	renewal	20364	EP17_1_VENENUM2	176	Demihuman	Medium	Neutral	3	0	Mutant Venenum
mob	renewal	20365	EP17_1_TWIN_CAPUT1	125	Demihuman	Medium	Dark	2	0	Twin Caput
mob	renewal	20366	EP17_1_TWIN_CAPUT2	175	Demihuman	Medium	Dark	2	0	Mutant Twin Caput
mob	renewal	20367	RAYDRIC_H	185	Demihuman	Medium	Dark	3	0	Contaminated Raydric
mob	renewal	20368	RAYDRIC_ARCHER_H	184	Demihuman	Medium	Dark	3	0	Contaminated Raydric Ar
mob	renewal	20369	GARGOYLE_H	186	Demon	Medium	Water	3	0	Frozen Gargoyle
mob	renewal	20370	STING_H	180	Formless	Medium	Earth	3	0	Contaminated Sting
mob	renewal	20371	RAGGED_ZOMBIE_H	186	Demihuman	Medium	Undead	2	0	Prison Breaker
mob	renewal	20372	BLAZZER_H	178	Demon	Medium	Neutral	2	0	Rigid Blazer
mob	renewal	20373	NIGHTMARE_TERROR_H	179	Demon	Large	Dark	3	0	Rigid Nightmare Terror
mob	renewal	20374	DELETER1_H	174	Dragon	Medium	Neutral	2	0	Rigid Sky Deleter
mob	renewal	20375	DELETER2_H	173	Dragon	Medium	Neutral	2	0	Rigid Earth Deleter
mob	renewal	20376	EXPLOSION_H	171	Brute	Small	Neutral	2	0	Rigid Explosion
mob	renewal	20377	KAHO_H	173	Formless	Medium	Dark	2	0	Rigid Kaho
mob	renewal	20378	LAVA_GOLEM_H	177	Formless	Large	Neutral	2	0	Rigid Lava Golem
mob	renewal	20379	ICE_GHOST_H	189	Demon	Medium	Water	3	0	Ice Ghost
mob	renewal	20380	FLAME_GHOST_H	189	Demon	Medium	Fire	3	0	Flame Ghost
mob	renewal	20381	EP17_1_R4885_BESTIA	174	Brute	Large	Neutral	4	1	R48-85-Bestia
mob	renewal	20382	G_TWIN_CAPUT2	175	Formless	Medium	Neutral	3	0	Twin Capute
mob	renewal	20419	MUSPELLSKOLL_H	188	Demon	Medium	Fire	3	1	Rigid Muspellskoll
mob	renewal	20420	WANDER_MAN_H	187	Demon	Medium	Wind	2	0	Corrupted Wanderer
mob	renewal	20421	BRINARANEA_H	195	Demon	Large	Dark	3	1	Corrupted Spider Queen
mob	renewal	20422	DARK_LORD_H	194	Undead	Large	Undead	3	1	Corrupted Dark Lord
mob	renewal	20516	G_BONE_FERUS	206	Undead	Large	Undead	4	0	Bone Ferus
mob	renewal	20517	G_BONE_ACIDUS	207	Undead	Large	Undead	4	0	Bone Acidus
mob	renewal	20520	ILL_BAPHOMET	178	Demon	Large	Dark	3	0	Chaos Baphomet
mob	renewal	20521	ILL_ANDREA	177	Demihuman	Medium	Neutral	3	0	Chaotic Andrea
mob	renewal	20522	ILL_ANES	177	Demihuman	Medium	Neutral	3	0	Chaotic Anes
mob	renewal	20523	ILL_SILVANO	177	Demihuman	Medium	Neutral	3	0	Chaotic Silvano
mob	renewal	20524	ILL_CECILIA	177	Demihuman	Medium	Neutral	3	0	Chaotic Cecilia
mob	renewal	20525	ILL_BAPHOMET_J	177	Formless	Small	Dark	1	0	Chaos Baphomet Jr.
mob	renewal	20526	ILL_SIDE_WINDER	176	Brute	Medium	Poison	1	0	Chaos Side Winder
mob	renewal	20527	ILL_HUNTER_FLY	175	Formless	Small	Wind	2	0	Chaos Hunter Fly
mob	renewal	20528	ILL_MANTIS	174	Insect	Medium	Earth	1	0	Chaos Mantis
mob	renewal	20529	ILL_GHOSTRING	173	Demon	Medium	Ghost	2	0	Chaos Ghostring
mob	renewal	20530	ILL_KILLER_MANTIS	177	Insect	Medium	Earth	1	0	Chaos Killer Mantis
mob	renewal	20531	ILL_POPORING	173	Plant	Medium	Poison	3	0	Chaos Poporing
mob	renewal	20532	ILL_STEM_WORM	172	Plant	Medium	Wind	1	0	Chaotic Stem Worm
mob	renewal	20533	G_ILL_BAPHOMET_J	177	Formless	Small	Dark	1	0	Chaos Baphomet Jr.
mob	renewal	20543	MD_ED_M_SCIENCE	172	Demihuman	Medium	Neutral	3	0	MD_ED_M_SCIENCE
mob	renewal	20560	G_MINERAL_G	190	Formless	Large	Neutral	4	0	Green Mineral
mob	renewal	20592	POISONOUS	188	Formless	Medium	Ghost	4	0	Poisonous
mob	renewal	20593	TOXIOUS	188	Formless	Medium	Poison	4	0	Toxious
mob	renewal	20594	MINERAL_G	190	Formless	Large	Neutral	4	0	Green Mineral
mob	renewal	20595	MINERAL_R	190	Formless	Large	Neutral	4	0	Red Mineral
mob	renewal	20596	MINERAL_W	190	Formless	Large	Neutral	4	0	White Mineral
mob	renewal	20597	MINERAL_P	190	Formless	Large	Neutral	4	0	Purple Mineral
mob	renewal	20598	JEWELIANT	191	Insect	Medium	Neutral	4	0	Jewelry Ant
mob	renewal	20599	G_JEWELIANT	191	Insect	Medium	Neutral	4	0	Jewelry Ant
mob	renewal	20600	JEWEL	192	Formless	Large	Neutral	4	0	Jewel
mob	renewal	20601	JUNGOLIANT	197	Insect	Large	Neutral	4	1	Jewel Ungoliant
mob	renewal	20602	PORCELLIO_W	188	Insect	Small	Earth	4	0	White Porcellio
mob	renewal	20603	ABYSSMAN	190	Brute	Large	Neutral	4	0	Abyssman
mob	renewal	20612	FERUS_P	202	Dragon	Large	Poison	4	0	Purple Ferus
mob	renewal	20613	TREASURE_MIMIC	204	Formless	Large	Neutral	4	0	Treasure Mimic
mob	renewal	20614	ACIDUS_B	205	Dragon	Large	Dark	4	0	Black Acidus
mob	renewal	20615	ACIDUS_S	205	Dragon	Large	Ghost	4	0	Silver Acidus
mob	renewal	20616	BONE_FERUS	206	Undead	Large	Undead	4	0	Bone Ferus
mob	renewal	20617	BONE_ACIDUS	207	Undead	Large	Undead	4	0	Bone Acidus
mob	renewal	20618	BONE_DETALE	209	Undead	Large	Undead	4	1	Bone Detardeurus
mob	renewal	20620	MD_REDPEPPER	135	Formless	Medium	Fire	3	1	Red Pepper
mob	renewal	20621	MD_REDPEPPER_H	185	Formless	Medium	Dark	3	1	Senior Red Pepper
mob	renewal	20622	MD_ASSISTANT	137	Formless	Medium	Neutral	2	0	Assistant Bot
mob	renewal	20623	MD_ASSISTANT_H	187	Formless	Medium	Neutral	2	0	Senior Assistant Bot
mob	renewal	20624	MD_DRY_RAFFLESIA	140	Plant	Small	Earth	3	0	Dry Rafflesia
mob	renewal	20625	MD_DRY_RAFFLESIA_H	190	Plant	Small	Earth	3	0	Senior Dry Rafflesia
mob	renewal	20626	MD_ALNOLDI_EX	143	Plant	Small	Poison	2	0	Special Alnoldi
mob	renewal	20627	MD_ALNOLDI_EX_H	193	Plant	Medium	Poison	2	0	Senior Special Alnoldi
mob	renewal	20628	EP17_2_ALPHA_MASTER	180	Demihuman	Medium	Neutral	2	0	Manager Alpha
mob	renewal	20629	EP17_2_BETA_BASIC	165	Demihuman	Medium	Neutral	2	0	Manager Beta
mob	renewal	20630	EP17_2_BETA_BASIC_NG	145	Formless	Medium	Neutral	2	0	Broken Beta
mob	renewal	20631	MD_BETA_SCISSORE_NG	135	Formless	Medium	Fire	2	0	Broken Gardener Beta
mob	renewal	20632	MD_BETA_SCISSORE_NG_H	185	Formless	Medium	Fire	2	0	S. Broken Gardener Beta
mob	renewal	20633	EP17_2_BETA_CLEANER_A	143	Formless	Medium	Neutral	2	0	Broken Cleaner
mob	renewal	20634	EP17_2_BETA_CLEANER_B	144	Formless	Medium	Neutral	2	0	Broken Cleaner
mob	renewal	20635	EP17_2_BETA_BATHS_A	145	Demihuman	Medium	Neutral	2	0	Cleaning Robot
mob	renewal	20636	EP17_2_BETA_BATHS_B	145	Formless	Medium	Neutral	2	0	Cleaning Robot
mob	renewal	20637	EP17_2_BETA_ITEMKEEPER	185	Demihuman	Medium	Neutral	2	0	Broken Warehouse Manager
mob	renewal	20638	EP17_2_BETA_GUARDS	140	Demon	Medium	Dark	2	0	Beta Guards
mob	renewal	20639	EP17_2_BETA_GUARDS_NG	186	Formless	Medium	Wind	2	0	Broken Beta Guards
mob	renewal	20640	EP17_2_OMEGA_CLEANER	130	Formless	Small	Neutral	2	0	Cleaning Robot \xce\xa9
mob	renewal	20641	EP17_2_OMEGA_CLEANER_NG	175	Formless	Small	Neutral	2	0	Broken Cleaning Robot \xce\xa9
mob	renewal	20642	MD_SWEETY	139	Demihuman	Medium	Neutral	3	1	Sweety
mob	renewal	20643	EP17_2_PHEN	139	Fish	Medium	Water	2	0	Boiled Water Phen
mob	renewal	20644	EP17_2_MARC	137	Fish	Medium	Water	2	0	Boiled Water Marc
mob	renewal	20645	EP17_2_SWORD_FISH	138	Fish	Large	Water	2	0	Boiled Water Swordfish
mob	renewal	20646	EP17_2_PIRANHA	138	Fish	Large	Water	3	0	Boiled Water Piranha
mob	renewal	20647	EP17_2_BATH_MERMAID	141	Fish	Medium	Water	2	0	Elder of Chung-Geum
mob	renewal	20648	EP17_2_PITAYA_BOSS	168	Plant	Small	Fire	3	1	Boss Meow
mob	renewal	20649	EP17_2_PITAYA_R	162	Plant	Small	Fire	1	0	Red Pitaya
mob	renewal	20650	EP17_2_PITAYA_Y	164	Plant	Small	Wind	1	0	Yellow Pitaya
mob	renewal	20651	EP17_2_PITAYA_B	165	Plant	Small	Water	1	0	Blue Pitaya
mob	renewal	20652	EP17_2_PITAYA_V	165	Plant	Small	Poison	1	0	Violet Pitaya
mob	renewal	20653	EP17_2_PITAYA_G	166	Plant	Small	Earth	1	0	Green Pitaya
mob	renewal	20654	G_PITAYA_R	132	Plant	Small	Fire	1	0	Red Pitaya
mob	renewal	20655	G_PITAYA_Y	134	Plant	Small	Wind	1	0	Yellow Pitaya
mob	renewal	20656	G_PITAYA_B	135	Plant	Small	Water	1	0	Blue Pitaya
mob	renewal	20657	G_PITAYA_V	135	Plant	Small	Poison	1	0	Violet Pitaya
mob	renewal	20658	G_PITAYA_G	136	Plant	Small	Earth	1	0	Green Pitaya
mob	renewal	20659	MD_PITAYA_BOSS	138	Plant	Small	Fire	3	1	Pitaya Boss
mob	renewal	20660	MD_PITAYA_R	132	Plant	Small	Fire	1	0	Red Pitaya
mob	renewal	20661	MD_PITAYA_Y	134	Plant	Small	Wind	1	0	Yellow Pitaya
mob	renewal	20662	MD_PITAYA_B	135	Plant	Small	Water	1	0	Blue Pitaya
mob	renewal	20663	MD_PITAYA_V	135	Plant	Small	Poison	1	0	Violet Pitaya
mob	renewal	20664	MD_PITAYA_G	136	Plant	Small	Earth	1	0	Green Pitaya
mob	renewal	20665	MD_VERPORTA	136	Brute	Medium	Poison	2	0	Verporta
mob	renewal	20666	MD_VERPORTE_H	186	Brute	Medium	Poison	2	0	Verporte
mob	renewal	20667	MD_SILVA_PAPILIA	145	Plant	Large	Dark	2	1	Silva Papilia
mob	renewal	20668	MD_GRAN_PAPILIA	195	Plant	Large	Dark	2	1	Gran Papilia
mob	renewal	20669	MD_PAPILA	138	Insect	Medium	Dark	2	0	Papila
mob	renewal	20670	MD_PAPILA_H	188	Insect	Medium	Dark	2	0	Senior Papila
mob	renewal	20671	MD_PAPILA_RUBA	139	Insect	Medium	Fire	2	0	Papila Ruba
mob	renewal	20672	MD_PAPILA_RUBA_H	190	Insect	Medium	Fire	2	0	Senior Papila Ruba
mob	renewal	20673	MD_PAPILA_RUBA2	150	Insect	Medium	Fire	2	0	Papila Ruba
mob	renewal	20674	MD_PAPILA_CAE	137	Insect	Medium	Water	2	0	Papila Cae
mob	renewal	20675	MD_PAPILA_CAE_H	187	Insect	Medium	Water	2	0	Senior Papila Cae
mob	renewal	20676	MD_PAPILA_CAE2	150	Insect	Medium	Water	2	0	Papila Cae
mob	renewal	20677	MD_ARIES	140	Demihuman	Medium	Water	2	0	Aries
mob	renewal	20678	MD_ARIES_H	190	Demihuman	Medium	Fire	2	0	Senior Aries
mob	renewal	20679	EP17_2_GUARDIAN_PARTS	130	Formless	Large	Neutral	3	0	Guardian Parts
mob	renewal	20680	EP17_2_HEART_HUNTER	130	Demihuman	Medium	Neutral	2	0	Heart Hunter Skirmisher
mob	renewal	20681	G_EP17_2_HEART_HUNTER	130	Demihuman	Medium	Neutral	2	0	Heart Hunter Skirmisher
mob	renewal	20682	EP17_2_HEART_HUNTER_H	176	Demihuman	Medium	Dark	2	0	Heart Hunter Skirmisher
mob	renewal	20683	EP17_2_BOOKWORM	141	Insect	Large	Earth	2	0	Bookworm
mob	renewal	20684	EP17_2_ROAMING_SPLBOOK	144	Formless	Medium	Neutral	3	0	Roaming Spellbook
mob	renewal	20685	EP17_2_VENENUM3	142	Demon	Large	Dark	2	0	Sewage Venenum
mob	renewal	20686	EP17_2_CRAMP	140	Brute	Small	Poison	1	0	Sewage Cramp
mob	renewal	20687	EP17_2_WATERFALL	141	Formless	Medium	Poison	2	0	Sewage Waterfall
mob	renewal	20688	EP17_2_BELLARE3	143	Demihuman	Medium	Ghost	1	0	Elite Bellare
mob	renewal	20689	EP17_2_DOLOR3	145	Demihuman	Medium	Ghost	1	0	Spell Addicted Dolor
mob	renewal	20690	EP17_2_PLASMA_Y	144	Formless	Medium	Ghost	2	0	Released Spell
mob	renewal	20691	EP17_2_PLAGA3	192	Demon	Large	Poison	3	0	Spell Addicted Plaga
mob	renewal	20692	EP17_2_SANARE3	194	Demihuman	Medium	Holy	2	0	Spell Addicted Sanare
mob	renewal	20693	EP17_2_PLASMA_R	193	Formless	Medium	Ghost	3	0	Powerful Spell
mob	renewal	20694	EP17_2_PLASMA_R2	193	Formless	Medium	Ghost	3	0	Sharp Spell
mob	renewal	20696	EP17_2_CHILD_ADMIN1	130	Formless	Small	Neutral	1	0	Child Admin Beta
mob	renewal	20697	EP17_2_CHILD_ADMIN2	180	Formless	Small	Neutral	1	0	Child Admin Alpha
mob	renewal	20698	G_ASSISTANT	137	Formless	Medium	Neutral	2	0	Assistant
mob	renewal	20699	G_BELLARE3	143	Demihuman	Medium	Ghost	1	0	Heart Hunter Commander
mob	renewal	20700	G_BETA_SCISSORE_NG	135	Formless	Small	Fire	2	0	Broken Gardener Beta
mob	renewal	20801	ILL_SROPHO	147	Fish	Medium	Water	3	0	Deep Sea Sropho
mob	renewal	20802	ILL_OBEAUNE	149	Fish	Medium	Water	2	0	Deep Sea Obeaune
mob	renewal	20803	ILL_DEVIACE	150	Fish	Medium	Water	4	0	Deep Sea Deviace
mob	renewal	20804	ILL_MARSE	149	Fish	Small	Water	2	0	Deep Sea Marse
mob	renewal	20805	ILL_MERMAN	148	Demihuman	Medium	Water	3	0	Deep Sea Merman
mob	renewal	20806	ILL_SEDORA	199	Fish	Medium	Wind	3	0	Deep Sea Sedora
mob	renewal	20807	ILL_SWORD_FISH	199	Fish	Large	Water	3	0	Deep Sea Swordfish
mob	renewal	20808	ILL_STROUF	201	Fish	Large	Water	3	0	Deep Sea Strouf
mob	renewal	20809	ILL_PHEN	199	Fish	Medium	Water	2	0	Deep Sea Phen
mob	renewal	20810	ILL_KING_DRAMOH	205	Fish	Large	Water	3	0	Deep Sea King Dramoh
mob	renewal	20811	ILL_KRAKEN	204	Fish	Large	Water	4	1	Deep Sea Kraken
mob	renewal	20834	ABR_BATTLE_WARIOR	200	Formless	Medium	Neutral	1	0	ABR Battle Warrior
mob	renewal	20835	ABR_DUAL_CANNON	200	Formless	Medium	Neutral	1	0	ABR Duel Cannon
mob	renewal	20836	ABR_MOTHER_NET	200	Formless	Small	Neutral	1	0	ABR Mother Net
mob	renewal	20837	ABR_INFINITY	200	Formless	Large	Neutral	1	0	ABR Infinity
mob	renewal	20843	ILL_ABYSMAL_WITCH	205	Demon	Large	Dark	3	1	Deep Sea Witch
mob	renewal	20846	MD_HIDDEN_GROUND01	170	Demon	Small	Neutral	1	0	Plague of Corruption
mob	renewal	20847	MD_HIDDEN_GROUND02	170	Formless	Small	Neutral	1	0	Plague of Corruption
mob	renewal	20848	SUMMON_WOODENWARRIOR	200	Plant	Medium	Earth	4	0	Wooden Warrior
mob	renewal	20849	SUMMON_WOODEN_FAIRY	200	Plant	Small	Earth	4	0	Wooden Fairy
mob	renewal	20850	SUMMON_CREEPER	200	Plant	Small	Earth	4	0	Creeper
mob	renewal	20851	SUMMON_HELLTREE	200	Plant	Large	Neutral	4	0	Hell Tree
mob	renewal	20920	CHIMERA_LAVA	243	Formless	Small	Fire	3	0	Lavaeter
mob	renewal	20921	CHIMERA_FULGOR	244	Brute	Medium	Water	3	0	Fulgor
mob	renewal	20922	CHIMERA_NAPEO	244	Plant	Medium	Wind	3	0	Napeo
mob	renewal	20923	CHIMERA_GALENSIS	244	Demihuman	Medium	Earth	3	0	Galensis
mob	renewal	20924	CHIMERA_AMITERA	227	Brute	Medium	Earth	3	0	Amitera
mob	renewal	20925	CHIMERA_LITUS	228	Demihuman	Medium	Wind	3	0	Litus
mob	renewal	20926	CHIMERA_FILLIA	229	Brute	Medium	Fire	3	0	Fillia
mob	renewal	20927	CHIMERA_VANILAQUS	230	Formless	Small	Water	3	0	Vanilaqus
mob	renewal	20928	CHIMERA_THEONE	245	Formless	Large	Neutral	3	1	The One
mob	renewal	20929	GIANT_CAPUT	213	Formless	Large	Neutral	2	0	Giant Caput
mob	renewal	20930	DOLORIAN	214	Demihuman	Medium	Poison	3	0	Dolorian
mob	renewal	20931	PLAGARION	215	Dragon	Large	Neutral	2	0	Plagarion
mob	renewal	20932	DEADRE	214	Demihuman	Medium	Dark	2	0	Deadre
mob	renewal	20933	VENEDI	213	Brute	Medium	Poison	3	0	Venedi
mob	renewal	20934	R001_BESTIA	215	Brute	Large	Dark	2	1	R001-Bestia
mob	renewal	20935	GAN_CEANN	215	Formless	Medium	Neutral	1	0	Gan Ceann
mob	renewal	20936	DISGUISER	254	Demon	Medium	Undead	2	0	Disguiser
mob	renewal	20937	BRUTAL_MURDERER	214	Demihuman	Large	Neutral	2	0	Brutal Murderer
mob	renewal	20938	GHOST_CUBE	213	Undead	Small	Undead	1	0	Ghost Cube
mob	renewal	20939	LUDE_GAL	213	Undead	Small	Undead	2	0	Lude Gal
mob	renewal	20940	BLUEMOON_LOLI_RURI	255	Demon	Large	Water	3	0	Blue Moon Loli Ruri
mob	renewal	20941	GROTE	253	Demon	Large	Earth	2	0	Grote
mob	renewal	20942	PIERROTZOIST	255	Demon	Medium	Dark	2	0	Pierrotzoist
mob	renewal	20943	DEATH_WITCH	255	Demihuman	Medium	Dark	2	1	Death Witch
mob	renewal	21064	S_DUMMY_100_SMALL	100	Formless	Small	Neutral	1	0	Training Dummy (Small)
mob	renewal	21065	S_DUMMY_100_MEDIUM	100	Formless	Medium	Neutral	1	0	Training Dummy (Medium)
mob	renewal	21066	S_DUMMY_100_LARGE	100	Formless	Large	Neutral	1	0	Training Dummy (Large)
mob	renewal	21067	S_DUMMY_100_NOTHING	100	Formless	Medium	Neutral	1	0	Training Dummy (Neutral)
mob	renewal	21068	S_DUMMY_100_DRAGON	100	Dragon	Medium	Neutral	1	0	Training Dummy (Dragon)
mob	renewal	21069	S_DUMMY_100_ANIMAL	100	Brute	Medium	Neutral	1	0	Training Dummy (Brute)
mob	renewal	21070	S_DUMMY_100_HUMAN	100	Demihuman	Medium	Neutral	1	0	Training Dummy (Human)
mob	renewal	21071	S_DUMMY_100_INSECT	100	Insect	Medium	Neutral	1	0	Training Dummy (Insect)
mob	renewal	21072	S_DUMMY_100_FISH	100	Fish	Medium	Neutral	1	0	Training Dummy (Fish)
mob	renewal	21073	S_DUMMY_100_DEMON	100	Demon	Medium	Neutral	1	0	Training Dummy (Demon)
mob	renewal	21074	S_DUMMY_100_PLANT	100	Plant	Medium	Neutral	1	0	Training Dummy (Plant)
mob	renewal	21075	S_DUMMY_100_ANGEL	100	Angel	Medium	Neutral	1	0	Training Dummy (Angel)
mob	renewal	21076	S_DUMMY_100_UNDEAD	100	Undead	Medium	Neutral	1	0	Training Dummy (Undead)
mob	renewal	21077	S_DUMMY_100_NOTHING2	100	Formless	Medium	Neutral	1	0	Dummy (Neutral Lv1)
mob	renewal	21078	S_DUMMY_100_WATER	100	Formless	Medium	Water	1	0	Dummy (Water Lv1)
mob	renewal	21079	S_DUMMY_100_GROUND	100	Formless	Medium	Earth	1	0	Dummy (Earth Lv1)
mob	renewal	21080	S_DUMMY_100_FIRE	100	Formless	Medium	Fire	1	0	Dummy (Fire Lv1)
mob	renewal	21081	S_DUMMY_100_WIND	100	Formless	Medium	Wind	1	0	Dummy (Wind Lv1)
mob	renewal	21082	S_DUMMY_100_POISON	100	Formless	Medium	Poison	1	0	Dummy (Poison Lv1)
mob	renewal	21083	S_DUMMY_100_SAINT	100	Formless	Medium	Holy	1	0	Dummy (Holy Lv1)
mob	renewal	21084	S_DUMMY_100_DARKNESS	100	Formless	Medium	Dark	1	0	Dummy (Dark Lv1)
mob	renewal	21085	S_DUMMY_100_TELEKINESIS	100	Formless	Medium	Ghost	1	0	Dummy (Ghost Lv1)
mob	renewal	21086	S_DUMMY_100_UNDEAD2	100	Formless	Medium	Undead	1	0	Dummy (Undead Lv1)
mob	renewal	21087	S_DUMMY_100_HUMANP	100	Player_Human	Medium	Neutral	1	0	Dummy (Human Player)
mob	renewal	21088	S_DUMMY_100_DORAMP	100	Player_Doram	Small	Neutral	1	0	Dummy (Doram Player)
mob	renewal	21292	EP18_ARMED_VILLAGER01	180	Formless	Small	Neutral	1	0	Armed villager
mob	renewal	21293	EP18_ARMED_VILLAGER02	180	Formless	Medium	Neutral	1	0	Armed villager
mob	renewal	21294	EP18_ARMED_VILLAGER03	180	Formless	Medium	Neutral	1	0	Armed villager
mob	renewal	21295	EP18_ASH_TOAD	179	Brute	Medium	Fire	2	0	Ash Toad
mob	renewal	21296	EP18_RAKEHAND	177	Plant	Medium	Earth	2	0	Rakehand
mob	renewal	21297	EP18_SPARK	181	Formless	Small	Fire	2	0	Spark
mob	renewal	21298	EP18_HOT_MOLAR	212	Brute	Medium	Neutral	1	0	Hot Molar
mob	renewal	21299	EP18_VOLCARING	185	Formless	Small	Fire	3	0	Volcaring
mob	renewal	21300	EP18_LAVA_TOAD	211	Brute	Medium	Fire	3	0	Lava Toad
mob	renewal	21301	EP18_BURNING_FANG	212	Brute	Large	Fire	4	1	Burning Fang
mob	renewal	21302	EP18_ASHHOPPER	185	Insect	Small	Dark	4	0	Ashhopper
mob	renewal	21303	EP18_ASHRING	185	Formless	Small	Neutral	2	0	Ashring
mob	renewal	21304	EP18_GREY_WOLF	187	Brute	Medium	Neutral	2	0	Grey Wolf
mob	renewal	21305	EP18_TUMBLE_RING	185	Plant	Small	Poison	2	0	Tumblering
mob	renewal	21306	EP18_FIREWIND_KITE	188	Brute	Medium	Fire	2	0	Firewind Kite
mob	renewal	21307	EP18_PHANTOM_WOLF	186	Brute	Medium	Ghost	2	0	Phantom Wolf
mob	renewal	21308	EP18_MD_HEARTHUNTER_A	178	Demihuman	Medium	Neutral	1	0	Heart Hunter
mob	renewal	21309	EP18_MD_THOR_GUARD	179	Demihuman	Medium	Neutral	2	0	Base Soldier
mob	renewal	21310	EP18_MD_GUARD_A	179	Demihuman	Medium	Neutral	2	0	Temple Guard
mob	renewal	21311	EP18_MD_GUARD_B	182	Demihuman	Medium	Neutral	2	0	Traditional Temple Guard
mob	renewal	21312	EP18_MD_HEARTHUNTER_R	184	Demihuman	Medium	Neutral	2	0	Heart Hunter
mob	renewal	21313	EP18_MD_HEARTHUNTER_F	185	Demihuman	Large	Neutral	2	0	Heart Hunter
mob	renewal	21314	EP18_MD_SCHULANG	185	Demon	Medium	Ghost	2	1	Schulang
mob	renewal	21315	EP18_MD_DEMI_FREYJA	186	Angel	Medium	Holy	2	0	Twisted God Freyja
mob	renewal	21316	EP18_MD_SCHULANG_R	185	Demon	Medium	Ghost	2	1	Schulang
mob	renewal	21317	EP18_MD_DEMI_FREYJA_R	185	Angel	Medium	Holy	2	1	Twisted God Freyja
mob	renewal	21318	EP18_MD_SANARE_R	170	Demihuman	Medium	Holy	2	0	Goddess Guardian
mob	renewal	21319	EP18_MD_HEARTHUNTER_R2	170	Demihuman	Medium	Neutral	2	0	Cottage Keeper
mob	renewal	21320	EP18_NPC_MARAM	185	Formless	Small	Neutral	1	0	Maram
mob	renewal	21321	EP18_NPC_MIRIAM	185	Formless	Small	Neutral	1	0	Miriam
mob	renewal	21322	EP18_NPC_SUAD	185	Formless	Small	Neutral	1	0	Suad
mob	renewal	21323	EP18_GREY_GOAT	168	Brute	Medium	Neutral	2	0	Ashen Goat
mob	renewal	21324	EP18_GREY_WOLF_BABY	165	Brute	Small	Neutral	1	0	Baby Gray Wolf
mob	renewal	21360	EP18_MD_SCHULANG_L	224	Demon	Medium	Ghost	2	1	Schulang
mob	renewal	21361	EP18_MD_DEMI_FREYJA_L	224	Angel	Medium	Holy	2	1	Twisted God Freyja
mob	renewal	21377	EP18_MD_SANARE_L	210	Demihuman	Medium	Holy	2	0	Goddess Guardian
mob	renewal	21378	EP18_MD_HEARTHUNTER_L	210	Demihuman	Medium	Neutral	2	0	Cottage Keeper
mob	renewal	21386	ILL_ANDRE	167	Insect	Small	Earth	3	0	Diligent Andre
mob	renewal	21387	ILL_SOLDIER_ANDR	169	Insect	Medium	Earth	4	0	Diligent Soldier Andre
mob	renewal	21388	ILL_ANDRE_LARVA	164	Insect	Small	Earth	2	0	Diligent Andre Larva
mob	renewal	21389	ILL_DENIRO	167	Insect	Small	Earth	3	0	Diligent Deniro
mob	renewal	21390	ILL_PIERE	167	Insect	Small	Earth	3	0	Diligent Piere
mob	renewal	21391	ILL_ANT_EGG	164	Formless	Small	Neutral	2	0	Mushy Ant Egg
mob	renewal	21392	ILL_GIEARTH	168	Demon	Small	Dark	3	0	Gutsy Giearth
mob	renewal	21393	ILL_FARMILIAR	166	Brute	Small	Dark	2	0	Gutsy Familiar
mob	renewal	21394	ILL_VITATA	169	Insect	Small	Poison	4	0	Diligent Vitata
mob	renewal	21395	ILL_MAYA	175	Insect	Large	Neutral	4	1	Silent Maya
mob	renewal	21866	HEROS_IN_ORB_1	250	Formless	Small	Neutral	1	0	Spring Jewel
mob	renewal	21867	HEROS_IN_ORB_2	250	Formless	Small	Neutral	1	0	Summer Jewel
mob	renewal	21868	HEROS_IN_ORB_3	250	Formless	Small	Neutral	1	0	Autumn Jewel
mob	renewal	21869	HEROS_IN_ORB_4	250	Formless	Small	Neutral	1	0	Winter Jewel
mob	renewal	21887	HEROS_OUT_ORB	250	Formless	Small	Neutral	1	0	Jewel
mob	renewal	22177	MD_PRI_DRAGON_1	0				0	0	MD_PRI_DRAGON_1
mob	renewal	22178	MD_PRI_DRAGON_2	0				0	0	MD_PRI_DRAGON_2
mob	renewal	22179	MD_PRI_DRAGON_3	0				0	0	MD_PRI_DRAGON_3
mob	renewal	22180	MD_PRI_DRAGON_4	0				0	0	MD_PRI_DRAGON_4
mob	renewal	22192	SPIRIT_G_LAND_S	262	Formless	Small	Wind	2	0	L Blue Earth Spirit
mob	renewal	22193	SPIRIT_G_LAND_M	263	Formless	Medium	Wind	3	0	Blue Earth Spirit
mob	renewal	22194	SPIRIT_G_LAND_L	264	Formless	Large	Wind	4	0	G Blue Earth Spirit
mob	renewal	22195	SPIRIT_G_LAND_SL	264	Formless	Large	Wind	4	0	M Blue Earth Spirit
mob	renewal	22196	SPIRIT_B_FLAME_S	262	Formless	Small	Water	2	0	L Blue Flame Spirit
mob	renewal	22197	SPIRIT_B_FLAME_M	263	Formless	Medium	Water	3	0	Blue Flame Spirit
mob	renewal	22198	SPIRIT_B_FLAME_L	264	Formless	Large	Water	4	0	G Blue Flame Spirit
mob	renewal	22199	SPIRIT_B_FLAME_SL	264	Formless	Large	Water	4	0	Blue Flame Mutant Spirit
mob	renewal	22200	SPIRIT_S_WIND_S	262	Formless	Small	Wind	2	0	L Strong Wind Spirit
mob	renewal	22201	SPIRIT_S_WIND_M	263	Formless	Medium	Wind	3	0	Strong Wind Spirit
mob	renewal	22202	SPIRIT_S_WIND_L	264	Formless	Large	Wind	4	0	G Strong Wind Spirit
mob	renewal	22203	SPIRIT_S_WIND_SL	264	Formless	Large	Wind	4	0	M Strong Wind Spirit
mob	renewal	22204	SPIRIT_I_WATER_S	262	Formless	Small	Water	2	0	L Cold Water Spirit
mob	renewal	22205	SPIRIT_I_WATER_M	263	Formless	Medium	Water	3	0	Cold Water Spirit
mob	renewal	22206	SPIRIT_I_WATER_L	264	Formless	Large	Water	4	0	G Cold Water Spirit
mob	renewal	22207	SPIRIT_I_WATER_SL	264	Formless	Large	Water	4	0	M Cold Water Spirit
mob	renewal	22208	SPIRIT_C_LAND_S	263	Formless	Small	Neutral	2	0	L Polluted Earth Spirit
mob	renewal	22209	SPIRIT_C_LAND_M	264	Formless	Medium	Neutral	3	0	Polluted Earth Spirit
mob	renewal	22210	SPIRIT_C_LAND_L	265	Formless	Large	Neutral	4	0	G Polluted Earth Spirit
mob	renewal	22211	SPIRIT_C_LAND_SL	265	Formless	Large	Neutral	4	0	M Polluted Earth Spirit
mob	renewal	22212	SPIRIT_C_FLAME_S	263	Formless	Small	Neutral	2	0	L Tainted Flame Spirit
mob	renewal	22213	SPIRIT_C_FLAME_M	264	Formless	Medium	Neutral	3	0	Tainted Flame Spirit
mob	renewal	22214	SPIRIT_C_FLAME_L	265	Formless	Large	Neutral	4	0	G Tainted Flame Spirit
mob	renewal	22215	SPIRIT_C_FLAME_SL	265	Formless	Large	Neutral	4	0	M Tainted Flame Spirit
mob	renewal	22216	SPIRIT_H_WATER_S	262	Formless	Small	Fire	2	0	L Hot Water Spirit
mob	renewal	22217	SPIRIT_H_WATER_M	263	Formless	Medium	Fire	3	0	Hot Water Spirit
mob	renewal	22218	SPIRIT_H_WATER_L	264	Formless	Large	Fire	4	0	G Hot Water Spirit
mob	renewal	22219	SPIRIT_H_WATER_SL	264	Formless	Large	Fire	4	0	M Hot Water Spirit
mob	renewal	22220	SPIRIT_D_WIND_S	262	Formless	Small	Earth	2	0	L Dry Wind Spirit
mob	renewal	22221	SPIRIT_D_WIND_M	263	Formless	Medium	Earth	3	0	Dry Wind Spirit
mob	renewal	22222	SPIRIT_D_WIND_L	264	Formless	Large	Earth	4	0	G Dry Wind Spirit
mob	renewal	22223	SPIRIT_D_WIND_SL	264	Formless	Large	Earth	4	0	M Dry Wind Spirit
mob	renewal	22224	SPIRIT_R_FLAME_S	262	Formless	Small	Fire	2	0	L Red Flame Spirit
mob	renewal	22225	SPIRIT_R_FLAME_M	263	Formless	Medium	Fire	3	0	Red Flame Spirit
mob	renewal	22226	SPIRIT_R_FLAME_L	264	Formless	Large	Fire	4	0	G Red Flame Spirit
mob	renewal	22227	SPIRIT_R_FLAME_SL	264	Formless	Large	Fire	4	0	M Red Flame Spirit
mob	renewal	22228	SPIRIT_F_LAND_S	262	Formless	Small	Earth	2	0	L Solid Earth Spirit
mob	renewal	22229	SPIRIT_F_LAND_M	263	Formless	Medium	Earth	3	0	Solid Earth Spirit
mob	renewal	22230	SPIRIT_F_LAND_L	264	Formless	Large	Earth	4	0	G Solid Earth Spirit
mob	renewal	22231	SPIRIT_F_LAND_SL	264	Formless	Large	Earth	4	0	M Solid Earth Spirit
mob	renewal	22232	SPIRIT_C_WATER_S	263	Formless	Small	Neutral	2	0	L Polluted Water Spirit
mob	renewal	22233	SPIRIT_C_WATER_M	264	Formless	Medium	Neutral	3	0	Polluted Water Spirit
mob	renewal	22234	SPIRIT_C_WATER_L	265	Formless	Large	Neutral	4	0	G Polluted Water Spirit
mob	renewal	22235	SPIRIT_C_WATER_SL	265	Formless	Large	Neutral	4	0	M Polluted Water Spirit
mob	renewal	22236	SPIRIT_C_WIND_S	263	Formless	Small	Neutral	2	0	L Tainted Wind Spirit
mob	renewal	22237	SPIRIT_C_WIND_M	264	Formless	Medium	Neutral	3	0	Tainted Wind Spirit
mob	renewal	22238	SPIRIT_C_WIND_L	265	Formless	Large	Neutral	4	0	G Tainted Wind Spirit
mob	renewal	22239	SPIRIT_C_WIND_SL	265	Formless	Large	Neutral	4	0	M Tainted Wind Spirit
mob	renewal	22551	S_DUMMY_SMALL_R10	100	Formless	Small	Neutral	1	0	Dummy (Small)
mob	renewal	22552	S_DUMMY_MEDIUM_R10	100	Formless	Medium	Neutral	1	0	Dummy (Medium)
mob	renewal	22553	S_DUMMY_LARGE_R10	100	Formless	Large	Neutral	1	0	Dummy (Large)
mob	renewal	22554	S_DUMMY_XLARGE_R40	100	Formless	Large	Neutral	1	0	Dummy (Extra Large)
mob	renewal	22555	S_DUMMY_SMALL_R20	100	Formless	Small	Neutral	1	0	Dummy (Small)
mob	renewal	22556	S_DUMMY_MEDIUM_R20	100	Formless	Medium	Neutral	1	0	Dummy (Medium)
mob	renewal	22557	S_DUMMY_LARGE_R20	100	Formless	Large	Neutral	1	0	Dummy (Large)
mob	renewal	22558	S_DUMMY_XLARGE_R50	100	Formless	Large	Neutral	1	0	Dummy (Extra Large)
mob	renewal	22559	S_DUMMY_SMALL_R30	100	Formless	Small	Neutral	1	0	Dummy (Small)
mob	renewal	22560	S_DUMMY_MEDIUM_R30	100	Formless	Medium	Neutral	1	0	Dummy (Medium)
mob	renewal	22561	S_DUMMY_SMALL1	100	Formless	Small	Neutral	1	0	Dummy (Small)
mob	renewal	22562	S_DUMMY_MEDIUM1	100	Formless	Medium	Neutral	1	0	Dummy (Medium)
mob	renewal	22563	S_DUMMY_LARGE1	100	Formless	Large	Neutral	1	0	Dummy (Large)
mob	renewal	22564	S_DUMMY_SMALL1_R10	100	Formless	Small	Neutral	1	0	Dummy (Small)
mob	renewal	22565	S_DUMMY_MEDIUM1_R10	100	Formless	Medium	Neutral	1	0	Dummy (Medium)
mob	renewal	22566	S_DUMMY_LARGE1_R10	100	Formless	Large	Neutral	1	0	Dummy (Large)
mob	renewal	22567	S_DUMMY_XLARGE1_R40	100	Formless	Large	Neutral	1	0	Dummy (Extra Large)
mob	renewal	22568	S_DUMMY_SMALL1_R20	100	Formless	Small	Neutral	1	0	Dummy (Small)
mob	renewal	22569	S_DUMMY_MEDIUM1_R20	100	Formless	Medium	Neutral	1	0	Dummy (Medium)
mob	renewal	22570	S_DUMMY_LARGE1_R20	100	Formless	Large	Neutral	1	0	Dummy (Large)
mob	renewal	22571	S_DUMMY_XLARGE1_R50	100	Formless	Large	Neutral	1	0	Dummy (Extra Large)
mob	renewal	22572	S_DUMMY_SMALL1_R30	100	Formless	Small	Neutral	1	0	Dummy (Small)
mob	renewal	22573	S_DUMMY_MEDIUM1_R30	100	Formless	Medium	Neutral	1	0	Dummy (Medium)
mob	renewal	22574	S_DUMMY_LARGE1_R30	100	Formless	Large	Neutral	1	0	Dummy (Large)
mob	renewal	22575	S_DUMMY_SMALL2	100	Formless	Small	Neutral	1	0	Dummy (Small)
mob	renewal	22576	S_DUMMY_MEDIUM2	100	Formless	Medium	Neutral	1	0	Dummy (Medium)
mob	renewal	22577	S_DUMMY_LARGE2	100	Formless	Large	Neutral	1	0	Dummy (Large)
mob	renewal	22578	S_DUMMY_SMALL2_R10	100	Formless	Small	Neutral	1	0	Dummy (Small)
mob	renewal	22579	S_DUMMY_MEDIUM2_R10	100	Formless	Medium	Neutral	1	0	Dummy (Medium)
mob	renewal	22580	S_DUMMY_LARGE2_R10	100	Formless	Large	Neutral	1	0	Dummy (Large)
mob	renewal	22581	S_DUMMY_XLARGE2_R40	100	Formless	Large	Neutral	1	0	Dummy (Extra Large)
mob	renewal	22582	S_DUMMY_SMALL2_R20	100	Formless	Small	Neutral	1	0	Dummy (Small)
mob	renewal	22583	S_DUMMY_MEDIUM2_R20	100	Formless	Medium	Neutral	1	0	Dummy (Medium)
mob	renewal	22584	S_DUMMY_LARGE2_R20	100	Formless	Large	Neutral	1	0	Dummy (Large)
mob	renewal	22585	S_DUMMY_XLARGE2_R50	100	Formless	Large	Neutral	1	0	Dummy (Extra Large)
mob	renewal	22586	S_DUMMY_SMALL2_R30	100	Formless	Small	Neutral	1	0	Dummy (Small)
mob	renewal	22587	S_DUMMY_MEDIUM2_R30	100	Formless	Medium	Neutral	1	0	Dummy (Medium)
mob	renewal	22588	S_DUMMY_LARGE2_R30	100	Formless	Large	Neutral	1	0	Dummy (Large)
mob	renewal	22589	S_DUMMY_SMALL_M10	100	Formless	Small	Neutral	1	0	Dummy (Small)
mob	renewal	22590	S_DUMMY_MEDIUM_M10	100	Formless	Medium	Neutral	1	0	Dummy (Medium)
mob	renewal	22591	S_DUMMY_LARGE_M10	100	Formless	Large	Neutral	1	0	Dummy (Large)
mob	renewal	22592	S_DUMMY_XLARGE_M40	100	Formless	Large	Neutral	1	0	Dummy (Extra Large)
mob	renewal	22593	S_DUMMY_SMALL_M20	100	Formless	Small	Neutral	1	0	Dummy (Small)
mob	renewal	22594	S_DUMMY_MEDIUM_M20	100	Formless	Medium	Neutral	1	0	Dummy (Medium)
mob	renewal	22595	S_DUMMY_LARGE_M20	100	Formless	Large	Neutral	1	0	Dummy (Large)
mob	renewal	22596	S_DUMMY_XLARGE_M50	100	Formless	Large	Neutral	1	0	Dummy (Extra Large)
mob	renewal	22597	S_DUMMY_SMALL_M30	100	Formless	Small	Neutral	1	0	Dummy (Small)
mob	renewal	22598	S_DUMMY_MEDIUM_M30	100	Formless	Medium	Neutral	1	0	Dummy (Medium)
mob	renewal	22599	S_DUMMY_LARGE_M30	100	Formless	Large	Neutral	1	0	Dummy (Large)
mob	renewal	22600	S_DUMMY_SMALL3	100	Formless	Small	Neutral	1	0	Dummy (Small)
mob	renewal	22601	S_DUMMY_MEDIUM3	100	Formless	Medium	Neutral	1	0	Dummy (Medium)
mob	renewal	22602	S_DUMMY_LARGE3	100	Formless	Large	Neutral	1	0	Dummy (Large)
mob	renewal	22603	S_DUMMY_SMALL3_M10	100	Formless	Small	Neutral	1	0	Dummy (Small)
mob	renewal	22604	S_DUMMY_MEDIUM3_M10	100	Formless	Medium	Neutral	1	0	Dummy (Medium)
mob	renewal	22605	S_DUMMY_LARGE3_M10	100	Formless	Large	Neutral	1	0	Dummy (Large)
mob	renewal	22606	S_DUMMY_XLARGE1_M40	100	Formless	Large	Neutral	1	0	Dummy (Extra Large)
mob	renewal	22607	S_DUMMY_SMALL3_M20	100	Formless	Small	Neutral	1	0	Dummy (Small)
mob	renewal	22608	S_DUMMY_MEDIUM3_M20	100	Formless	Medium	Neutral	1	0	Dummy (Medium)
mob	renewal	22609	S_DUMMY_LARGE3_M20	100	Formless	Large	Neutral	1	0	Dummy (Large)
mob	renewal	22610	S_DUMMY_XLARGE1_M50	100	Formless	Large	Neutral	1	0	Dummy (Extra Large)
mob	renewal	22611	S_DUMMY_SMALL3_M30	100	Formless	Small	Neutral	1	0	Dummy (Small)
mob	renewal	22612	S_DUMMY_MEDIUM3_M30	100	Formless	Medium	Neutral	1	0	Dummy (Medium)
mob	renewal	22613	S_DUMMY_LARGE3_M30	100	Formless	Large	Neutral	1	0	Dummy (Large)
mob	renewal	22614	S_DUMMY_SMALL4	100	Formless	Small	Neutral	1	0	Dummy (Small)
mob	renewal	22615	S_DUMMY_MEDIUM4	100	Formless	Medium	Neutral	1	0	Dummy (Medium)
mob	renewal	22616	S_DUMMY_LARGE4	100	Formless	Large	Neutral	1	0	Dummy (Large)
mob	renewal	22617	S_DUMMY_SMALL4_M10	100	Formless	Small	Neutral	1	0	Dummy (Small)
mob	renewal	22618	S_DUMMY_MEDIUM4_M10	100	Formless	Medium	Neutral	1	0	Dummy (Medium)
mob	renewal	22619	S_DUMMY_LARGE4_M10	100	Formless	Large	Neutral	1	0	Dummy (Large)
mob	renewal	22620	S_DUMMY_XLARGE2_M40	100	Formless	Large	Neutral	1	0	Dummy (Extra Large)
mob	renewal	22621	S_DUMMY_SMALL4_M20	100	Formless	Small	Neutral	1	0	Dummy (Small)
mob	renewal	22622	S_DUMMY_MEDIUM4_M20	100	Formless	Medium	Neutral	1	0	Dummy (Medium)
mob	renewal	22623	S_DUMMY_LARGE4_M20	100	Formless	Large	Neutral	1	0	Dummy (Large)
mob	renewal	22624	S_DUMMY_XLARGE2_M50	100	Formless	Large	Neutral	1	0	Dummy (Extra Large)
mob	renewal	22625	S_DUMMY_SMALL4_M30	100	Formless	Small	Neutral	1	0	Dummy (Small)
mob	renewal	22626	S_DUMMY_MEDIUM4_M30	100	Formless	Medium	Neutral	1	0	Dummy (Medium)
mob	renewal	22627	S_DUMMY_LARGE4_M30	100	Formless	Large	Neutral	1	0	Dummy (Large)
mob	renewal	22628	S_DUMMY2_NOTHING	100	Formless	Medium	Neutral	1	0	Dummy (Formless Race)
mob	renewal	22629	S_DUMMY2_DRAGON	100	Dragon	Medium	Neutral	1	0	Dummy (Dragon Race)
mob	renewal	22630	S_DUMMY2_ANIMAL	100	Brute	Medium	Neutral	1	0	Dummy (Brute Race)
mob	renewal	22631	S_DUMMY2_HUMAN	100	Demihuman	Medium	Neutral	1	0	Dummy (Human Race)
mob	renewal	22632	S_DUMMY2_INSECT	100	Insect	Medium	Neutral	1	0	Dummy (Insect Race)
mob	renewal	22633	S_DUMMY2_FISH	100	Fish	Medium	Neutral	1	0	Dummy (Fish Race)
mob	renewal	22634	S_DUMMY2_DEMON	100	Demon	Medium	Neutral	1	0	Dummy (Demon Race)
mob	renewal	22635	S_DUMMY2_PLANT	100	Plant	Medium	Neutral	1	0	Dummy (Plant Race)
mob	renewal	22636	S_DUMMY2_ANGEL	100	Angel	Medium	Neutral	1	0	Dummy (Angel Race)
mob	renewal	22637	S_DUMMY2_UNDEAD	100	Undead	Medium	Neutral	1	0	Dummy (Undead Race)
mob	renewal	22638	S_DUMMY3_NOTHING	100	Formless	Medium	Neutral	1	0	Dummy (Formless Race)
mob	renewal	22639	S_DUMMY3_DRAGON	100	Dragon	Medium	Neutral	1	0	Dummy (Dragon Race)
mob	renewal	22640	S_DUMMY3_ANIMAL	100	Brute	Medium	Neutral	1	0	Dummy (Brute Race)
mob	renewal	22641	S_DUMMY3_HUMAN	100	Demihuman	Medium	Neutral	1	0	Dummy (Human Race)
mob	renewal	22642	S_DUMMY3_INSECT	100	Insect	Medium	Neutral	1	0	Dummy (Insect Race)
mob	renewal	22643	S_DUMMY3_FISH	100	Fish	Medium	Neutral	1	0	Dummy (Fish Race)
mob	renewal	22644	S_DUMMY3_DEMON	100	Demon	Medium	Neutral	1	0	Dummy (Demon Race)
mob	renewal	22645	S_DUMMY3_PLANT	100	Plant	Medium	Neutral	1	0	Dummy (Plant Race)
mob	renewal	22646	S_DUMMY3_ANGEL	100	Angel	Medium	Neutral	1	0	Dummy (Angel Race)
mob	renewal	22647	S_DUMMY3_UNDEAD	100	Undead	Medium	Neutral	1	0	Dummy (Undead Race)
mob	renewal	22648	S_DUMMY2_NOTHING2	100	Formless	Medium	Neutral	1	0	Dummy (Neutral)
mob	renewal	22649	S_DUMMY2_WATER	100	Formless	Medium	Water	1	0	Dummy (Water)
mob	renewal	22650	S_DUMMY2_GROUND	100	Formless	Medium	Earth	1	0	Dummy (Earth)
mob	renewal	22651	S_DUMMY2_FIRE	100	Formless	Medium	Fire	1	0	Dummy (Fire)
mob	renewal	22652	S_DUMMY2_WIND	100	Formless	Medium	Wind	1	0	Dummy (Wind)
mob	renewal	22653	S_DUMMY2_POISON	100	Formless	Medium	Poison	1	0	Dummy (Poison)
mob	renewal	22654	S_DUMMY2_SAINT	100	Formless	Medium	Holy	1	0	Dummy (Holy)
mob	renewal	22655	S_DUMMY2_DARKNESS	100	Formless	Medium	Dark	1	0	Dummy (Dark)
mob	renewal	22656	S_DUMMY2_TELEKINESIS	100	Formless	Medium	Ghost	1	0	Dummy (Ghost)
mob	renewal	22657	S_DUMMY2_UNDEAD2	100	Formless	Medium	Undead	1	0	Dummy (Undead)
mob	renewal	22658	S_DUMMY3_NOTHING2	100	Formless	Medium	Neutral	1	0	Dummy (Neutral)
mob	renewal	22659	S_DUMMY3_WATER	100	Formless	Medium	Water	1	0	Dummy (Water)
mob	renewal	22660	S_DUMMY3_GROUND	100	Formless	Medium	Earth	1	0	Dummy (Earth)
mob	renewal	22661	S_DUMMY3_FIRE	100	Formless	Medium	Fire	1	0	Dummy (Fire)
mob	renewal	22662	S_DUMMY3_WIND	100	Formless	Medium	Wind	1	0	Dummy (Wind)
mob	renewal	22663	S_DUMMY3_POISON	100	Formless	Medium	Poison	1	0	Dummy (Poison)
mob	renewal	22664	S_DUMMY3_SAINT	100	Formless	Medium	Holy	1	0	Dummy (Holy)
mob	renewal	22665	S_DUMMY3_DARKNESS	100	Formless	Medium	Dark	1	0	Dummy (Dark)
mob	renewal	22666	S_DUMMY3_TELEKINESIS	100	Formless	Medium	Ghost	1	0	Dummy (Ghost)
mob	renewal	22667	S_DUMMY3_UNDEAD2	100	Formless	Medium	Undead	1	0	Dummy (Undead)
mob	renewal	22668	S_DUMMY_LARGE_R30	100	Formless	Large	Neutral	1	0	Dummy (Large)
mob	prerenewal	1001	SCORPION	24	Insect	Small	Fire	1	0	Scorpion
mob	prerenewal	1002	PORING	1	Plant	Medium	Water	1	0	Poring
mob	prerenewal	1004	HORNET	8	Insect	Small	Wind	1	0	Hornet
mob	prerenewal	1005	FARMILIAR	8	Brute	Small	Dark	1	0	Familiar
mob	prerenewal	1007	FABRE	2	Insect	Small	Earth	1	0	Fabre
mob	prerenewal	1008	PUPA	2	Insect	Small	Earth	1	0	Pupa
mob	prerenewal	1009	CONDOR	5	Brute	Medium	Wind	1	0	Condor
mob	prerenewal	1010	WILOW	4	Plant	Medium	Earth	1	0	Willow
mob	prerenewal	1011	CHONCHON	4	Insect	Small	Wind	1	0	Chonchon
mob	prerenewal	1012	RODA_FROG	5	Fish	Medium	Water	1	0	Roda Frog
mob	prerenewal	1013	WOLF	25	Brute	Medium	Earth	1	0	Wolf
mob	prerenewal	1014	SPORE	16	Plant	Medium	Water	1	0	Spore
mob	prerenewal	1015	ZOMBIE	15	Undead	Medium	Undead	1	0	Zombie
mob	prerenewal	1016	ARCHER_SKELETON	31	Undead	Medium	Undead	1	0	Archer Skeleton
mob	prerenewal	1018	CREAMY	16	Insect	Small	Wind	1	0	Creamy
mob	prerenewal	1019	PECOPECO	19	Brute	Large	Fire	1	0	Peco Peco
mob	prerenewal	1020	MANDRAGORA	12	Plant	Medium	Earth	3	0	Mandragora
mob	prerenewal	1023	ORK_WARRIOR	24	Demihuman	Medium	Earth	1	0	Orc Warrior
mob	prerenewal	1024	WORM_TAIL	14	Plant	Medium	Earth	1	0	Wormtail
mob	prerenewal	1025	SNAKE	15	Brute	Medium	Earth	1	0	Boa
mob	prerenewal	1026	MUNAK	30	Undead	Medium	Undead	1	0	Munak
mob	prerenewal	1028	SOLDIER_SKELETON	29	Undead	Medium	Undead	1	0	Soldier Skeleton
mob	prerenewal	1029	ISIS	47	Demon	Large	Dark	1	0	Isis
mob	prerenewal	1030	ANACONDAQ	23	Brute	Medium	Poison	1	0	Anacondaq
mob	prerenewal	1031	POPORING	14	Plant	Medium	Poison	1	0	Poporing
mob	prerenewal	1032	VERIT	38	Undead	Medium	Undead	1	0	Verit
mob	prerenewal	1033	ELDER_WILOW	20	Plant	Medium	Fire	2	0	Elder Willow
mob	prerenewal	1034	THARA_FROG	22	Fish	Medium	Water	2	0	Thara Frog
mob	prerenewal	1035	HUNTER_FLY	42	Insect	Small	Wind	2	0	Hunter Fly
mob	prerenewal	1036	GHOUL	40	Undead	Medium	Undead	2	0	Ghoul
mob	prerenewal	1037	SIDE_WINDER	43	Brute	Medium	Poison	1	0	Side Winder
mob	prerenewal	1038	OSIRIS	78	Undead	Medium	Undead	4	1	Osiris
mob	prerenewal	1039	BAPHOMET	81	Demon	Large	Dark	3	1	Baphomet
mob	prerenewal	1040	GOLEM	25	Formless	Large	Neutral	3	0	Golem
mob	prerenewal	1041	MUMMY	37	Undead	Medium	Undead	2	0	Mummy
mob	prerenewal	1042	STEEL_CHONCHON	17	Insect	Small	Wind	1	0	Steel Chonchon
mob	prerenewal	1044	OBEAUNE	31	Fish	Medium	Water	2	0	Obeaune
mob	prerenewal	1045	MARC	36	Fish	Medium	Water	2	0	Marc
mob	prerenewal	1046	DOPPELGANGER	72	Demon	Medium	Dark	3	1	Doppelganger
mob	prerenewal	1047	PECOPECO_EGG	3	Formless	Small	Neutral	3	0	Peco Peco Egg
mob	prerenewal	1048	THIEF_BUG_EGG	4	Insect	Small	Dark	1	0	Thief Bug Egg
mob	prerenewal	1049	PICKY	3	Brute	Small	Fire	1	0	Picky
mob	prerenewal	1050	PICKY_	4	Brute	Small	Fire	1	0	Picky
mob	prerenewal	1051	THIEF_BUG	6	Insect	Small	Neutral	3	0	Thief Bug
mob	prerenewal	1052	ROCKER	9	Insect	Medium	Earth	1	0	Rocker
mob	prerenewal	1053	THIEF_BUG_	10	Insect	Medium	Dark	1	0	Thief Bug Female
mob	prerenewal	1054	THIEF_BUG__	19	Insect	Medium	Dark	1	0	Thief Bug Male
mob	prerenewal	1055	MUKA	17	Plant	Large	Earth	1	0	Muka
mob	prerenewal	1056	SMOKIE	18	Brute	Small	Earth	1	0	Smokie
mob	prerenewal	1057	YOYO	21	Brute	Small	Earth	1	0	Yoyo
mob	prerenewal	1058	METALLER	22	Insect	Medium	Fire	1	0	Metaller
mob	prerenewal	1059	MISTRESS	74	Insect	Small	Wind	4	1	Mistress
mob	prerenewal	1060	BIGFOOT	25	Brute	Large	Earth	1	0	Bigfoot
mob	prerenewal	1061	NIGHTMARE	49	Demon	Large	Ghost	3	0	Nightmare
mob	prerenewal	1062	PORING_	3	Plant	Medium	Holy	1	0	Santa Poring
mob	prerenewal	1063	LUNATIC	3	Brute	Small	Neutral	3	0	Lunatic
mob	prerenewal	1064	MEGALODON	24	Undead	Medium	Undead	1	0	Megalodon
mob	prerenewal	1065	STROUF	48	Fish	Large	Water	3	0	Strouf
mob	prerenewal	1066	VADON	19	Fish	Small	Water	1	0	Vadon
mob	prerenewal	1067	CORNUTUS	23	Fish	Small	Water	1	0	Cornutus
mob	prerenewal	1068	HYDRA	14	Plant	Small	Water	2	0	Hydra
mob	prerenewal	1069	SWORD_FISH	30	Fish	Large	Water	2	0	Swordfish
mob	prerenewal	1070	KUKRE	11	Fish	Small	Water	1	0	Kukre
mob	prerenewal	1071	PIRATE_SKEL	25	Undead	Medium	Undead	1	0	Pirate Skeleton
mob	prerenewal	1072	KAHO	60	Demon	Medium	Fire	4	0	Kaho
mob	prerenewal	1073	CRAB	20	Fish	Small	Water	1	0	Crab
mob	prerenewal	1074	SHELLFISH	15	Fish	Small	Water	1	0	Shellfish
mob	prerenewal	1076	SKELETON	10	Undead	Medium	Undead	1	0	Skeleton
mob	prerenewal	1077	POISON_SPORE	19	Plant	Medium	Poison	1	0	Poison Spore
mob	prerenewal	1078	RED_PLANT	1	Plant	Small	Earth	1	0	Red Plant
mob	prerenewal	1079	BLUE_PLANT	1	Plant	Small	Earth	1	0	Blue Plant
mob	prerenewal	1080	GREEN_PLANT	1	Plant	Small	Earth	1	0	Green Plant
mob	prerenewal	1081	YELLOW_PLANT	1	Plant	Small	Earth	1	0	Yellow Plant
mob	prerenewal	1082	WHITE_PLANT	1	Plant	Small	Earth	1	0	White Plant
mob	prerenewal	1083	SHINING_PLANT	1	Plant	Small	Holy	1	0	Shining Plant
mob	prerenewal	1084	BLACK_MUSHROOM	1	Plant	Small	Earth	1	0	Black Mushroom
mob	prerenewal	1085	RED_MUSHROOM	1	Plant	Small	Earth	1	0	Red Mushroom
mob	prerenewal	1086	GOLDEN_BUG	64	Insect	Large	Fire	2	1	Golden Thief Bug
mob	prerenewal	1087	ORK_HERO	77	Demihuman	Large	Earth	2	1	Orc Hero
mob	prerenewal	1088	VOCAL	18	Insect	Medium	Earth	1	0	Vocal
mob	prerenewal	1089	TOAD	10	Fish	Medium	Water	1	0	Toad
mob	prerenewal	1090	MASTERING	2	Plant	Medium	Water	1	0	Mastering
mob	prerenewal	1091	DRAGON_FLY	8	Insect	Small	Wind	1	0	Dragon Fly
mob	prerenewal	1092	VAGABOND_WOLF	24	Brute	Medium	Earth	1	0	Vagabond Wolf
mob	prerenewal	1093	ECLIPSE	6	Brute	Medium	Neutral	3	0	Eclipse
mob	prerenewal	1094	AMBERNITE	13	Insect	Large	Water	1	0	Ambernite
mob	prerenewal	1095	ANDRE	17	Insect	Small	Earth	1	0	Andre
mob	prerenewal	1096	ANGELING	20	Angel	Medium	Holy	4	0	Angeling
mob	prerenewal	1097	ANT_EGG	4	Formless	Small	Neutral	3	0	Ant Egg
mob	prerenewal	1098	ANUBIS	75	Demihuman	Large	Undead	2	0	Anubis
mob	prerenewal	1099	ARGIOPE	41	Insect	Large	Poison	1	0	Argiope
mob	prerenewal	1100	ARGOS	25	Insect	Large	Poison	1	0	Argos
mob	prerenewal	1101	BAPHOMET_	50	Demon	Small	Dark	1	0	Baphomet Jr.
mob	prerenewal	1102	BATHORY	44	Demihuman	Medium	Dark	1	0	Bathory
mob	prerenewal	1103	CARAMEL	23	Brute	Small	Earth	1	0	Caramel
mob	prerenewal	1104	COCO	17	Brute	Small	Earth	1	0	Coco
mob	prerenewal	1105	DENIRO	19	Insect	Small	Earth	1	0	Deniro
mob	prerenewal	1106	DESERT_WOLF	27	Brute	Medium	Fire	1	0	Desert Wolf
mob	prerenewal	1107	DESERT_WOLF_B	9	Brute	Small	Fire	1	0	Baby Desert Wolf
mob	prerenewal	1108	DEVIACE	47	Fish	Medium	Water	4	0	Deviace
mob	prerenewal	1109	DEVIRUCHI	46	Demon	Small	Dark	1	0	Deviruchi
mob	prerenewal	1110	DOKEBI	33	Demon	Small	Dark	1	0	Dokebi
mob	prerenewal	1111	DRAINLIAR	24	Brute	Small	Dark	2	0	Drainliar
mob	prerenewal	1112	DRAKE	70	Undead	Medium	Undead	1	1	Drake
mob	prerenewal	1113	DROPS	3	Plant	Medium	Fire	1	0	Drops
mob	prerenewal	1114	DUSTINESS	21	Insect	Small	Wind	2	0	Dustiness
mob	prerenewal	1115	EDDGA	65	Brute	Large	Fire	1	1	Eddga
mob	prerenewal	1116	EGGYRA	24	Formless	Medium	Ghost	2	0	Eggyra
mob	prerenewal	1117	EVIL_DRUID	58	Undead	Large	Undead	4	0	Evil Druid
mob	prerenewal	1118	FLORA	26	Plant	Large	Earth	1	0	Flora
mob	prerenewal	1119	FRILLDORA	30	Brute	Medium	Fire	1	0	Frilldora
mob	prerenewal	1120	GHOSTRING	18	Demon	Medium	Ghost	4	0	Ghostring
mob	prerenewal	1121	GIEARTH	29	Demon	Small	Earth	1	0	Giearth
mob	prerenewal	1122	GOBLIN_1	25	Demihuman	Medium	Wind	1	0	Goblin
mob	prerenewal	1123	GOBLIN_2	24	Demihuman	Medium	Fire	1	0	Goblin
mob	prerenewal	1124	GOBLIN_3	24	Demihuman	Medium	Poison	1	0	Goblin
mob	prerenewal	1125	GOBLIN_4	23	Demihuman	Medium	Earth	1	0	Goblin
mob	prerenewal	1126	GOBLIN_5	22	Demihuman	Medium	Water	1	0	Goblin
mob	prerenewal	1127	HODE	26	Brute	Medium	Earth	2	0	Hode
mob	prerenewal	1128	HORN	18	Insect	Medium	Earth	1	0	Horn
mob	prerenewal	1129	HORONG	34	Formless	Small	Fire	4	0	Horong
mob	prerenewal	1130	JAKK	38	Formless	Medium	Fire	2	0	Jakk
mob	prerenewal	1131	JOKER	57	Demihuman	Large	Wind	4	0	Joker
mob	prerenewal	1132	KHALITZBURG	63	Undead	Large	Undead	1	0	Khalitzburg
mob	prerenewal	1133	KOBOLD_1	36	Demihuman	Medium	Wind	2	0	Kobold
mob	prerenewal	1134	KOBOLD_2	31	Demihuman	Medium	Poison	2	0	Kobold
mob	prerenewal	1135	KOBOLD_3	31	Demihuman	Medium	Fire	2	0	Kobold
mob	prerenewal	1138	MAGNOLIA	26	Demon	Small	Water	1	0	Magnolia
mob	prerenewal	1139	MANTIS	26	Insect	Medium	Earth	1	0	Mantis
mob	prerenewal	1140	MARDUK	40	Demihuman	Large	Fire	1	0	Marduk
mob	prerenewal	1141	MARINA	21	Plant	Small	Water	2	0	Marina
mob	prerenewal	1142	MARINE_SPHERE	28	Plant	Small	Water	2	0	Marine Sphere
mob	prerenewal	1143	MARIONETTE	41	Demon	Small	Ghost	3	0	Marionette
mob	prerenewal	1144	MARSE	31	Fish	Small	Water	2	0	Marse
mob	prerenewal	1145	MARTIN	18	Brute	Small	Earth	2	0	Martin
mob	prerenewal	1146	MATYR	31	Brute	Medium	Dark	1	0	Matyr
mob	prerenewal	1147	MAYA	81	Insect	Large	Earth	4	1	Maya
mob	prerenewal	1148	MEDUSA	79	Demon	Medium	Neutral	2	0	Medusa
mob	prerenewal	1149	MINOROUS	52	Brute	Large	Fire	2	0	Minorous
mob	prerenewal	1150	MOONLIGHT	67	Demon	Medium	Fire	3	1	Moonlight Flower
mob	prerenewal	1151	MYST	38	Formless	Large	Poison	1	0	Myst
mob	prerenewal	1152	ORC_SKELETON	28	Undead	Medium	Undead	1	0	Orc Skeleton
mob	prerenewal	1153	ORC_ZOMBIE	24	Undead	Medium	Undead	1	0	Orc Zombie
mob	prerenewal	1154	PASANA	61	Demihuman	Medium	Fire	2	0	Pasana
mob	prerenewal	1155	PETIT	44	Dragon	Medium	Earth	1	0	Petite
mob	prerenewal	1156	PETIT_	45	Dragon	Medium	Wind	1	0	Petite
mob	prerenewal	1157	PHARAOH	93	Demihuman	Large	Dark	3	1	Pharaoh
mob	prerenewal	1158	PHEN	26	Fish	Medium	Water	2	0	Phen
mob	prerenewal	1159	PHREEONI	69	Brute	Large	Neutral	3	1	Phreeoni
mob	prerenewal	1160	PIERE	18	Insect	Small	Earth	1	0	Piere
mob	prerenewal	1161	PLANKTON	10	Plant	Small	Water	3	0	Plankton
mob	prerenewal	1162	RAFFLESIA	17	Plant	Small	Earth	1	0	Rafflesia
mob	prerenewal	1163	RAYDRIC	52	Demihuman	Large	Dark	2	0	Raydric
mob	prerenewal	1164	REQUIEM	35	Demihuman	Medium	Dark	1	0	Requiem
mob	prerenewal	1165	SAND_MAN	34	Formless	Medium	Earth	3	0	Sandman
mob	prerenewal	1166	SAVAGE	26	Brute	Large	Earth	2	0	Savage
mob	prerenewal	1167	SAVAGE_BABE	7	Brute	Small	Earth	1	0	Savage Babe
mob	prerenewal	1169	SKEL_WORKER	30	Undead	Medium	Undead	1	0	Skeleton Worker
mob	prerenewal	1170	SOHEE	33	Demon	Medium	Water	1	0	Sohee
mob	prerenewal	1174	STAINER	16	Insect	Small	Wind	1	0	Stainer
mob	prerenewal	1175	TAROU	11	Brute	Small	Dark	1	0	Tarou
mob	prerenewal	1176	VITATA	20	Insect	Small	Earth	1	0	Vitata
mob	prerenewal	1177	ZENORC	31	Demihuman	Medium	Dark	1	0	Zenorc
mob	prerenewal	1178	ZEROM	23	Demihuman	Medium	Fire	1	0	Zerom
mob	prerenewal	1179	WHISPER	34	Demon	Small	Ghost	3	0	Whisper
mob	prerenewal	1180	NINE_TAIL	51	Brute	Medium	Fire	3	0	Nine Tail
mob	prerenewal	1182	THIEF_MUSHROOM	1	Plant	Small	Earth	1	0	Thief Mushroom
mob	prerenewal	1183	CHONCHON_	4	Insect	Small	Wind	1	0	Chonchon
mob	prerenewal	1184	FABRE_	1	Insect	Small	Earth	1	0	Fabre
mob	prerenewal	1185	WHISPER_	34	Undead	Small	Ghost	1	0	Whisper
mob	prerenewal	1186	WHISPER_BOSS	34	Demon	Small	Ghost	2	0	Giant Whisper
mob	prerenewal	1187	SWITCH	1	Formless	Medium	Neutral	1	0	Switch
mob	prerenewal	1188	BON_GUN	32	Undead	Medium	Undead	1	0	Bongun
mob	prerenewal	1189	ORC_ARCHER	49	Demihuman	Medium	Earth	1	0	Orc Archer
mob	prerenewal	1190	ORC_LORD	74	Demihuman	Large	Earth	4	1	Orc Lord
mob	prerenewal	1191	MIMIC	51	Formless	Medium	Neutral	3	0	Mimic
mob	prerenewal	1192	WRAITH	53	Undead	Large	Undead	4	0	Wraith
mob	prerenewal	1193	ALARM	58	Formless	Medium	Neutral	3	0	Alarm
mob	prerenewal	1194	ARCLOUSE	59	Insect	Medium	Earth	2	0	Arclouze
mob	prerenewal	1195	RIDEWORD	59	Formless	Small	Neutral	3	0	Rideword
mob	prerenewal	1196	SKEL_PRISONER	52	Undead	Medium	Undead	3	0	Skeleton Prisoner
mob	prerenewal	1197	ZOMBIE_PRISONER	53	Undead	Medium	Undead	3	0	Zombie Prisoner
mob	prerenewal	1198	DARK_PRIEST	79	Demon	Medium	Undead	4	0	Dark Priest
mob	prerenewal	1199	PUNK	43	Plant	Small	Wind	1	0	Punk
mob	prerenewal	1200	ZHERLTHSH	63	Demihuman	Medium	Neutral	3	0	Zealotus
mob	prerenewal	1201	RYBIO	71	Demon	Large	Neutral	2	0	Rybio
mob	prerenewal	1202	PHENDARK	73	Demihuman	Large	Neutral	2	0	Phendark
mob	prerenewal	1203	MYSTELTAINN	76	Formless	Large	Dark	4	0	Mysteltainn
mob	prerenewal	1204	TIRFING	71	Formless	Medium	Dark	3	0	Ogretooth
mob	prerenewal	1205	EXECUTIONER	65	Formless	Large	Dark	2	0	Executioner
mob	prerenewal	1206	ANOLIAN	61	Fish	Medium	Water	2	0	Anolian
mob	prerenewal	1207	STING	61	Formless	Medium	Earth	3	0	Sting
mob	prerenewal	1208	WANDER_MAN	74	Demon	Medium	Wind	1	0	Wanderer
mob	prerenewal	1209	CRAMP	56	Brute	Small	Poison	2	0	Cramp
mob	prerenewal	1211	BRILIGHT	46	Insect	Small	Fire	1	0	Brilight
mob	prerenewal	1212	IRON_FIST	47	Insect	Medium	Neutral	3	0	Iron Fist
mob	prerenewal	1213	HIGH_ORC	52	Demihuman	Large	Fire	2	0	High Orc
mob	prerenewal	1214	CHOCO	43	Brute	Small	Fire	1	0	Choco
mob	prerenewal	1215	STEM_WORM	40	Plant	Medium	Wind	1	0	Stem Worm
mob	prerenewal	1216	PENOMENA	57	Fish	Medium	Poison	1	0	Penomena
mob	prerenewal	1219	KNIGHT_OF_ABYSS	79	Demihuman	Large	Dark	4	0	Abysmal Knight
mob	prerenewal	1220	M_DESERT_WOLF	27	Brute	Medium	Fire	1	0	Desert Wolf
mob	prerenewal	1221	M_SAVAGE	26	Brute	Large	Earth	2	0	Savage
mob	prerenewal	1229	META_FABRE	2	Insect	Small	Earth	1	0	Fabre
mob	prerenewal	1230	META_PUPA	2	Insect	Small	Earth	1	0	Pupa
mob	prerenewal	1231	META_CREAMY	16	Insect	Small	Wind	1	0	Creamy
mob	prerenewal	1232	META_PECOPECO_EGG	3	Formless	Small	Neutral	3	0	Peco Peco Egg
mob	prerenewal	1234	PROVOKE_YOYO	19	Brute	Small	Earth	1	0	Yoyo
mob	prerenewal	1235	SMOKING_ORC	24	Demihuman	Medium	Earth	1	0	Smoking Orc
mob	prerenewal	1236	META_ANT_EGG	4	Formless	Small	Neutral	3	0	Ant Egg
mob	prerenewal	1237	META_ANDRE	17	Insect	Small	Earth	1	0	Andre
mob	prerenewal	1238	META_PIERE	18	Insect	Small	Earth	1	0	Piere
mob	prerenewal	1239	META_DENIRO	19	Insect	Small	Earth	1	0	Deniro
mob	prerenewal	1240	META_PICKY	3	Brute	Small	Fire	1	0	Picky
mob	prerenewal	1241	META_PICKY_	4	Brute	Small	Fire	1	0	Picky
mob	prerenewal	1242	MARIN	15	Plant	Medium	Water	2	0	Marin
mob	prerenewal	1243	SASQUATCH	30	Brute	Large	Neutral	3	0	Sasquatch
mob	prerenewal	1244	JAKK_XMAS	38	Formless	Medium	Fire	2	0	Christmas Jakk
mob	prerenewal	1245	GOBLINE_XMAS	25	Demihuman	Medium	Wind	1	0	Christmas Goblin
mob	prerenewal	1246	COOKIE_XMAS	28	Demihuman	Small	Holy	2	0	Christmas Cookie
mob	prerenewal	1247	ANTONIO	10	Plant	Medium	Holy	3	0	Antonio
mob	prerenewal	1248	CRUISER	35	Formless	Medium	Neutral	3	0	Cruiser
mob	prerenewal	1249	MYSTCASE	38	Formless	Medium	Neutral	3	0	Myst Case
mob	prerenewal	1250	CHEPET	42	Demihuman	Medium	Fire	1	0	Chepet
mob	prerenewal	1251	KNIGHT_OF_WINDSTORM	77	Formless	Large	Wind	4	1	Stormy Knight
mob	prerenewal	1252	GARM	73	Brute	Large	Water	4	1	Hatii
mob	prerenewal	1253	GARGOYLE	48	Demon	Medium	Wind	3	0	Gargoyle
mob	prerenewal	1254	RAGGLER	21	Brute	Small	Wind	1	0	Raggler
mob	prerenewal	1255	NERAID	40	Brute	Small	Earth	1	0	Nereid
mob	prerenewal	1256	PEST	40	Brute	Small	Dark	2	0	Pest
mob	prerenewal	1257	INJUSTICE	51	Undead	Medium	Dark	2	0	Injustice
mob	prerenewal	1258	GOBLIN_ARCHER	28	Demihuman	Small	Poison	1	0	Goblin Archer
mob	prerenewal	1259	GRYPHON	72	Brute	Large	Wind	4	0	Gryphon
mob	prerenewal	1260	DARK_FRAME	59	Demon	Medium	Dark	3	0	Dark Frame
mob	prerenewal	1261	WILD_ROSE	38	Brute	Small	Wind	1	0	Wild Rose
mob	prerenewal	1262	MUTANT_DRAGON	65	Dragon	Large	Fire	2	0	Mutant Dragonoid
mob	prerenewal	1263	WIND_GHOST	51	Demon	Medium	Wind	3	0	Wind Ghost
mob	prerenewal	1264	MERMAN	53	Demihuman	Medium	Water	3	0	Merman
mob	prerenewal	1265	COOKIE	25	Demihuman	Small	Neutral	3	0	Cookie
mob	prerenewal	1266	ASTER	18	Fish	Small	Earth	1	0	Aster
mob	prerenewal	1267	CARAT	51	Demon	Medium	Wind	2	0	Carat
mob	prerenewal	1268	BLOODY_KNIGHT	82	Formless	Large	Dark	4	0	Bloody Knight
mob	prerenewal	1269	CLOCK	60	Formless	Medium	Earth	2	0	Clock
mob	prerenewal	1270	C_TOWER_MANAGER	63	Formless	Large	Neutral	4	0	Clock Tower Manager
mob	prerenewal	1271	ALLIGATOR	42	Brute	Medium	Water	1	0	Alligator
mob	prerenewal	1272	DARK_LORD	80	Demon	Large	Undead	4	1	Dark Lord
mob	prerenewal	1273	ORC_LADY	31	Demihuman	Medium	Earth	2	0	Orc Lady
mob	prerenewal	1274	MEGALITH	45	Formless	Large	Neutral	4	0	Megalith
mob	prerenewal	1275	ALICE	62	Demihuman	Medium	Neutral	3	0	Alice
mob	prerenewal	1276	RAYDRIC_ARCHER	52	Demon	Medium	Dark	2	0	Raydric Archer
mob	prerenewal	1277	GREATEST_GENERAL	40	Formless	Medium	Fire	2	0	Greatest General
mob	prerenewal	1278	STALACTIC_GOLEM	60	Formless	Large	Neutral	4	0	Stalactic Golem
mob	prerenewal	1279	TRI_JOINT	32	Insect	Small	Earth	1	0	Tri Joint
mob	prerenewal	1280	STEAM_GOBLIN	35	Demihuman	Medium	Wind	2	0	Goblin Steamrider
mob	prerenewal	1281	SAGEWORM	43	Brute	Small	Neutral	3	0	Sage Worm
mob	prerenewal	1282	KOBOLD_ARCHER	33	Demihuman	Small	Fire	1	0	Kobold Archer
mob	prerenewal	1283	CHIMERA	70	Brute	Large	Fire	3	0	Chimera
mob	prerenewal	1285	ARCHER_GUARDIAN	74	Demihuman	Large	Neutral	4	0	Archer Guardian
mob	prerenewal	1286	KNIGHT_GUARDIAN	86	Demihuman	Large	Neutral	4	0	Knight Guardian
mob	prerenewal	1287	SOLDIER_GUARDIAN	56	Insect	Small	Earth	1	0	Soldier Guardian
mob	prerenewal	1288	EMPELIUM	90	Angel	Small	Holy	1	0	Emperium
mob	prerenewal	1289	MAYA_PUPLE	81	Insect	Large	Earth	4	0	Maya Purple
mob	prerenewal	1290	SKELETON_GENERAL	73	Undead	Medium	Undead	1	0	Skeleton General
mob	prerenewal	1291	WRAITH_DEAD	74	Undead	Large	Undead	4	0	Wraith Dead
mob	prerenewal	1292	MINI_DEMON	68	Demon	Small	Dark	1	0	Mini Demon
mob	prerenewal	1293	CREMY_FEAR	62	Insect	Small	Wind	1	0	Creamy Fear
mob	prerenewal	1294	KILLER_MANTIS	56	Insect	Medium	Earth	1	0	Killer Mantis
mob	prerenewal	1295	OWL_BARON	75	Demon	Large	Neutral	3	0	Owl Baron
mob	prerenewal	1296	KOBOLD_LEADER	65	Demihuman	Medium	Wind	2	0	Kobold Leader
mob	prerenewal	1297	ANCIENT_MUMMY	64	Undead	Medium	Undead	2	0	Ancient Mummy
mob	prerenewal	1298	ZOMBIE_MASTER	62	Undead	Medium	Undead	1	0	Zombie Master
mob	prerenewal	1299	GOBLIN_LEADER	64	Demihuman	Medium	Wind	1	0	Goblin Leader
mob	prerenewal	1300	CATERPILLAR	64	Insect	Small	Earth	1	0	Caterpillar
mob	prerenewal	1301	AM_MUT	61	Demon	Small	Dark	1	0	Am Mut
mob	prerenewal	1302	DARK_ILLUSION	77	Demon	Large	Undead	4	0	Dark Illusion
mob	prerenewal	1303	GIANT_HONET	56	Insect	Small	Wind	1	0	Giant Hornet
mob	prerenewal	1304	GIANT_SPIDER	55	Insect	Large	Poison	1	0	Giant Spider
mob	prerenewal	1305	ANCIENT_WORM	67	Insect	Large	Poison	1	0	Ancient Worm
mob	prerenewal	1306	LEIB_OLMAI	58	Brute	Large	Earth	1	0	Leib Olmai
mob	prerenewal	1307	CAT_O_NINE_TAIL	76	Demon	Medium	Fire	3	0	Cat o' Nine Tails
mob	prerenewal	1308	PANZER_GOBLIN	59	Demihuman	Medium	Wind	2	0	Panzer Goblin
mob	prerenewal	1309	GAJOMART	63	Formless	Small	Fire	4	0	Gajomart
mob	prerenewal	1310	MAJORUROS	66	Brute	Large	Fire	2	0	Majoruros
mob	prerenewal	1311	GULLINBURSTI	62	Brute	Large	Earth	2	0	Gullinbursti
mob	prerenewal	1312	TURTLE_GENERAL	97	Brute	Large	Earth	2	1	Turtle General
mob	prerenewal	1313	MOBSTER	61	Demihuman	Medium	Neutral	1	0	Mobster
mob	prerenewal	1314	PERMETER	63	Brute	Medium	Neutral	2	0	Permeter
mob	prerenewal	1315	ASSULTER	71	Demihuman	Medium	Wind	2	0	Assaulter
mob	prerenewal	1316	SOLIDER	70	Brute	Medium	Earth	2	0	Solider
mob	prerenewal	1317	FUR_SEAL	63	Brute	Medium	Water	1	0	Seal
mob	prerenewal	1318	HEATER	68	Brute	Medium	Fire	2	0	Heater
mob	prerenewal	1319	FREEZER	72	Brute	Medium	Water	2	0	Freezer
mob	prerenewal	1320	OWL_DUKE	75	Demon	Large	Neutral	3	0	Owl Duke
mob	prerenewal	1321	DRAGON_TAIL	61	Insect	Medium	Wind	2	0	Dragon Tail
mob	prerenewal	1322	SPRING_RABBIT	58	Brute	Medium	Earth	2	0	Spring Rabbit
mob	prerenewal	1323	SEE_OTTER	59	Brute	Medium	Water	3	0	Sea Otter
mob	prerenewal	1324	TREASURE_BOX1	99	Formless	Small	Neutral	1	0	Treasure Chest
mob	prerenewal	1325	TREASURE_BOX2	99	Formless	Small	Neutral	1	0	Treasure Chest
mob	prerenewal	1326	TREASURE_BOX3	99	Formless	Small	Neutral	1	0	Treasure Chest
mob	prerenewal	1327	TREASURE_BOX4	99	Formless	Small	Neutral	1	0	Treasure Chest
mob	prerenewal	1328	TREASURE_BOX5	99	Formless	Small	Neutral	1	0	Treasure Chest
mob	prerenewal	1329	TREASURE_BOX6	99	Formless	Small	Neutral	1	0	Treasure Chest
mob	prerenewal	1330	TREASURE_BOX7	99	Formless	Small	Neutral	1	0	Treasure Chest
mob	prerenewal	1331	TREASURE_BOX8	99	Formless	Small	Neutral	1	0	Treasure Chest
mob	prerenewal	1332	TREASURE_BOX9	99	Formless	Small	Neutral	1	0	Treasure Chest
mob	prerenewal	1333	TREASURE_BOX10	99	Formless	Small	Neutral	1	0	Treasure Chest
mob	prerenewal	1334	TREASURE_BOX11	99	Formless	Small	Neutral	1	0	Treasure Chest
mob	prerenewal	1335	TREASURE_BOX12	99	Formless	Small	Neutral	1	0	Treasure Chest
mob	prerenewal	1336	TREASURE_BOX13	99	Formless	Small	Neutral	1	0	Treasure Chest
mob	prerenewal	1337	TREASURE_BOX14	99	Formless	Small	Neutral	1	0	Treasure Chest
mob	prerenewal	1338	TREASURE_BOX15	99	Formless	Small	Neutral	1	0	Treasure Chest
mob	prerenewal	1339	TREASURE_BOX16	99	Formless	Small	Neutral	1	0	Treasure Chest
mob	prerenewal	1340	TREASURE_BOX17	99	Formless	Small	Neutral	1	0	Treasure Chest
mob	prerenewal	1341	TREASURE_BOX18	99	Formless	Small	Neutral	1	0	Treasure Chest
mob	prerenewal	1342	TREASURE_BOX19	99	Formless	Small	Neutral	1	0	Treasure Chest
mob	prerenewal	1343	TREASURE_BOX20	99	Formless	Small	Neutral	1	0	Treasure Chest
mob	prerenewal	1344	TREASURE_BOX21	99	Formless	Small	Neutral	1	0	Treasure Chest
mob	prerenewal	1345	TREASURE_BOX22	99	Formless	Small	Neutral	1	0	Treasure Chest
mob	prerenewal	1346	TREASURE_BOX23	99	Formless	Small	Neutral	1	0	Treasure Chest
mob	prerenewal	1347	TREASURE_BOX24	99	Formless	Small	Neutral	1	0	Treasure Chest
mob	prerenewal	1348	TREASURE_BOX25	99	Formless	Small	Neutral	1	0	Treasure Chest
mob	prerenewal	1349	TREASURE_BOX26	99	Formless	Small	Neutral	1	0	Treasure Chest
mob	prerenewal	1350	TREASURE_BOX27	99	Formless	Small	Neutral	1	0	Treasure Chest
mob	prerenewal	1351	TREASURE_BOX28	99	Formless	Small	Neutral	1	0	Treasure Chest
mob	prerenewal	1352	TREASURE_BOX29	99	Formless	Small	Neutral	1	0	Treasure Chest
mob	prerenewal	1353	TREASURE_BOX30	99	Formless	Small	Neutral	1	0	Treasure Chest
mob	prerenewal	1354	TREASURE_BOX31	99	Formless	Small	Neutral	1	0	Treasure Chest
mob	prerenewal	1355	TREASURE_BOX32	99	Formless	Small	Neutral	1	0	Treasure Chest
mob	prerenewal	1356	TREASURE_BOX33	99	Formless	Small	Neutral	1	0	Treasure Chest
mob	prerenewal	1357	TREASURE_BOX34	99	Formless	Small	Neutral	1	0	Treasure Chest
mob	prerenewal	1358	TREASURE_BOX35	99	Formless	Small	Neutral	1	0	Treasure Chest
mob	prerenewal	1359	TREASURE_BOX36	99	Formless	Small	Neutral	1	0	Treasure Chest
mob	prerenewal	1360	TREASURE_BOX37	99	Formless	Small	Neutral	1	0	Treasure Chest
mob	prerenewal	1361	TREASURE_BOX38	99	Formless	Small	Neutral	1	0	Treasure Chest
mob	prerenewal	1362	TREASURE_BOX39	99	Formless	Small	Neutral	1	0	Treasure Chest
mob	prerenewal	1363	TREASURE_BOX40	99	Formless	Small	Neutral	1	0	Treasure Chest
mob	prerenewal	1364	G_ASSULTER	59	Demon	Medium	Wind	2	0	Assaulter
mob	prerenewal	1365	APOCALIPS	66	Formless	Large	Neutral	3	0	Apocalypse
mob	prerenewal	1366	LAVA_GOLEM	77	Formless	Large	Fire	4	0	Lava Golem
mob	prerenewal	1367	BLAZZER	43	Demon	Medium	Fire	2	0	Blazer
mob	prerenewal	1368	GEOGRAPHER	56	Plant	Medium	Earth	3	0	Geographer
mob	prerenewal	1369	GRAND_PECO	58	Brute	Large	Fire	2	0	Grand Peco
mob	prerenewal	1370	SUCCUBUS	85	Demon	Medium	Dark	3	0	Succubus
mob	prerenewal	1371	FAKE_ANGEL	65	Angel	Small	Holy	3	0	False Angel
mob	prerenewal	1372	GOAT	69	Brute	Medium	Fire	3	0	Goat
mob	prerenewal	1373	LORD_OF_DEATH	94	Demon	Large	Dark	3	1	Lord of the Dead
mob	prerenewal	1374	INCUBUS	75	Demon	Medium	Dark	3	0	Incubus
mob	prerenewal	1375	THE_PAPER	56	Formless	Medium	Neutral	3	0	The Paper
mob	prerenewal	1376	HARPY	70	Demon	Medium	Wind	3	0	Harpy
mob	prerenewal	1377	ELDER	64	Demihuman	Large	Neutral	4	0	Elder
mob	prerenewal	1378	DEMON_PUNGUS	56	Demon	Small	Poison	3	0	Demon Pungus
mob	prerenewal	1379	NIGHTMARE_TERROR	78	Demon	Large	Dark	3	0	Nightmare Terror
mob	prerenewal	1380	DRILLER	52	Brute	Medium	Earth	1	0	Driller
mob	prerenewal	1381	GRIZZLY	68	Brute	Large	Fire	3	0	Grizzly
mob	prerenewal	1382	DIABOLIC	67	Demon	Small	Dark	2	0	Diabolic
mob	prerenewal	1383	EXPLOSION	46	Brute	Small	Fire	3	0	Explosion
mob	prerenewal	1384	DELETER	66	Dragon	Medium	Fire	2	0	Deleter
mob	prerenewal	1385	DELETER_	65	Dragon	Medium	Fire	2	0	Deleter
mob	prerenewal	1386	SLEEPER	67	Formless	Medium	Earth	2	0	Sleeper
mob	prerenewal	1387	GIG	60	Brute	Small	Fire	2	0	Gig
mob	prerenewal	1388	ARCHANGELING	60	Angel	Medium	Holy	3	0	Arc Angeling
mob	prerenewal	1389	DRACULA	85	Demon	Large	Dark	4	1	Dracula
mob	prerenewal	1390	VIOLY	75	Demihuman	Medium	Neutral	2	0	Violy
mob	prerenewal	1391	GALAPAGO	61	Brute	Small	Earth	1	0	Galapago
mob	prerenewal	1392	ROTAR_ZAIRO	25	Formless	Large	Wind	2	0	Rotar Zairo
mob	prerenewal	1393	G_MUMMY	37	Undead	Medium	Undead	2	0	Mummy
mob	prerenewal	1394	G_ZOMBIE	15	Undead	Medium	Undead	1	0	Zombie
mob	prerenewal	1395	CRYSTAL_1	1	Formless	Small	Neutral	1	0	Wind Crystal
mob	prerenewal	1396	CRYSTAL_2	1	Formless	Small	Neutral	1	0	Earth Crystal
mob	prerenewal	1397	CRYSTAL_3	1	Formless	Small	Neutral	1	0	Fire Crystal
mob	prerenewal	1398	CRYSTAL_4	1	Formless	Small	Neutral	1	0	Water Crystal
mob	prerenewal	1399	EVENT_BAPHO	68	Demon	Large	Dark	3	1	Baphomet
mob	prerenewal	1400	KARAKASA	30	Formless	Medium	Neutral	3	0	Karakasa
mob	prerenewal	1401	SHINOBI	69	Demihuman	Medium	Dark	3	0	Shinobi
mob	prerenewal	1402	POISON_TOAD	46	Brute	Medium	Poison	2	0	Poison Toad
mob	prerenewal	1403	ANTIQUE_FIRELOCK	47	Undead	Medium	Undead	2	0	Firelock Soldier
mob	prerenewal	1404	MIYABI_NINGYO	33	Demon	Medium	Dark	1	0	Miyabi Doll
mob	prerenewal	1405	TENGU	65	Demon	Large	Earth	2	0	Tengu
mob	prerenewal	1406	KAPHA	41	Fish	Medium	Water	1	0	Kapha
mob	prerenewal	1408	BLOOD_BUTTERFLY	55	Insect	Medium	Wind	2	0	Bloody Butterfly
mob	prerenewal	1409	RICE_CAKE_BOY	27	Demihuman	Small	Neutral	1	0	Dumpling Child
mob	prerenewal	1410	LIVE_PEACH_TREE	53	Plant	Medium	Earth	2	0	Enchanted Peach Tree
mob	prerenewal	1412	EVIL_CLOUD_HERMIT	56	Formless	Large	Neutral	2	0	Taoist Hermit
mob	prerenewal	1413	WILD_GINSENG	46	Plant	Small	Fire	2	0	Hermit Plant
mob	prerenewal	1415	BABY_LEOPARD	32	Brute	Small	Ghost	1	0	Baby Leopard
mob	prerenewal	1416	WICKED_NYMPH	63	Demon	Medium	Dark	3	0	Evil Nymph
mob	prerenewal	1417	ZIPPER_BEAR	35	Brute	Medium	Dark	1	0	Zipper Bear
mob	prerenewal	1418	DARK_SNAKE_LORD	73	Brute	Large	Ghost	3	1	Evil Snake Lord
mob	prerenewal	1419	G_FARMILIAR	8	Brute	Small	Dark	1	0	Familiar
mob	prerenewal	1420	G_ARCHER_SKELETON	31	Undead	Medium	Undead	1	0	Archer Skeleton
mob	prerenewal	1421	G_ISIS	43	Demon	Large	Dark	1	0	Isis
mob	prerenewal	1422	G_HUNTER_FLY	42	Insect	Small	Wind	2	0	Hunter Fly
mob	prerenewal	1423	G_GHOUL	39	Undead	Medium	Undead	2	0	Ghoul
mob	prerenewal	1424	G_SIDE_WINDER	43	Brute	Medium	Poison	1	0	Side Winder
mob	prerenewal	1425	G_OBEAUNE	31	Fish	Medium	Water	2	0	Obeaune
mob	prerenewal	1426	G_MARC	36	Fish	Medium	Water	2	0	Marc
mob	prerenewal	1427	G_NIGHTMARE	49	Demon	Large	Ghost	3	0	Nightmare
mob	prerenewal	1428	G_POISON_SPORE	19	Plant	Medium	Poison	1	0	Poison Spore
mob	prerenewal	1429	G_ARGIOPE	41	Insect	Large	Poison	1	0	Argiope
mob	prerenewal	1430	G_ARGOS	25	Insect	Large	Poison	1	0	Argos
mob	prerenewal	1431	G_BAPHOMET_	50	Demon	Small	Dark	1	0	Baphomet Jr.
mob	prerenewal	1432	G_DESERT_WOLF	27	Brute	Medium	Fire	1	0	Desert Wolf
mob	prerenewal	1433	G_DEVIRUCHI	46	Demon	Small	Dark	1	0	Deviruchi
mob	prerenewal	1434	G_DRAINLIAR	24	Brute	Small	Dark	2	0	Drainliar
mob	prerenewal	1435	G_EVIL_DRUID	58	Undead	Large	Undead	4	0	Evil Druid
mob	prerenewal	1436	G_JAKK	38	Formless	Medium	Fire	2	0	Jakk
mob	prerenewal	1437	G_JOKER	57	Demihuman	Large	Wind	4	0	Joker
mob	prerenewal	1438	G_KHALITZBURG	63	Undead	Large	Undead	1	0	Khalitzburg
mob	prerenewal	1439	G_HIGH_ORC	52	Demihuman	Large	Fire	2	0	High Orc
mob	prerenewal	1440	G_STEM_WORM	40	Plant	Medium	Wind	1	0	Stem Worm
mob	prerenewal	1441	G_PENOMENA	57	Fish	Medium	Poison	1	0	Penomena
mob	prerenewal	1442	G_SASQUATCH	30	Brute	Large	Neutral	3	0	Sasquatch
mob	prerenewal	1443	G_CRUISER	35	Formless	Medium	Neutral	3	0	Cruiser
mob	prerenewal	1444	G_CHEPET	42	Demihuman	Medium	Fire	1	0	Chepet
mob	prerenewal	1445	G_RAGGLER	21	Brute	Small	Wind	1	0	Raggler
mob	prerenewal	1446	G_INJUSTICE	51	Undead	Medium	Dark	2	0	Injustice
mob	prerenewal	1447	G_GRYPHON	72	Brute	Large	Wind	4	0	Gryphon
mob	prerenewal	1448	G_DARK_FRAME	59	Demon	Medium	Dark	3	0	Dark Frame
mob	prerenewal	1449	G_MUTANT_DRAGON	65	Dragon	Large	Fire	2	0	Mutant Dragonoid
mob	prerenewal	1450	G_WIND_GHOST	51	Demon	Medium	Wind	3	0	Wind Ghost
mob	prerenewal	1451	G_MERMAN	53	Demihuman	Medium	Water	2	0	Merman
mob	prerenewal	1452	G_ORC_LADY	31	Demihuman	Medium	Earth	2	0	Orc Lady
mob	prerenewal	1453	G_RAYDRIC_ARCHER	52	Demon	Medium	Dark	2	0	Raydric Archer
mob	prerenewal	1454	G_TRI_JOINT	32	Insect	Small	Earth	1	0	Tri Joint
mob	prerenewal	1455	G_KOBOLD_ARCHER	33	Demihuman	Small	Fire	1	0	Kobold Archer
mob	prerenewal	1456	G_CHIMERA	70	Brute	Large	Fire	3	0	Chimera
mob	prerenewal	1457	G_MANTIS	26	Insect	Medium	Earth	1	0	Mantis
mob	prerenewal	1458	G_MARDUK	40	Demihuman	Large	Fire	1	0	Marduk
mob	prerenewal	1459	G_MARIONETTE	41	Demon	Small	Ghost	3	0	Marionette
mob	prerenewal	1460	G_MATYR	31	Brute	Medium	Dark	1	0	Matyr
mob	prerenewal	1461	G_MINOROUS	52	Brute	Large	Fire	2	0	Minorous
mob	prerenewal	1462	G_ORC_SKELETON	28	Undead	Medium	Undead	1	0	Orc Skeleton
mob	prerenewal	1463	G_ORC_ZOMBIE	24	Undead	Medium	Undead	1	0	Orc Zombie
mob	prerenewal	1464	G_PASANA	61	Demihuman	Medium	Fire	2	0	Pasana
mob	prerenewal	1465	G_PETIT	44	Dragon	Medium	Earth	1	0	Petite
mob	prerenewal	1466	G_PETIT_	45	Dragon	Medium	Wind	1	0	Petite
mob	prerenewal	1467	G_RAYDRIC	52	Demihuman	Large	Dark	2	0	Raydric
mob	prerenewal	1468	G_REQUIEM	35	Demihuman	Medium	Dark	1	0	Requim
mob	prerenewal	1469	G_SKEL_WORKER	30	Undead	Medium	Undead	1	0	Skeleton Worker
mob	prerenewal	1470	G_ZEROM	23	Demihuman	Medium	Fire	1	0	Zerom
mob	prerenewal	1471	G_NINE_TAIL	51	Brute	Medium	Fire	3	0	Nine Tail
mob	prerenewal	1472	G_BON_GUN	32	Undead	Medium	Undead	1	0	Bongun
mob	prerenewal	1473	G_ORC_ARCHER	49	Demihuman	Medium	Earth	1	0	Orc Archer
mob	prerenewal	1474	G_MIMIC	51	Formless	Medium	Neutral	3	0	Mimic
mob	prerenewal	1475	G_WRAITH	53	Undead	Large	Undead	4	0	Wraith
mob	prerenewal	1476	G_ALARM	58	Formless	Medium	Neutral	3	0	Alarm
mob	prerenewal	1477	G_ARCLOUSE	59	Insect	Medium	Earth	2	0	Arclouze
mob	prerenewal	1478	G_RIDEWORD	59	Formless	Small	Neutral	3	0	Rideword
mob	prerenewal	1479	G_SKEL_PRISONER	52	Undead	Medium	Undead	3	0	Skeleton Prisoner
mob	prerenewal	1480	G_ZOMBIE_PRISONER	53	Undead	Medium	Undead	3	0	Zombie Prisoner
mob	prerenewal	1481	G_PUNK	43	Plant	Small	Wind	1	0	Punk
mob	prerenewal	1482	G_ZHERLTHSH	63	Demihuman	Medium	Neutral	3	0	Zealotus
mob	prerenewal	1483	G_RYBIO	71	Demon	Large	Neutral	2	0	Rybio
mob	prerenewal	1484	G_PHENDARK	73	Demihuman	Large	Neutral	2	0	Phendark
mob	prerenewal	1485	G_MYSTELTAINN	76	Formless	Large	Dark	4	0	Mysteltainn
mob	prerenewal	1486	G_TIRFING	71	Formless	Medium	Dark	3	0	Ogretooth
mob	prerenewal	1487	G_EXECUTIONER	65	Formless	Large	Dark	2	0	Executioner
mob	prerenewal	1488	G_ANOLIAN	63	Fish	Medium	Water	2	0	Anolian
mob	prerenewal	1489	G_STING	61	Formless	Medium	Earth	3	0	Sting
mob	prerenewal	1490	G_WANDER_MAN	74	Demon	Medium	Wind	1	0	Wanderer
mob	prerenewal	1491	G_DOKEBI	33	Demon	Small	Dark	1	0	Dokebi
mob	prerenewal	1492	INCANTATION_SAMURAI	71	Demihuman	Large	Dark	3	1	Samurai Specter
mob	prerenewal	1493	DRYAD	50	Plant	Medium	Earth	4	0	Dryad
mob	prerenewal	1494	KIND_OF_BEETLE	34	Insect	Small	Earth	1	0	Beetle King
mob	prerenewal	1495	STONE_SHOOTER	42	Plant	Medium	Fire	3	0	Stone Shooter
mob	prerenewal	1497	WOODEN_GOLEM	51	Plant	Large	Earth	4	0	Wooden Golem
mob	prerenewal	1498	WOOTAN_SHOOTER	39	Demihuman	Medium	Earth	2	0	Wootan Shooter
mob	prerenewal	1499	WOOTAN_FIGHTER	41	Demihuman	Medium	Fire	2	0	Wootan Fighter
mob	prerenewal	1500	PARASITE	49	Plant	Medium	Wind	2	0	Parasite
mob	prerenewal	1502	PORING_V	99	Plant	Medium	Poison	1	1	Bring it on!
mob	prerenewal	1503	GIBBET	58	Demon	Large	Dark	1	0	Gibbet
mob	prerenewal	1504	DULLAHAN	62	Undead	Medium	Undead	2	0	Dullahan
mob	prerenewal	1505	LOLI_RURI	71	Demon	Large	Dark	4	0	Loli Ruri
mob	prerenewal	1506	DISGUISE	55	Demon	Medium	Earth	4	0	Disguise
mob	prerenewal	1507	BLOODY_MURDERER	72	Demihuman	Large	Dark	3	0	Bloody Murderer
mob	prerenewal	1508	QUVE	40	Undead	Small	Undead	1	0	Quve
mob	prerenewal	1509	LUDE	36	Undead	Small	Undead	1	0	Lude
mob	prerenewal	1510	HYLOZOIST	51	Demon	Small	Dark	2	0	Heirozoist
mob	prerenewal	1511	AMON_RA	88	Demihuman	Large	Earth	3	1	Amon Ra
mob	prerenewal	1512	HYEGUN	56	Undead	Medium	Undead	2	0	Yao Jun
mob	prerenewal	1513	CIVIL_SERVANT	62	Brute	Medium	Wind	2	0	Mao Guai
mob	prerenewal	1514	DANCING_DRAGON	54	Dragon	Medium	Wind	2	0	Zhu Po Long
mob	prerenewal	1515	GARM_BABY	61	Brute	Medium	Water	2	0	Baby Hatii
mob	prerenewal	1516	INCREASE_SOIL	51	Formless	Medium	Earth	3	0	Mi Gao
mob	prerenewal	1517	LI_ME_MANG_RYANG	48	Demon	Medium	Earth	3	0	Jing Guai
mob	prerenewal	1518	BACSOJIN	72	Demihuman	Large	Water	2	0	White Lady
mob	prerenewal	1519	CHUNG_E	49	Demihuman	Medium	Neutral	2	0	Green Maiden
mob	prerenewal	1520	BOILED_RICE	15	Plant	Medium	Water	1	0	Boiled Rice
mob	prerenewal	1521	G_ALICE	62	Demihuman	Medium	Neutral	3	0	Alice
mob	prerenewal	1522	G_ANCIENT_MUMMY	64	Undead	Medium	Undead	2	0	Ancient Mummy
mob	prerenewal	1523	G_ANTIQUE_FIRELOCK	47	Undead	Medium	Undead	2	0	Firelock Soldier
mob	prerenewal	1524	G_BABY_LEOPARD	32	Brute	Small	Ghost	1	0	Baby Leopard
mob	prerenewal	1525	G_BATHORY	44	Demihuman	Medium	Dark	1	0	Bathory
mob	prerenewal	1526	G_BLOOD_BUTTERFLY	55	Insect	Medium	Wind	2	0	Bloody Butterfly
mob	prerenewal	1527	G_C_TOWER_MANAGER	63	Formless	Large	Neutral	4	0	Clock Tower Manager
mob	prerenewal	1528	G_CLOCK	60	Formless	Medium	Earth	2	0	Clock
mob	prerenewal	1529	G_DARK_SNAKE_LORD	73	Brute	Large	Ghost	3	0	Evil Snake Lord
mob	prerenewal	1530	G_DRACULA	85	Demon	Large	Dark	4	0	Dracula
mob	prerenewal	1531	G_EVIL_CLOUD_HERMIT	56	Formless	Large	Neutral	2	0	Taoist Hermit
mob	prerenewal	1532	G_EXPLOSION	46	Brute	Small	Fire	3	0	Explosion
mob	prerenewal	1533	G_FUR_SEAL	63	Brute	Medium	Water	1	0	Seal
mob	prerenewal	1534	G_GOBLIN_1	25	Demihuman	Medium	Wind	1	0	Goblin
mob	prerenewal	1535	G_GOBLIN_2	24	Demihuman	Medium	Fire	1	0	Goblin
mob	prerenewal	1536	G_GOBLIN_3	24	Demihuman	Medium	Poison	1	0	Goblin
mob	prerenewal	1537	G_GOBLIN_4	23	Demihuman	Medium	Earth	1	0	Goblin
mob	prerenewal	1538	G_GOBLIN_5	22	Demihuman	Medium	Water	1	0	Goblin
mob	prerenewal	1539	G_GOBLIN_LEADER	64	Demihuman	Medium	Wind	1	0	Goblin Leader
mob	prerenewal	1540	G_GOLEM	25	Formless	Large	Neutral	3	0	Golem
mob	prerenewal	1541	G_GREATEST_GENERAL	40	Formless	Medium	Fire	2	0	Greatest General
mob	prerenewal	1542	G_INCANTATION_SAMURA	71	Demihuman	Large	Dark	3	0	Incantation Samurai
mob	prerenewal	1543	G_KAPHA	41	Fish	Medium	Water	1	0	Kapha
mob	prerenewal	1544	G_KARAKASA	30	Formless	Medium	Neutral	3	0	Karakasa
mob	prerenewal	1545	G_KOBOLD_1	36	Demihuman	Medium	Wind	2	0	Kobold
mob	prerenewal	1546	G_KOBOLD_2	31	Demihuman	Medium	Poison	2	0	Kobold
mob	prerenewal	1547	G_KOBOLD_3	31	Demihuman	Medium	Fire	2	0	Kobold
mob	prerenewal	1548	G_KOBOLD_LEADER	65	Demihuman	Medium	Wind	2	0	Kobold Leader
mob	prerenewal	1549	G_LAVA_GOLEM	77	Formless	Large	Fire	4	0	Lava Golem
mob	prerenewal	1550	G_LIVE_PEACH_TREE	53	Plant	Medium	Earth	2	0	Enchanted Peach Tree
mob	prerenewal	1551	G_MARSE	31	Fish	Small	Water	2	0	Marse
mob	prerenewal	1552	G_MIYABI_NINGYO	33	Demon	Medium	Dark	1	0	Miyabi Doll
mob	prerenewal	1553	G_MYST	38	Formless	Large	Poison	1	0	Myst
mob	prerenewal	1554	G_NIGHTMARE_TERROR	78	Demon	Large	Dark	3	0	Nightmare Terror
mob	prerenewal	1555	G_PARASITE	49	Plant	Medium	Wind	2	0	Parasite
mob	prerenewal	1556	G_POISON_TOAD	46	Brute	Medium	Poison	2	0	Poisonous Toad
mob	prerenewal	1557	G_ROTAR_ZAIRO	25	Formless	Large	Wind	2	0	Rotar Zairo
mob	prerenewal	1558	G_SAND_MAN	34	Formless	Medium	Earth	3	0	Sandman
mob	prerenewal	1559	G_SCORPION	24	Insect	Small	Fire	1	0	Scorpion
mob	prerenewal	1560	G_SHINOBI	69	Demihuman	Medium	Dark	3	0	Shinobi
mob	prerenewal	1561	G_SMOKIE	18	Brute	Small	Earth	1	0	Smokie
mob	prerenewal	1562	G_SOLDIER_SKELETON	29	Undead	Medium	Undead	1	0	Soldier Skeleton
mob	prerenewal	1563	G_TENGU	65	Demon	Large	Earth	2	0	Tengu
mob	prerenewal	1564	G_WICKED_NYMPH	63	Demon	Medium	Dark	3	0	Evil Nymph
mob	prerenewal	1565	G_WILD_GINSENG	46	Plant	Small	Fire	2	0	Hermit Plant
mob	prerenewal	1566	G_WRAITH_DEAD	74	Undead	Large	Undead	4	0	Wraith Dead
mob	prerenewal	1567	G_ANCIENT_WORM	67	Insect	Large	Poison	1	0	Ancient Worm
mob	prerenewal	1568	G_ANGELING	20	Angel	Medium	Holy	4	0	Angeling
mob	prerenewal	1569	G_BLOODY_KNIGHT	82	Formless	Large	Dark	4	0	Bloody Knight
mob	prerenewal	1570	G_CRAMP	56	Brute	Small	Poison	2	0	Cramp
mob	prerenewal	1571	G_DEVIACE	47	Fish	Medium	Water	4	0	Deviace
mob	prerenewal	1572	G_DROPS	3	Plant	Medium	Fire	1	0	Drops
mob	prerenewal	1573	G_ELDER	64	Demihuman	Large	Neutral	4	0	Elder
mob	prerenewal	1574	G_ELDER_WILOW	20	Plant	Medium	Fire	2	0	Elder Willow
mob	prerenewal	1575	G_FLORA	26	Plant	Large	Earth	1	0	Flora
mob	prerenewal	1576	G_GHOSTRING	18	Demon	Medium	Ghost	4	0	Ghostring
mob	prerenewal	1577	G_GOBLIN_ARCHER	28	Demihuman	Small	Poison	1	0	Goblin Archer
mob	prerenewal	1578	G_HORONG	34	Formless	Small	Fire	4	0	Horong
mob	prerenewal	1579	G_HYDRA	14	Plant	Small	Water	2	0	Hydra
mob	prerenewal	1580	G_INCUBUS	75	Demon	Medium	Dark	3	0	Incubus
mob	prerenewal	1581	G_VOCAL	18	Insect	Medium	Earth	1	0	Vocal
mob	prerenewal	1582	DEVILING	31	Demon	Medium	Dark	4	0	Deviling
mob	prerenewal	1583	TAO_GUNKA	70	Demon	Large	Neutral	3	1	Tao Gunka
mob	prerenewal	1584	TAMRUAN	52	Demon	Large	Dark	3	0	Tamruan
mob	prerenewal	1585	MIME_MONKEY	40	Plant	Medium	Water	1	0	Mime Monkey
mob	prerenewal	1586	LEAF_CAT	38	Brute	Small	Earth	1	0	Leaf Cat
mob	prerenewal	1587	KRABEN	50	Formless	Medium	Ghost	2	0	Kraben
mob	prerenewal	1588	ORC_XMAS	24	Demihuman	Medium	Earth	1	0	Christmas Orc
mob	prerenewal	1589	G_MANDRAGORA	12	Plant	Medium	Earth	3	0	Mandragora
mob	prerenewal	1590	G_GEOGRAPHER	56	Plant	Medium	Earth	3	0	Geographer
mob	prerenewal	1591	A_LUNATIC	29	Brute	Small	Neutral	3	0	Lunatic
mob	prerenewal	1592	A_MOBSTER	40	Demihuman	Medium	Neutral	1	0	Gangster
mob	prerenewal	1593	A_ANCIENT_MUMMY	52	Undead	Medium	Undead	3	0	Ancient Mummy
mob	prerenewal	1594	G_FREEZER	72	Brute	Medium	Water	2	0	Freezer
mob	prerenewal	1595	G_MARIN	15	Plant	Medium	Water	2	0	Marin
mob	prerenewal	1596	G_TAMRUAN	52	Demon	Large	Dark	3	0	Tamruan
mob	prerenewal	1597	G_GARGOYLE	48	Demon	Medium	Wind	3	0	Gargoyle
mob	prerenewal	1598	G_BLAZZER	43	Demon	Medium	Fire	2	0	Blazzer
mob	prerenewal	1599	G_WHISPER_BOSS	34	Demon	Small	Ghost	2	0	Giant Whisper
mob	prerenewal	1600	G_HEATER	68	Brute	Medium	Fire	2	0	Heater
mob	prerenewal	1601	G_PERMETER	63	Brute	Medium	Neutral	2	0	Permeter
mob	prerenewal	1602	G_SOLIDER	70	Brute	Medium	Earth	2	0	Solider
mob	prerenewal	1603	G_BIGFOOT	25	Brute	Large	Earth	1	0	Bigfoot
mob	prerenewal	1604	G_GIANT_HONET	56	Insect	Small	Wind	1	0	Giant Hornet
mob	prerenewal	1605	G_DARK_ILLUSION	77	Demon	Large	Undead	4	0	Dark Illusion
mob	prerenewal	1606	G_GARM_BABY	61	Brute	Medium	Water	2	0	Baby Hatii
mob	prerenewal	1607	G_GOBLINE_XMAS	25	Demihuman	Medium	Wind	1	0	Christmas Goblin
mob	prerenewal	1608	G_THIEF_BUG__	19	Insect	Medium	Dark	1	0	Thief Bug Male
mob	prerenewal	1609	G_DANCING_DRAGON	54	Dragon	Medium	Wind	2	0	Zhu Po Long
mob	prerenewal	1610	A_MUNAK	30	Undead	Medium	Undead	4	0	Munak
mob	prerenewal	1611	A_BON_GUN	32	Undead	Medium	Undead	4	0	Bongun
mob	prerenewal	1612	A_HYEGUN	56	Undead	Medium	Undead	4	0	Yao Jun
mob	prerenewal	1613	METALING	26	Formless	Small	Neutral	1	0	Metaling
mob	prerenewal	1614	MINERAL	56	Formless	Small	Neutral	2	0	Mineral
mob	prerenewal	1615	OBSIDIAN	50	Formless	Small	Earth	2	0	Obsidian
mob	prerenewal	1616	PITMAN	43	Undead	Large	Earth	2	0	Pitman
mob	prerenewal	1617	WASTE_STOVE	68	Formless	Large	Neutral	1	0	Old Stove
mob	prerenewal	1618	UNGOLIANT	69	Insect	Large	Poison	2	0	Ungoliant
mob	prerenewal	1619	PORCELLIO	28	Insect	Small	Earth	3	0	Porcellio
mob	prerenewal	1620	NOXIOUS	35	Formless	Medium	Ghost	3	0	Noxious
mob	prerenewal	1621	VENOMOUS	42	Formless	Medium	Poison	1	0	Venomous
mob	prerenewal	1622	TEDDY_BEAR	71	Formless	Small	Neutral	3	0	Teddy Bear
mob	prerenewal	1623	RSX_0806	86	Formless	Large	Neutral	3	1	RSX-0806
mob	prerenewal	1624	G_WASTE_STOVE	68	Formless	Large	Neutral	1	0	Old Stove
mob	prerenewal	1625	G_PORCELLIO	43	Insect	Small	Earth	3	0	Porcellio
mob	prerenewal	1626	G_DARK_PRIEST	88	Demon	Medium	Undead	3	0	Hellion Revenant
mob	prerenewal	1627	ANOPHELES	23	Insect	Small	Wind	3	0	Anopheles
mob	prerenewal	1628	MOLE	36	Brute	Small	Earth	2	0	Holden
mob	prerenewal	1629	HILL_WIND	43	Brute	Medium	Wind	3	0	Hill Wind
mob	prerenewal	1630	BACSOJIN_	85	Demihuman	Large	Wind	3	1	White Lady
mob	prerenewal	1631	CHUNG_E_	59	Demihuman	Medium	Wind	2	0	Green Maiden
mob	prerenewal	1632	GREMLIN	53	Demon	Large	Dark	2	0	Gremlin
mob	prerenewal	1633	BEHOLDER	56	Formless	Small	Wind	2	0	Beholder
mob	prerenewal	1634	SEYREN	91	Demon	Medium	Fire	3	0	Seyren Windsor
mob	prerenewal	1635	EREMES	87	Demon	Medium	Poison	4	0	Eremes Guile
mob	prerenewal	1636	HARWORD	83	Demihuman	Medium	Water	4	0	Howard Alt-Eisen
mob	prerenewal	1637	MAGALETA	90	Demihuman	Medium	Holy	3	0	Margaretha Sorin
mob	prerenewal	1638	SHECIL	82	Demihuman	Medium	Wind	3	0	Cecil Damon
mob	prerenewal	1639	KATRINN	92	Demihuman	Medium	Ghost	3	0	Kathryne Keyron
mob	prerenewal	1640	G_SEYREN	99	Demihuman	Medium	Fire	4	0	Lord Knight Seyren
mob	prerenewal	1641	G_EREMES	99	Demihuman	Medium	Poison	4	0	Assassin Cross Eremes
mob	prerenewal	1642	G_HARWORD	99	Demihuman	Medium	Water	4	0	Whitesmith Howard
mob	prerenewal	1643	G_MAGALETA	99	Demihuman	Medium	Holy	4	0	High Priest Margaretha
mob	prerenewal	1644	G_SHECIL	99	Demihuman	Medium	Wind	4	0	Sniper Cecil
mob	prerenewal	1645	G_KATRINN	99	Demihuman	Medium	Ghost	3	0	High Wizard Kathryne
mob	prerenewal	1646	B_SEYREN	99	Demihuman	Medium	Fire	4	1	Lord Knight Seyren
mob	prerenewal	1647	B_EREMES	99	Demihuman	Medium	Poison	4	1	Assassin Cross Eremes
mob	prerenewal	1648	B_HARWORD	99	Demihuman	Medium	Earth	4	1	Whitesmith Howard
mob	prerenewal	1649	B_MAGALETA	99	Demihuman	Medium	Holy	4	1	High Priest Margaretha
mob	prerenewal	1650	B_SHECIL	99	Demihuman	Medium	Wind	4	1	Sniper Cecil
mob	prerenewal	1651	B_KATRINN	99	Demihuman	Medium	Ghost	3	1	High Wizard Kathryne
mob	prerenewal	1652	YGNIZEM	58	Demihuman	Medium	Fire	2	0	Egnigem Cenia
mob	prerenewal	1653	WHIKEBAIN	62	Demihuman	Medium	Poison	3	0	Wickebine Tres
mob	prerenewal	1654	ARMAIA	66	Demihuman	Medium	Earth	3	0	Armeyer Dinze
mob	prerenewal	1655	EREND	59	Demihuman	Medium	Holy	2	0	Errende Ebecee
mob	prerenewal	1656	KAVAC	60	Demihuman	Medium	Wind	2	0	Kavach Icarus
mob	prerenewal	1657	RAWREL	61	Demihuman	Medium	Ghost	2	0	Laurell Weinder
mob	prerenewal	1658	B_YGNIZEM	79	Demihuman	Medium	Fire	2	1	Egnigem Cenia
mob	prerenewal	1659	G_WHIKEBAIN	62	Demihuman	Medium	Poison	3	0	Wickebine Tres
mob	prerenewal	1660	G_ARMAIA	66	Demihuman	Medium	Earth	3	0	Armeyer Dinze
mob	prerenewal	1661	G_EREND	59	Demihuman	Medium	Holy	2	0	Errende Ebecee
mob	prerenewal	1662	G_KAVAC	60	Demihuman	Medium	Wind	2	0	Kavach Icarus
mob	prerenewal	1663	G_RAWREL	61	Demihuman	Medium	Ghost	2	0	Laurell Weinder
mob	prerenewal	1664	POTON_CANON	66	Formless	Medium	Neutral	2	0	Photon Cannon
mob	prerenewal	1665	POTON_CANON_1	67	Formless	Medium	Neutral	2	0	Photon Cannon
mob	prerenewal	1666	POTON_CANON_2	64	Formless	Medium	Neutral	2	0	Photon Cannon
mob	prerenewal	1667	POTON_CANON_3	65	Formless	Medium	Neutral	2	0	Photon Cannon
mob	prerenewal	1668	ARCHDAM	79	Demihuman	Large	Neutral	3	0	Archdam
mob	prerenewal	1669	DIMIK	77	Formless	Medium	Neutral	2	0	Dimik
mob	prerenewal	1670	DIMIK_1	79	Formless	Medium	Wind	2	0	Dimik
mob	prerenewal	1671	DIMIK_2	89	Formless	Medium	Water	2	0	Dimik
mob	prerenewal	1672	DIMIK_3	80	Formless	Medium	Earth	2	0	Dimik
mob	prerenewal	1673	DIMIK_4	82	Formless	Medium	Fire	2	0	Dimik
mob	prerenewal	1674	MONEMUS	88	Formless	Large	Fire	3	0	Monemus
mob	prerenewal	1675	VENATU	77	Formless	Medium	Fire	2	0	Venatu
mob	prerenewal	1676	VENATU_1	72	Formless	Medium	Neutral	2	0	Venatu
mob	prerenewal	1677	VENATU_2	80	Formless	Medium	Wind	2	0	Venatu
mob	prerenewal	1678	VENATU_3	78	Formless	Medium	Earth	2	0	Venatu
mob	prerenewal	1679	VENATU_4	75	Formless	Medium	Water	2	0	Venatu
mob	prerenewal	1680	HILL_WIND_1	45	Brute	Medium	Wind	3	0	Hill Wind
mob	prerenewal	1681	GEMINI	72	Formless	Medium	Water	1	0	Gemini-S58
mob	prerenewal	1682	REMOVAL	55	Undead	Medium	Undead	2	0	Remover
mob	prerenewal	1683	G_POTON_CANON	46	Formless	Medium	Fire	2	0	Photon Cannon
mob	prerenewal	1684	G_ARCHDAM	57	Angel	Large	Neutral	3	0	Archdam
mob	prerenewal	1685	APOCALIPS_H	97	Brute	Large	Holy	2	1	Vesper
mob	prerenewal	1686	ORC_BABY	21	Demihuman	Small	Earth	1	0	Orc Baby
mob	prerenewal	1687	GREEN_IGUANA	54	Brute	Medium	Earth	2	0	Grove
mob	prerenewal	1688	LADY_TANEE	89	Plant	Large	Wind	3	1	Lady Tanee
mob	prerenewal	1689	G_BACSOJIN	85	Demihuman	Large	Wind	3	0	White Lady
mob	prerenewal	1690	G_SPRING_RABBIT	12	Brute	Medium	Earth	2	0	Spring Rabbit
mob	prerenewal	1691	G_KRABEN	70	Formless	Medium	Ghost	2	0	Kraben
mob	prerenewal	1692	BREEZE	56	Formless	Medium	Wind	3	0	Breeze
mob	prerenewal	1693	PLASMA_Y	56	Formless	Small	Ghost	4	0	Plasma
mob	prerenewal	1694	PLASMA_R	43	Formless	Small	Fire	4	0	Plasma
mob	prerenewal	1695	PLASMA_G	47	Formless	Small	Earth	4	0	Plasma
mob	prerenewal	1696	PLASMA_P	49	Formless	Small	Dark	4	0	Plasma
mob	prerenewal	1697	PLASMA_B	44	Formless	Small	Water	4	0	Plasma
mob	prerenewal	1698	DEATHWORD	65	Formless	Medium	Neutral	3	0	Death Word
mob	prerenewal	1699	ANCIENT_MIMIC	60	Formless	Large	Neutral	3	0	Ancient Mimic
mob	prerenewal	1700	OBSERVATION	81	Angel	Medium	Neutral	4	0	Dame of Sentinel
mob	prerenewal	1701	SHELTER	80	Angel	Medium	Holy	3	0	Mistress of Shelter
mob	prerenewal	1702	RETRIBUTION	79	Angel	Medium	Dark	3	0	Baroness of Retribution
mob	prerenewal	1703	SOLACE	77	Angel	Medium	Holy	3	0	Lady Solace
mob	prerenewal	1704	THA_ODIUM	92	Undead	Large	Ghost	4	0	Odium of Thanatos
mob	prerenewal	1705	THA_DESPERO	88	Undead	Large	Ghost	4	0	Despero of Thanatos
mob	prerenewal	1706	THA_MAERO	83	Undead	Medium	Ghost	4	0	Maero of Thanatos
mob	prerenewal	1707	THA_DOLOR	83	Undead	Small	Ghost	4	0	Dolor of Thanatos
mob	prerenewal	1708	THANATOS	99	Demon	Large	Ghost	4	1	Memory of Thanatos
mob	prerenewal	1709	G_THA_ODIUM	92	Undead	Large	Ghost	4	0	Odium of Thanatos
mob	prerenewal	1710	G_THA_DESPERO	88	Undead	Large	Ghost	4	0	Despero of Thanatos
mob	prerenewal	1711	G_THA_MAERO	83	Undead	Medium	Ghost	4	0	Maero of Thanatos
mob	prerenewal	1712	G_THA_DOLOR	83	Undead	Small	Ghost	4	0	Dolor of Thanatos
mob	prerenewal	1713	ACIDUS	80	Dragon	Large	Holy	2	0	Acidus
mob	prerenewal	1714	FERUS	70	Dragon	Large	Fire	2	0	Ferus
mob	prerenewal	1715	NOVUS	42	Dragon	Small	Neutral	1	0	Novus
mob	prerenewal	1716	ACIDUS_	76	Dragon	Large	Wind	2	0	Acidus
mob	prerenewal	1717	FERUS_	69	Dragon	Large	Earth	2	0	Ferus
mob	prerenewal	1718	NOVUS_	43	Dragon	Small	Neutral	1	0	Novus
mob	prerenewal	1719	DETALE	90	Dragon	Large	Dark	3	1	Detardeurus
mob	prerenewal	1720	HYDRO	89	Dragon	Large	Dark	2	0	Hydrolancer
mob	prerenewal	1721	DRAGON_EGG	43	Dragon	Medium	Neutral	2	0	Dragon Egg
mob	prerenewal	1722	EVENT_JAKK	99	Formless	Medium	Fire	2	0	Jakk
mob	prerenewal	1723	A_SHECIL	82	Demihuman	Medium	Wind	3	0	Cecil Damon
mob	prerenewal	1724	A_POTON_CANON	66	Formless	Medium	Neutral	2	0	Photon Cannon
mob	prerenewal	1725	R_PORING	1	Plant	Medium	Water	1	0	Poring
mob	prerenewal	1726	R_LUNATIC	3	Brute	Small	Neutral	3	0	Lunatic
mob	prerenewal	1727	R_SAVAGE_BABE	7	Brute	Small	Earth	1	0	Savage Babe
mob	prerenewal	1728	R_DESERT_WOLF_B	9	Brute	Small	Fire	1	0	Baby Desert Wolf
mob	prerenewal	1729	R_BAPHOMET_	50	Demon	Small	Dark	1	0	Baphomet Jr.
mob	prerenewal	1730	R_DEVIRUCHI	46	Demon	Small	Dark	1	0	Deviruchi
mob	prerenewal	1731	G_DOPPELGANGER	72	Angel	Large	Ghost	2	0	Doppelganger
mob	prerenewal	1732	G_TREASURE_BOX	98	Formless	Small	Neutral	1	0	Treasure Chest
mob	prerenewal	1733	KIEL	90	Formless	Medium	Dark	2	0	Kiehl
mob	prerenewal	1734	KIEL_	90	Formless	Medium	Dark	2	1	Kiel D-01
mob	prerenewal	1735	ALICEL	75	Demon	Medium	Neutral	3	0	Alicel
mob	prerenewal	1736	ALIOT	75	Demon	Medium	Neutral	3	0	Aliot
mob	prerenewal	1737	ALIZA	69	Demihuman	Medium	Neutral	3	0	Aliza
mob	prerenewal	1738	CONSTANT	55	Formless	Small	Dark	3	0	Constant
mob	prerenewal	1739	G_ALICEL	75	Demon	Medium	Neutral	3	0	Alicel
mob	prerenewal	1740	G_ALIOT	75	Demon	Medium	Neutral	3	0	Aliot
mob	prerenewal	1741	G_COOKIE_XMAS	28	Demihuman	Small	Holy	2	0	Christmas Cookie
mob	prerenewal	1742	G_CARAT	51	Demon	Medium	Wind	2	0	Carat
mob	prerenewal	1743	G_MYSTCASE	38	Formless	Medium	Neutral	3	0	Myst Case
mob	prerenewal	1744	G_WILD_ROSE	38	Brute	Small	Wind	1	0	Wild Rose
mob	prerenewal	1745	G_CONSTANT	55	Demon	Small	Dark	3	0	Constant
mob	prerenewal	1746	G_ALIZA	69	Demihuman	Medium	Neutral	3	0	Aliza
mob	prerenewal	1747	G_SNAKE	15	Brute	Medium	Earth	1	0	Boa
mob	prerenewal	1748	G_ANACONDAQ	23	Brute	Medium	Poison	1	0	Anacondaq
mob	prerenewal	1749	G_MEDUSA	79	Demon	Medium	Neutral	2	0	Medusa
mob	prerenewal	1750	G_RED_PLANT	1	Plant	Small	Earth	1	0	Red Plant
mob	prerenewal	1751	RANDGRIS	99	Angel	Large	Holy	4	1	Valkyrie Randgris
mob	prerenewal	1752	SKOGUL	70	Demon	Medium	Dark	3	0	Skogul
mob	prerenewal	1753	FRUS	69	Demon	Medium	Dark	3	0	Frus
mob	prerenewal	1754	SKEGGIOLD	81	Angel	Small	Holy	2	0	Skeggiold
mob	prerenewal	1755	SKEGGIOLD_	83	Angel	Small	Holy	2	0	Skeggiold
mob	prerenewal	1756	G_HYDRO	89	Dragon	Large	Dark	2	0	Hydrolancer
mob	prerenewal	1757	G_ACIDUS	80	Dragon	Large	Holy	2	0	Acidus
mob	prerenewal	1758	G_FERUS	70	Dragon	Large	Fire	2	0	Ferus
mob	prerenewal	1759	G_ACIDUS_	76	Dragon	Large	Wind	2	0	Acidus
mob	prerenewal	1760	G_FERUS_	69	Dragon	Large	Earth	2	0	Ferus
mob	prerenewal	1761	G_SKOGUL	70	Demon	Medium	Dark	3	0	Skogul
mob	prerenewal	1762	G_FRUS	69	Demon	Medium	Dark	3	0	Frus
mob	prerenewal	1763	G_SKEGGIOLD	81	Angel	Small	Holy	2	0	Skeggiold
mob	prerenewal	1764	G_SKEGGIOLD_	83	Angel	Small	Holy	2	0	Skeggiold
mob	prerenewal	1765	G_RANDGRIS	99	Angel	Large	Holy	4	0	Valkyrie
mob	prerenewal	1766	EM_ANGELING	99	Angel	Small	Holy	3	1	Angeling
mob	prerenewal	1767	EM_DEVILING	99	Angel	Small	Holy	3	1	Deviling
mob	prerenewal	1768	GLOOMUNDERNIGHT	89	Formless	Large	Ghost	3	1	Gloom Under Night
mob	prerenewal	1769	AGAV	73	Demihuman	Medium	Neutral	4	0	Agav
mob	prerenewal	1770	ECHIO	69	Demihuman	Medium	Neutral	4	0	Echio
mob	prerenewal	1771	VANBERK	59	Demihuman	Medium	Neutral	4	0	Vanberk
mob	prerenewal	1772	ISILLA	62	Demihuman	Medium	Neutral	4	0	Isilla
mob	prerenewal	1773	HODREMLIN	61	Demon	Medium	Dark	3	0	Hodremlin
mob	prerenewal	1774	SEEKER	65	Formless	Small	Wind	3	0	Seeker
mob	prerenewal	1775	SNOWIER	60	Formless	Large	Water	2	0	Snowier
mob	prerenewal	1776	SIROMA	42	Formless	Small	Water	3	0	Siroma
mob	prerenewal	1777	ICE_TITAN	60	Formless	Large	Water	3	0	Ice Titan
mob	prerenewal	1778	GAZETI	55	Demon	Medium	Water	1	0	Gazeti
mob	prerenewal	1779	KTULLANUX	98	Brute	Large	Water	4	1	Ktullanux
mob	prerenewal	1780	MUSCIPULAR	57	Plant	Medium	Earth	1	0	Muscipular
mob	prerenewal	1781	DROSERA	46	Plant	Medium	Earth	1	0	Drosera
mob	prerenewal	1782	ROWEEN	31	Brute	Medium	Wind	1	0	Roween
mob	prerenewal	1783	GALION	44	Brute	Medium	Wind	2	0	Galion
mob	prerenewal	1784	STAPO	23	Formless	Small	Earth	2	0	Stapo
mob	prerenewal	1785	ATROCE	82	Brute	Large	Dark	3	1	Atroce
mob	prerenewal	1786	G_AGAV	73	Demihuman	Medium	Neutral	2	0	Agav
mob	prerenewal	1787	G_ECHIO	69	Demihuman	Medium	Neutral	2	0	Echio
mob	prerenewal	1788	G_ICE_TITAN	60	Formless	Large	Water	3	0	Ice Titan
mob	prerenewal	1789	ICEICLE	38	Formless	Small	Water	2	0	Iceicle
mob	prerenewal	1790	G_RAFFLESIA	17	Plant	Small	Earth	1	0	Rafflesia
mob	prerenewal	1791	G_GALION	44	Brute	Medium	Wind	2	0	Galion
mob	prerenewal	1792	SOCCER_BALL	1	Formless	Small	Neutral	1	0	Soccer Ball
mob	prerenewal	1793	G_MEGALITH	45	Formless	Large	Neutral	4	0	Megalith
mob	prerenewal	1794	G_ROWEEN	31	Brute	Medium	Wind	1	0	Roween
mob	prerenewal	1795	BLOODY_KNIGHT_	82	Angel	Large	Ghost	1	0	Bloody Knight
mob	prerenewal	1796	AUNOE	62	Demihuman	Medium	Neutral	4	0	Aunoe
mob	prerenewal	1797	FANAT	62	Demihuman	Medium	Neutral	4	0	Fanat
mob	prerenewal	1798	TREASURE_BOX_	99	Formless	Small	Neutral	1	0	Treasure Chest
mob	prerenewal	1799	G_SEYREN_	99	Demihuman	Medium	Fire	4	0	Lord Knight Seyren
mob	prerenewal	1800	G_EREMES_	99	Demihuman	Medium	Poison	4	0	Assassin Cross Eremes
mob	prerenewal	1801	G_HARWORD_	99	Demihuman	Medium	Water	4	0	Mastersmith Howard
mob	prerenewal	1802	G_MAGALETA_	99	Demihuman	Medium	Holy	4	0	High Priest Margaretha
mob	prerenewal	1803	G_SHECIL_	99	Demihuman	Medium	Wind	4	0	Sniper Cecil
mob	prerenewal	1804	G_KATRINN_	99	Demihuman	Medium	Ghost	3	0	High Wizard Kathryne
mob	prerenewal	1805	B_SEYREN_	99	Demihuman	Medium	Fire	4	0	Lord Knight Seyren
mob	prerenewal	1806	B_EREMES_	99	Demihuman	Medium	Poison	4	0	Assassin Cross Eremes
mob	prerenewal	1807	B_HARWORD_	99	Demihuman	Medium	Earth	4	0	Mastersmith Howard
mob	prerenewal	1808	B_MAGALETA_	99	Demihuman	Medium	Holy	4	0	High Priest Margaretha
mob	prerenewal	1809	B_SHECIL_	99	Demihuman	Medium	Wind	4	0	Sniper Cecil
mob	prerenewal	1810	B_KATRINN_	99	Demihuman	Medium	Ghost	3	0	High Wizard Kathryne
mob	prerenewal	1811	G_SMOKIE_	18	Brute	Small	Earth	1	0	Bandit
mob	prerenewal	1812	EVENT_LUDE	99	Formless	Small	Neutral	1	0	Delightful Lude
mob	prerenewal	1813	EVENT_HYDRO	99	Angel	Large	Ghost	1	0	Hydrolancer
mob	prerenewal	1814	EVENT_MOON	80	Brute	Medium	Fire	3	0	Moonlight Flower
mob	prerenewal	1815	EVENT_RICECAKE	12	Formless	Medium	Neutral	1	0	Rice Cake
mob	prerenewal	1816	EVENT_GOURD	12	Formless	Medium	Neutral	1	0	Gourd
mob	prerenewal	1817	EVENT_DETALE	99	Angel	Large	Ghost	2	0	Detarderous
mob	prerenewal	1818	EVENT_ALARM	58	Formless	Medium	Neutral	3	0	Alarm
mob	prerenewal	1819	EVENT_BATHORY	44	Demihuman	Medium	Dark	1	0	Bathory
mob	prerenewal	1820	EVENT_BIGFOOT	25	Brute	Large	Earth	1	0	Bigfoot
mob	prerenewal	1821	EVENT_DESERT_WOLF	27	Brute	Medium	Fire	1	0	Desert Wolf
mob	prerenewal	1822	EVENT_DEVIRUCHI	46	Demon	Small	Dark	1	0	Deviruchi
mob	prerenewal	1823	EVENT_FREEZER	72	Brute	Medium	Water	2	0	Freezer
mob	prerenewal	1824	EVENT_GARM_BABY	61	Brute	Medium	Water	2	0	Baby Hatii
mob	prerenewal	1825	EVENT_GOBLINE_XMAS	25	Demihuman	Medium	Wind	1	0	Christmas Goblin
mob	prerenewal	1826	EVENT_MYST	38	Formless	Large	Poison	1	0	Myst
mob	prerenewal	1827	EVENT_SASQUATCH	30	Brute	Large	Neutral	3	0	Sasquatch
mob	prerenewal	1828	EVENT_GULLINBURSTI	20	Brute	Large	Earth	2	0	Gullinbrusti
mob	prerenewal	1829	SWORD_GUARDIAN	86	Demihuman	Large	Neutral	4	0	Sword Master
mob	prerenewal	1830	BOW_GUARDIAN	80	Demihuman	Large	Neutral	4	0	Bow Master
mob	prerenewal	1831	SALAMANDER	91	Formless	Large	Fire	3	0	Salamander
mob	prerenewal	1832	IFRIT	99	Formless	Large	Fire	4	1	Ifrit
mob	prerenewal	1833	KASA	85	Formless	Large	Fire	3	0	Kasa
mob	prerenewal	1834	G_SALAMANDER	91	Formless	Large	Fire	3	0	Salamander
mob	prerenewal	1835	G_KASA	85	Formless	Large	Fire	3	0	Kasa
mob	prerenewal	1836	MAGMARING	40	Formless	Small	Fire	2	0	Magmaring
mob	prerenewal	1837	IMP	76	Demon	Small	Fire	3	0	Fire Imp
mob	prerenewal	1838	KNOCKER	50	Demon	Small	Earth	1	0	Knocker
mob	prerenewal	1839	BYORGUE	86	Demihuman	Medium	Neutral	1	0	Byorgue
mob	prerenewal	1840	GOLDEN_SAVAGE	99	Brute	Large	Earth	2	0	Golden Savage
mob	prerenewal	1841	G_SNAKE_	15	Brute	Medium	Earth	1	0	Snake Lord's Minion
mob	prerenewal	1842	G_ANACONDAQ_	23	Brute	Medium	Poison	1	0	Snake Lord's Minion
mob	prerenewal	1843	G_SIDE_WINDER_	43	Brute	Medium	Poison	1	0	Snake Lord's Minion
mob	prerenewal	1844	G_ISIS_	47	Demon	Large	Dark	1	0	Snake Lord's Minion
mob	prerenewal	1845	G_TREASURE_BOX_	98	Formless	Small	Neutral	1	0	Treasure Box
mob	prerenewal	1846	DREAMMETAL	90	Formless	Small	Holy	1	0	Dream Metal
mob	prerenewal	1847	EVENT_PORING	98	Angel	Medium	Ghost	1	0	Poring
mob	prerenewal	1848	EVENT_BAPHOMET	50	Demon	Large	Dark	3	0	Baphomet
mob	prerenewal	1849	EVENT_OSIRIS	60	Undead	Medium	Undead	4	0	Osiris
mob	prerenewal	1850	EVENT_ORCHERO	50	Demihuman	Large	Earth	4	0	Orc Hero
mob	prerenewal	1851	EVENT_MOBSTER	61	Demihuman	Medium	Neutral	1	0	Mobster
mob	prerenewal	1852	G_EM_ANGELING	99	Angel	Small	Holy	3	0	Angeling
mob	prerenewal	1853	G_EM_DEVILING	99	Angel	Small	Holy	3	0	Deviling
mob	prerenewal	1854	E_MUKA	17	Plant	Large	Earth	1	0	Muka
mob	prerenewal	1855	E_POISONSPORE	19	Plant	Medium	Poison	1	0	Poison Spore
mob	prerenewal	1856	E_MAGNOLIA	26	Demon	Small	Water	1	0	Magnolia
mob	prerenewal	1857	E_MARIN	15	Plant	Medium	Water	2	0	Marin
mob	prerenewal	1858	E_PLANKTON	10	Plant	Small	Water	3	0	Plankton
mob	prerenewal	1859	E_MANDRAGORA	12	Plant	Medium	Earth	3	0	Mandragora
mob	prerenewal	1860	E_COCO	17	Brute	Small	Earth	1	0	Coco
mob	prerenewal	1861	E_CHOCO	43	Brute	Small	Fire	1	0	Choco
mob	prerenewal	1862	E_MARTIN	18	Brute	Small	Earth	2	0	Martin
mob	prerenewal	1863	E_SPRING_RABBIT	25	Brute	Medium	Earth	2	0	Spring Rabbit
mob	prerenewal	1864	ZOMBIE_SLAUGHTER	77	Undead	Medium	Undead	3	0	Zombie Slaughter
mob	prerenewal	1865	RAGGED_ZOMBIE	75	Undead	Medium	Undead	3	0	Ragged Zombie
mob	prerenewal	1866	HELL_POODLE	71	Demon	Small	Dark	1	0	Hell Poodle
mob	prerenewal	1867	BANSHEE	81	Demon	Medium	Dark	2	0	Banshee
mob	prerenewal	1868	G_BANSHEE	81	Demon	Medium	Dark	2	0	Banshee
mob	prerenewal	1869	FLAME_SKULL	60	Demon	Small	Ghost	3	0	Flame Skull
mob	prerenewal	1870	NECROMANCER	88	Undead	Medium	Undead	4	0	Necromancer
mob	prerenewal	1871	FALLINGBISHOP	80	Demon	Medium	Dark	2	1	Fallen Bishop Hibram
mob	prerenewal	1872	BEELZEBUB_FLY	66	Insect	Small	Wind	4	0	Hell Fly
mob	prerenewal	1873	BEELZEBUB	98	Demon	Small	Ghost	4	0	Beelzebub
mob	prerenewal	1874	BEELZEBUB_	98	Demon	Large	Ghost	4	1	Beelzebub
mob	prerenewal	1875	TRISTAN_3RD	80	Undead	Medium	Undead	4	0	Dead King
mob	prerenewal	1876	E_LORD_OF_DEATH	99	Demon	Large	Dark	3	0	Lord of the Dead
mob	prerenewal	1877	CRYSTAL_5	1	Formless	Small	Neutral	1	0	Crystal
mob	prerenewal	1878	E_SHINING_PLANT	1	Plant	Small	Holy	1	0	Shining Plant
mob	prerenewal	1879	ECLIPSE_P	6	Brute	Medium	Neutral	3	0	Eclipse
mob	prerenewal	1880	WOOD_GOBLIN	42	Plant	Medium	Earth	3	0	Wood Goblin
mob	prerenewal	1881	LES	39	Plant	Medium	Earth	4	0	Les
mob	prerenewal	1882	VAVAYAGA	49	Demihuman	Medium	Water	1	0	Baba Yaga
mob	prerenewal	1883	UZHAS	61	Demihuman	Medium	Water	3	0	Uzhas
mob	prerenewal	1884	MAVKA	63	Plant	Medium	Earth	3	0	Mavka
mob	prerenewal	1885	GOPINICH	85	Brute	Large	Earth	3	1	Gopinich
mob	prerenewal	1886	G_MAVKA	63	Plant	Medium	Earth	3	0	Mavka
mob	prerenewal	1887	FREEZER_R	72	Brute	Medium	Water	2	0	Freezer
mob	prerenewal	1888	GARM_BABY_R	61	Brute	Medium	Water	2	0	Baby Hatii
mob	prerenewal	1889	GARM_R	73	Brute	Large	Water	4	0	Marozka's Guard
mob	prerenewal	1890	GOPINICH_R	85	Brute	Large	Earth	3	0	The Immortal Koshei
mob	prerenewal	1891	G_RANDGRIS_	99	Angel	Large	Holy	4	0	Valkyrie
mob	prerenewal	1892	G_LOLI_RURI	71	Demon	Large	Dark	4	0	Lolo Ruri
mob	prerenewal	1893	G_KNIGHT_OF_ABYSS	79	Demihuman	Large	Dark	4	0	Abysmal Knight
mob	prerenewal	1894	POURING	50	Plant	Small	Ghost	3	0	Pouring
mob	prerenewal	1895	EVENT_SEYREN	91	Demon	Medium	Fire	3	0	Seyren Windsor
mob	prerenewal	1896	EVENT_KATRINN	92	Demihuman	Medium	Ghost	3	0	Kathryne Keyron
mob	prerenewal	1897	EVENT_BAPHOMET_	81	Demon	Large	Dark	3	0	Baphomet
mob	prerenewal	1898	EVENT_ZOMBIE	12	Undead	Medium	Undead	1	0	Zombie
mob	prerenewal	1899	SWORD_GUARDIAN_	86	Demihuman	Large	Neutral	4	0	Sword Guardian
mob	prerenewal	1901	E_CONDOR	5	Angel	Small	Holy	1	0	Condor
mob	prerenewal	1902	E_TREASURE1	99	Formless	Small	Holy	1	0	Treasure Box
mob	prerenewal	1903	E_TREASURE2	99	Formless	Small	Holy	1	0	Treasure Box
mob	prerenewal	1904	BOMBPORING	28	Formless	Small	Neutral	1	0	Bomb Poring
mob	prerenewal	1905	BARRICADE	98	Formless	Large	Neutral	1	0	Barricade
mob	prerenewal	1906	BARRICADE_	98	Formless	Large	Neutral	1	0	Barricade
mob	prerenewal	1907	S_EMPEL_1	90	Formless	Small	Neutral	1	0	Guardian Stone
mob	prerenewal	1908	S_EMPEL_2	90	Formless	Small	Neutral	1	0	Guardian Stone
mob	prerenewal	1909	OBJ_A	90	Formless	Large	Neutral	1	0	Food Storage
mob	prerenewal	1910	OBJ_B	90	Formless	Large	Neutral	1	0	Food Depot
mob	prerenewal	1911	OBJ_NEUTRAL	90	Formless	Large	Neutral	1	0	Neutrality Flag
mob	prerenewal	1912	OBJ_FLAG_A	90	Formless	Large	Neutral	1	0	Lion Flag
mob	prerenewal	1913	OBJ_FLAG_B	90	Formless	Large	Neutral	1	0	Eagle Flag
mob	prerenewal	1914	OBJ_A2	90	Formless	Large	Neutral	1	0	Blue Crystal
mob	prerenewal	1915	OBJ_B2	90	Formless	Large	Neutral	1	0	Pink Crystal
mob	prerenewal	1916	MOROCC	99	Demon	Large	Dark	4	0	Satan Morocc
mob	prerenewal	1917	MOROCC_	99	Demon	Large	Dark	4	1	Wounded Morocc
mob	prerenewal	1918	MOROCC_1	97	Angel	Large	Dark	1	0	Incarnation of Morocc
mob	prerenewal	1919	MOROCC_2	97	Demon	Medium	Dark	3	0	Incarnation of Morocc
mob	prerenewal	1920	MOROCC_3	96	Demon	Medium	Undead	3	0	Incarnation of Morocc
mob	prerenewal	1921	MOROCC_4	98	Demon	Medium	Ghost	3	0	Incarnation of Morocc
mob	prerenewal	1922	G_MOROCC_1	97	Angel	Large	Dark	1	0	Incarnation of Morocc
mob	prerenewal	1923	G_MOROCC_2	97	Demon	Medium	Dark	3	0	Incarnation of Morocc
mob	prerenewal	1924	G_MOROCC_3	96	Demon	Medium	Undead	3	0	Incarnation of Morocc
mob	prerenewal	1925	G_MOROCC_4	98	Demon	Medium	Ghost	3	0	Incarnation of Morocc
mob	prerenewal	1926	JAKK_H	38	Formless	Medium	Fire	2	0	Jakk
mob	prerenewal	1927	WHISPER_H	34	Demon	Small	Ghost	3	0	Whisper
mob	prerenewal	1928	DEVIRUCHI_H	46	Demon	Small	Dark	1	0	Deviruchi
mob	prerenewal	1929	BAPHOMET_I	98	Demon	Large	Dark	3	0	Great Demon Baphomet
mob	prerenewal	1930	PIAMETTE	90	Demihuman	Small	Neutral	1	0	Piamette
mob	prerenewal	1931	WISH_MAIDEN	98	Angel	Large	Ghost	1	0	Wish Maiden
mob	prerenewal	1932	GARDEN_KEEPER	80	Formless	Small	Earth	2	0	Garden Keeper
mob	prerenewal	1933	GARDEN_WATCHER	81	Angel	Medium	Neutral	4	0	Garden Watcher
mob	prerenewal	1934	BLUE_FLOWER	98	Plant	Medium	Earth	1	0	Blue Flower
mob	prerenewal	1935	RED_FLOWER	98	Plant	Medium	Earth	1	0	Red Flower
mob	prerenewal	1936	YELL_FLOWER	98	Plant	Medium	Earth	1	0	Yellow Flower
mob	prerenewal	1937	CONSTANT_	55	Formless	Small	Dark	3	0	Constant
mob	prerenewal	1938	TREASURE_BOX41	99	Formless	Small	Neutral	1	0	Treasure Chest
mob	prerenewal	1939	TREASURE_BOX42	99	Formless	Small	Neutral	1	0	Treasure Chest
mob	prerenewal	1940	TREASURE_BOX43	99	Formless	Small	Neutral	1	0	Treasure Chest
mob	prerenewal	1941	TREASURE_BOX44	99	Formless	Small	Neutral	1	0	Treasure Chest
mob	prerenewal	1942	TREASURE_BOX45	99	Formless	Small	Neutral	1	0	Treasure Chest
mob	prerenewal	1943	TREASURE_BOX46	99	Formless	Small	Neutral	1	0	Treasure Chest
mob	prerenewal	1944	TREASURE_BOX47	99	Formless	Small	Neutral	1	0	Treasure Chest
mob	prerenewal	1945	TREASURE_BOX48	99	Formless	Small	Neutral	1	0	Treasure Chest
mob	prerenewal	1946	TREASURE_BOX49	99	Formless	Small	Neutral	1	0	Treasure Chest
mob	prerenewal	1947	PIAMETTE_	90	Demihuman	Small	Neutral	1	0	Piamette
mob	prerenewal	1948	G_YGNIZEM	58	Demihuman	Medium	Fire	2	0	Egnigem Cenia
mob	prerenewal	1949	B_S_GUARDIAN	86	Demihuman	Large	Neutral	4	0	Camp Guardian
mob	prerenewal	1950	B_B_GUARDIAN	80	Demihuman	Large	Neutral	4	0	Camp Guardian
mob	prerenewal	1951	CRYSTAL_6	1	Formless	Small	Neutral	1	0	Crystal
mob	prerenewal	1952	CRYSTAL_7	1	Formless	Small	Neutral	1	0	Crystal
mob	prerenewal	1953	CRYSTAL_8	1	Formless	Small	Neutral	1	0	Crystal
mob	prerenewal	1954	CRYSTAL_9	1	Formless	Small	Neutral	1	0	Crystal
mob	prerenewal	1955	TREASURE_BOX_I	99	Formless	Small	Neutral	1	0	Treasure Chest
mob	prerenewal	1956	NAGHT_SIEGER	99	Demon	Large	Ghost	4	0	Naght Sieger
mob	prerenewal	1957	ENTWEIHEN	90	Demon	Medium	Dark	4	0	Entweihen Crothen
mob	prerenewal	1958	G_ENTWEIHEN_R	89	Demon	Small	Dark	4	0	Thorny Skeleton
mob	prerenewal	1959	G_ENTWEIHEN_H	89	Demon	Small	Ghost	4	0	Thorn of Recovery
mob	prerenewal	1960	G_ENTWEIHEN_M	89	Demon	Small	Dark	4	0	Thorn of Magic
mob	prerenewal	1961	G_ENTWEIHEN_S	89	Demon	Small	Dark	4	0	Thorn of Purification
mob	prerenewal	1962	ANTONIO_	10	Demihuman	Medium	Neutral	1	0	Christmas Thief
mob	prerenewal	1963	P_CHUNG_E	49	Demihuman	Medium	Neutral	2	0	New Year Doll
mob	prerenewal	1964	NIGHTMARE_T	30	Brute	Large	Ghost	3	0	Nightmare
mob	prerenewal	1965	M_WILD_ROSE	38	Brute	Small	Wind	1	0	Wild Rose
mob	prerenewal	1966	M_DOPPELGANGER	72	Demon	Medium	Dark	3	0	Doppelganger
mob	prerenewal	1967	M_YGNIZEM	79	Demihuman	Medium	Fire	2	0	Egnigem Cenia
mob	prerenewal	1968	E_STROUF	48	Fish	Large	Water	3	0	Strouf
mob	prerenewal	1969	E_MARC	36	Fish	Medium	Water	2	0	Marc
mob	prerenewal	1970	E_OBEAUNE	31	Fish	Medium	Water	2	0	Obeune
mob	prerenewal	1971	E_VADON	19	Fish	Small	Water	1	0	Vadon
mob	prerenewal	1972	E_MARINA	21	Plant	Small	Water	2	0	Marina
mob	prerenewal	1973	E_PORING	1	Plant	Medium	Water	1	0	Poring
mob	prerenewal	1974	BANSHEE_MASTER	84	Demon	Medium	Dark	2	0	Banshee Master
mob	prerenewal	1975	BEHOLDER_MASTER	70	Formless	Medium	Wind	2	0	Beholder master
mob	prerenewal	1976	COBALT_MINERAL	72	Formless	Medium	Neutral	2	0	Cobalt Mineral
mob	prerenewal	1977	HEAVY_METALING	73	Formless	Small	Neutral	1	0	Heavy Metaling
mob	prerenewal	1978	HELL_APOCALIPS	86	Formless	Large	Neutral	3	0	Hell Apocalypse
mob	prerenewal	1979	ZAKUDAM	82	Demihuman	Large	Neutral	3	0	Zakudam
mob	prerenewal	1980	KUBLIN	85	Demihuman	Medium	Earth	1	1	Kublin
mob	prerenewal	1981	I_HIGH_ORC	88	Demihuman	Large	Fire	2	0	Safeguard Chief
mob	prerenewal	1982	I_ORC_ARCHER	85	Demihuman	Medium	Earth	1	0	Orc Sniper
mob	prerenewal	1983	I_ORC_SKELETON	87	Undead	Medium	Undead	1	0	Depraved Orc Spirit
mob	prerenewal	1984	I_ORC_LADY	58	Demihuman	Medium	Earth	2	0	Shaman Cargalache
mob	prerenewal	1985	DANDELION	37	Demihuman	Medium	Dark	2	0	Dandelion Member
mob	prerenewal	1986	TATACHO	106	Brute	Medium	Earth	1	0	Tatacho
mob	prerenewal	1987	CENTIPEDE	110	Insect	Medium	Poison	2	0	Centipede
mob	prerenewal	1988	NEPENTHES	75	Plant	Medium	Poison	2	0	Nepenthes
mob	prerenewal	1989	HILLSRION	105	Brute	Small	Earth	1	0	Hillslion
mob	prerenewal	1990	HARDROCK_MOMMOTH	115	Brute	Large	Earth	3	0	Hardrock Mammoth
mob	prerenewal	1991	TENDRILRION	113	Brute	Medium	Earth	2	0	Tendrilion
mob	prerenewal	1992	CORNUS	108	Brute	Medium	Holy	3	0	Cornus
mob	prerenewal	1993	NAGA	111	Brute	Large	Earth	2	0	Naga
mob	prerenewal	1994	LUCIOLA_VESPA	104	Insect	Medium	Wind	1	0	Luciola Vespa
mob	prerenewal	1995	PINGUICULA	80	Plant	Medium	Earth	3	0	Pinguicula
mob	prerenewal	1997	G_TATACHO	106	Brute	Medium	Earth	1	0	Tatacho
mob	prerenewal	1998	G_HILLSRION	105	Brute	Small	Earth	1	0	Hillslion
mob	prerenewal	1999	CENTIPEDE_LARVA	80	Insect	Small	Poison	1	0	Centipede Larva
mob	prerenewal	2008	WOOMAWANG	82	Demon	Large	Ghost	2	0	Woomawang
mob	prerenewal	2009	WOOMAWANG_	82	Demon	Medium	Ghost	2	0	Woomawang
mob	prerenewal	2010	G_MAJORUROS	66	Demon	Large	Ghost	1	0	Ox
mob	prerenewal	2013	DRACO	82	Dragon	Medium	Earth	1	0	Draco
mob	prerenewal	2014	DRACO_EGG	67	Dragon	Medium	Earth	4	0	Draco Egg
mob	prerenewal	2015	PINGUICULA_D	83	Plant	Medium	Poison	2	0	Dark Pinguicula
mob	prerenewal	2016	AQUA_ELEMENTAL	83	Formless	Large	Water	4	0	Aqua Elemental
mob	prerenewal	2017	RATA	107	Demihuman	Medium	Earth	3	0	Rata
mob	prerenewal	2018	DUNEYRR	107	Demihuman	Medium	Earth	3	0	Duneyrr
mob	prerenewal	2019	ANCIENT_TREE	102	Plant	Large	Earth	3	0	Ancient Tree
mob	prerenewal	2020	RHYNCHO	85	Formless	Medium	Water	3	0	Rhyncho
mob	prerenewal	2021	PHYLLA	85	Formless	Medium	Water	3	0	Phylla
mob	prerenewal	2022	S_NYDHOG	117	Dragon	Large	Dark	4	1	Nidhoggr's Shadow
mob	prerenewal	2023	DARK_SHADOW	114	Formless	Small	Dark	2	0	Dark Shadow
mob	prerenewal	2024	BRADIUM_GOLEM	101	Formless	Large	Earth	2	0	Bradium Golem
mob	prerenewal	2026	DANDELION_	90	Demihuman	Medium	Dark	1	0	Runaway Dandelion Member
mob	prerenewal	2027	G_DARK_SHADOW	114	Formless	Small	Dark	2	0	Dark Shadow
mob	prerenewal	2030	HIDEN_PRIEST	90	Demon	Large	Undead	4	0	Hiden Priest
mob	prerenewal	2031	DANDELION_H	80	Demihuman	Medium	Dark	2	0	Dandelion
mob	prerenewal	2042	SILVERSNIPER	100	Formless	Medium	Neutral	1	0	Silver Sniper
mob	prerenewal	2043	MAGICDECOY_FIRE	100	Formless	Medium	Fire	1	0	Magic Decoy
mob	prerenewal	2044	MAGICDECOY_WATER	100	Formless	Medium	Water	1	0	Magic Decoy
mob	prerenewal	2045	MAGICDECOY_EARTH	100	Formless	Medium	Earth	1	0	Magic Decoy
mob	prerenewal	2046	MAGICDECOY_WIND	100	Formless	Medium	Wind	1	0	Magic Decoy
mob	prerenewal	2047	W_NAGA	99	Brute	Large	Earth	2	0	Naga
mob	prerenewal	2049	W_BRADIUM_GOLEM	99	Formless	Large	Earth	2	0	Bradium Golem
mob	prerenewal	2057	E_CRAMP	1	Plant	Medium	Water	1	0	Cramp
mob	prerenewal	2068	BOITATA	93	Brute	Large	Fire	3	1	Boitata
mob	prerenewal	2069	IARA	79	Fish	Medium	Water	3	0	Iara
mob	prerenewal	2070	PIRANHA	75	Fish	Large	Water	3	0	Piranha
mob	prerenewal	2071	HEADLESS_MULE	80	Demon	Large	Fire	3	0	Headless Mule
mob	prerenewal	2072	JAGUAR	71	Brute	Medium	Earth	2	0	Jaguar
mob	prerenewal	2073	TOUCAN	70	Brute	Medium	Wind	2	0	Toucan
mob	prerenewal	2074	CURUPIRA	68	Demihuman	Medium	Earth	1	0	Curupira
mob	prerenewal	2076	S_WIND_GHOST	105	Demon	Medium	Wind	3	0	Shadow of Deception
mob	prerenewal	2077	S_SKOGUL	105	Demon	Medium	Dark	3	0	Shadow of Illusion
mob	prerenewal	2078	S_SUCCUBUS	105	Demon	Medium	Dark	3	0	Shadow of Pleasure
mob	prerenewal	2081	E_HYDRA	14	Plant	Small	Water	2	0	Strange Hydra
mob	prerenewal	2082	G_PIRANHA	75	Fish	Large	Water	3	0	Piranha
file	npc/custom/etc/mvp_arena.txt
spawn	pvp_n_1-2	1115	3
spawn	pvp_n_1-2	1059	1
spawn	pvp_n_2-2	1059	3
spawn	pvp_n_2-2	1150	1
spawn	pvp_n_3-2	1059	1
spawn	pvp_n_3-2	1150	2
spawn	pvp_n_3-2	1147	1
spawn	pvp_n_4-2	1115	1
spawn	pvp_n_4-2	1059	1
spawn	pvp_n_4-2	1150	1
spawn	pvp_n_4-2	1147	1
spawn	pvp_n_5-2	1115	1
spawn	pvp_n_5-2	1059	2
spawn	pvp_n_5-2	1150	1
spawn	pvp_n_5-2	1147	2
spawn	pvp_n_6-2	1115	2
spawn	pvp_n_6-2	1059	3
spawn	pvp_n_6-2	1150	1
spawn	pvp_n_6-2	1147	2
spawn	pvp_n_7-2	1115	3
spawn	pvp_n_7-2	1059	3
spawn	pvp_n_7-2	1150	2
spawn	pvp_n_7-2	1147	2
spawn	pvp_n_8-2	1115	3
spawn	pvp_n_8-2	1059	3
spawn	pvp_n_8-2	1150	3
spawn	pvp_n_8-2	1147	3
spawn	pvp_n_1-3	1159	3
spawn	pvp_n_1-3	1312	1
spawn	pvp_n_2-3	1159	2
spawn	pvp_n_2-3	1312	1
spawn	pvp_n_2-3	1087	1
spawn	pvp_n_3-3	1159	1
spawn	pvp_n_3-3	1312	1
spawn	pvp_n_3-3	1087	1
spawn	pvp_n_3-3	1190	1
spawn	pvp_n_4-3	1159	2
spawn	pvp_n_4-3	1312	1
spawn	pvp_n_4-3	1087	1
spawn	pvp_n_4-3	1190	1
spawn	pvp_n_5-3	1159	1
spawn	pvp_n_5-3	1312	2
spawn	pvp_n_5-3	1087	2
spawn	pvp_n_5-3	1190	1
spawn	pvp_n_6-3	1159	2
spawn	pvp_n_6-3	1312	1
spawn	pvp_n_6-3	1087	2
spawn	pvp_n_6-3	1190	2
spawn	pvp_n_7-3	1159	3
spawn	pvp_n_7-3	1312	1
spawn	pvp_n_7-3	1087	2
spawn	pvp_n_7-3	1190	3
spawn	pvp_n_8-3	1159	3
spawn	pvp_n_8-3	1312	3
spawn	pvp_n_8-3	1087	3
spawn	pvp_n_8-3	1190	3
spawn	pvp_n_1-4	1112	3
spawn	pvp_n_1-4	1038	1
spawn	pvp_n_2-4	1112	2
spawn	pvp_n_2-4	1038	1
spawn	pvp_n_2-4	1046	1
spawn	pvp_n_3-4	1112	1
spawn	pvp_n_3-4	1038	1
spawn	pvp_n_3-4	1046	1
spawn	pvp_n_3-4	1373	1
spawn	pvp_n_4-4	1112	2
spawn	pvp_n_4-4	1038	1
spawn	pvp_n_4-4	1046	2
spawn	pvp_n_4-4	1373	1
spawn	pvp_n_5-4	1112	3
spawn	pvp_n_5-4	1038	2
spawn	pvp_n_5-4	1046	2
spawn	pvp_n_5-4	1373	1
spawn	pvp_n_6-4	1112	3
spawn	pvp_n_6-4	1038	2
spawn	pvp_n_6-4	1046	2
spawn	pvp_n_6-4	1373	2
spawn	pvp_n_7-4	1112	3
spawn	pvp_n_7-4	1038	2
spawn	pvp_n_7-4	1046	3
spawn	pvp_n_7-4	1373	2
spawn	pvp_n_8-4	1112	3
spawn	pvp_n_8-4	1038	3
spawn	pvp_n_8-4	1046	3
spawn	pvp_n_8-4	1373	3
spawn	pvp_n_1-5	1492	3
spawn	pvp_n_1-5	1157	1
spawn	pvp_n_2-5	1492	2
spawn	pvp_n_2-5	1157	1
spawn	pvp_n_2-5	1272	1
spawn	pvp_n_3-5	1492	1
spawn	pvp_n_3-5	1157	1
spawn	pvp_n_3-5	1272	1
spawn	pvp_n_3-5	1039	1
spawn	pvp_n_4-5	1492	3
spawn	pvp_n_4-5	1157	1
spawn	pvp_n_4-5	1272	1
spawn	pvp_n_4-5	1039	1
spawn	pvp_n_5-5	1492	2
spawn	pvp_n_5-5	1157	2
spawn	pvp_n_5-5	1272	2
spawn	pvp_n_5-5	1039	1
spawn	pvp_n_6-5	1492	2
spawn	pvp_n_6-5	1157	2
spawn	pvp_n_6-5	1272	2
spawn	pvp_n_6-5	1039	1
spawn	pvp_n_7-5	1492	2
spawn	pvp_n_7-5	1157	2
spawn	pvp_n_7-5	1272	2
spawn	pvp_n_7-5	1039	2
spawn	pvp_n_8-5	1492	3
spawn	pvp_n_8-5	1157	2
spawn	pvp_n_8-5	1272	2
spawn	pvp_n_8-5	1039	2
file	npc/custom/etc/penal_servitude.txt
spawn	sec_in02	1182	30
spawn	sec_in02	1184	10
spawn	sec_in02	1183	11
spawn	sec_in02	1014	12
spawn	sec_in02	1077	3
file	npc/events/RWC_2011.txt
spawn	dic_dun03	2248	3
spawn	dew_fild01	2248	3
spawn	dew_dun01	2248	3
spawn	dew_dun02	2248	3
spawn	mal_dun01	2248	3
spawn	iz_dun05	2248	3
spawn	man_fild01	2248	3
spawn	man_fild03	2248	3
spawn	spl_fild02	2248	3
spawn	spl_fild03	2248	3
spawn	man_fild02	2248	3
spawn	spl_fild01	2248	3
spawn	nyd_dun01	2248	3
spawn	bra_fild01	2248	3
spawn	bra_dun01	2248	3
spawn	bra_dun02	2248	3
spawn	dic_fild01	2248	3
spawn	dic_fild02	2248	3
spawn	dic_dun01	2248	3
spawn	dic_dun02	2248	3
spawn	bif_fild01	2248	3
spawn	bif_fild02	2248	3
spawn	abbey01	2248	3
spawn	abbey02	2248	3
spawn	abbey03	2248	3
spawn	abyss_01	2248	3
spawn	abyss_02	2248	3
spawn	abyss_03	2248	3
spawn	alde_dun01	2248	3
spawn	alde_dun02	2248	3
spawn	alde_dun03	2248	3
spawn	alde_dun04	2248	3
spawn	ama_dun01	2248	3
spawn	ama_dun02	2248	3
spawn	ama_dun03	2248	3
spawn	ama_fild01	2248	3
spawn	anthell01	2248	3
spawn	anthell02	2248	3
spawn	ayo_dun01	2248	3
spawn	ayo_dun02	2248	3
spawn	ayo_fild01	2248	3
spawn	ayo_fild02	2248	3
spawn	beach_dun	2248	3
spawn	beach_dun2	2248	3
spawn	beach_dun3	2248	3
spawn	c_tower1	2248	3
spawn	c_tower2	2248	3
spawn	c_tower3	2248	3
spawn	c_tower4	2248	3
spawn	cmd_fild01	2248	3
spawn	cmd_fild02	2248	3
spawn	cmd_fild03	2248	3
spawn	cmd_fild04	2248	3
spawn	cmd_fild06	2248	3
spawn	cmd_fild07	2248	3
spawn	cmd_fild08	2248	3
spawn	cmd_fild09	2248	3
spawn	ein_dun01	2248	3
spawn	ein_dun02	2248	3
spawn	ein_fild03	2248	3
spawn	ein_fild04	2248	3
spawn	ein_fild05	2248	3
spawn	ein_fild06	2248	3
spawn	ein_fild07	2248	3
spawn	ein_fild08	2248	3
spawn	ein_fild09	2248	3
spawn	gef_dun00	2248	3
spawn	gef_dun01	2248	3
spawn	gef_dun02	2248	3
spawn	gef_fild00	2248	3
spawn	gef_fild01	2248	3
spawn	gef_fild02	2248	3
spawn	gef_fild03	2248	3
spawn	gef_fild04	2248	3
spawn	gef_fild05	2248	3
spawn	gef_fild06	2248	3
spawn	gef_fild07	2248	3
spawn	gef_fild08	2248	3
spawn	gef_fild09	2248	3
spawn	gef_fild10	2248	3
spawn	gef_fild11	2248	3
spawn	gef_fild13	2248	3
spawn	gefenia01	2248	3
spawn	gefenia02	2248	3
spawn	gefenia03	2248	3
spawn	gefenia04	2248	3
spawn	gl_cas01	2248	3
spawn	gl_cas02	2248	3
spawn	gl_church	2248	3
spawn	gl_chyard	2248	3
spawn	gl_dun01	2248	3
spawn	gl_dun02	2248	3
spawn	gl_in01	2248	3
spawn	gl_knt01	2248	3
spawn	gl_knt02	2248	3
spawn	gl_prison	2248	3
spawn	gl_prison1	2248	3
spawn	gl_sew01	2248	3
spawn	gl_sew02	2248	3
spawn	gl_sew03	2248	3
spawn	gl_sew04	2248	3
spawn	gl_step	2248	3
spawn	glast_01	2248	3
spawn	gon_dun01	2248	3
spawn	gon_dun02	2248	3
spawn	gon_dun03	2248	3
spawn	gon_fild01	2248	3
spawn	hu_fild01	2248	3
spawn	hu_fild02	2248	3
spawn	hu_fild04	2248	3
spawn	hu_fild05	2248	3
spawn	hu_fild06	2248	3
spawn	ice_dun01	2248	3
spawn	ice_dun02	2248	3
spawn	ice_dun03	2248	3
spawn	in_sphinx1	2248	3
spawn	in_sphinx2	2248	3
spawn	in_sphinx3	2248	3
spawn	in_sphinx4	2248	3
spawn	in_sphinx5	2248	3
spawn	iz_dun00	2248	3
spawn	iz_dun01	2248	3
spawn	iz_dun02	2248	3
spawn	iz_dun03	2248	3
spawn	iz_dun04	2248	3
spawn	jupe_core	2248	3
spawn	juperos_01	2248	3
spawn	juperos_02	2248	3
spawn	kh_dun01	2248	3
spawn	kh_dun02	2248	3
spawn	lhz_dun01	2248	3
spawn	lhz_dun02	2248	3
spawn	lhz_dun03	2248	3
spawn	lhz_fild01	2248	3
spawn	lhz_fild02	2248	3
spawn	lhz_fild03	2248	3
spawn	lou_dun01	2248	3
spawn	lou_dun02	2248	3
spawn	lou_dun03	2248	3
spawn	lou_fild01	2248	3
spawn	mag_dun01	2248	3
spawn	mag_dun02	2248	3
spawn	man_fild02	2248	3
spawn	mjo_dun01	2248	3
spawn	mjo_dun02	2248	3
spawn	mjo_dun03	2248	3
spawn	mjolnir_01	2248	3
spawn	mjolnir_02	2248	3
spawn	mjolnir_03	2248	3
spawn	mjolnir_04	2248	3
spawn	mjolnir_05	2248	3
spawn	mjolnir_06	2248	3
spawn	mjolnir_07	2248	3
spawn	mjolnir_08	2248	3
spawn	mjolnir_09	2248	3
spawn	mjolnir_10	2248	3
spawn	mjolnir_11	2248	3
spawn	mjolnir_12	2248	3
spawn	moc_fild01	2248	3
spawn	moc_fild02	2248	3
spawn	moc_fild03	2248	3
spawn	moc_fild04	2248	3
spawn	moc_fild05	2248	3
spawn	moc_fild06	2248	3
spawn	moc_fild07	2248	3
spawn	moc_fild08	2248	3
spawn	moc_fild09	2248	3
spawn	moc_fild10	2248	3
spawn	moc_fild11	2248	3
spawn	moc_fild12	2248	3
spawn	moc_fild13	2248	3
spawn	moc_fild14	2248	3
spawn	moc_fild15	2248	3
spawn	moc_fild16	2248	3
spawn	moc_fild17	2248	3
spawn	moc_fild18	2248	3
spawn	moc_pryd01	2248	3
spawn	moc_pryd02	2248	3
spawn	moc_pryd03	2248	3
spawn	moc_pryd04	2248	3
spawn	moc_pryd05	2248	3
spawn	moc_pryd06	2248	3
spawn	nameless_n	2248	3
spawn	nif_fild01	2248	3
spawn	nif_fild02	2248	3
spawn	nyd_dun01	2248	3
spawn	odin_tem01	2248	3
spawn	odin_tem02	2248	3
spawn	odin_tem03	2248	3
spawn	orcsdun01	2248	3
spawn	orcsdun02	2248	3
spawn	pay_dun00	2248	3
spawn	pay_dun01	2248	3
spawn	pay_dun02	2248	3
spawn	pay_dun03	2248	3
spawn	pay_dun04	2248	3
spawn	pay_fild01	2248	3
spawn	pay_fild02	2248	3
spawn	pay_fild03	2248	3
spawn	pay_fild04	2248	3
spawn	pay_fild06	2248	3
spawn	pay_fild07	2248	3
spawn	pay_fild08	2248	3
spawn	pay_fild09	2248	3
spawn	pay_fild10	2248	3
spawn	prt_fild00	2248	3
spawn	prt_fild01	2248	3
spawn	prt_fild02	2248	3
spawn	prt_fild03	2248	3
spawn	prt_fild04	2248	3
spawn	prt_fild05	2248	3
spawn	prt_fild06	2248	3
spawn	prt_fild07	2248	3
spawn	prt_fild08	2248	3
spawn	prt_fild09	2248	3
spawn	prt_fild10	2248	3
spawn	prt_fild11	2248	3
spawn	prt_maze01	2248	3
spawn	prt_maze02	2248	3
spawn	prt_maze03	2248	3
spawn	prt_sewb1	2248	3
spawn	prt_sewb2	2248	3
spawn	prt_sewb3	2248	3
spawn	prt_sewb4	2248	3
spawn	ra_fild01	2248	3
spawn	ra_fild03	2248	3
spawn	ra_fild04	2248	3
spawn	ra_fild05	2248	3
spawn	ra_fild06	2248	3
spawn	ra_fild08	2248	3
spawn	ra_fild12	2248	3
spawn	ra_san01	2248	3
spawn	ra_san02	2248	3
spawn	ra_san03	2248	3
spawn	ra_san04	2248	3
spawn	ra_san05	2248	3
spawn	spl_fild01	2248	3
spawn	tha_t01	2248	3
spawn	tha_t02	2248	3
spawn	tha_t03	2248	3
spawn	tha_t04	2248	3
spawn	tha_t05	2248	3
spawn	tha_t06	2248	3
spawn	tha_t07	2248	3
spawn	tha_t08	2248	3
spawn	tha_t09	2248	3
spawn	tha_t10	2248	3
spawn	tha_t11	2248	3
spawn	tha_t12	2248	3
spawn	thor_v01	2248	3
spawn	thor_v02	2248	3
spawn	thor_v03	2248	3
spawn	treasure01	2248	3
spawn	treasure02	2248	3
spawn	tur_dun01	2248	3
spawn	tur_dun02	2248	3
spawn	tur_dun03	2248	3
spawn	tur_dun04	2248	3
spawn	um_fild01	2248	3
spawn	um_fild02	2248	3
spawn	um_fild03	2248	3
spawn	um_fild04	2248	3
spawn	ve_fild01	2248	3
spawn	ve_fild02	2248	3
spawn	ve_fild03	2248	3
spawn	ve_fild04	2248	3
spawn	ve_fild05	2248	3
spawn	ve_fild07	2248	3
spawn	xmas_dun01	2248	3
spawn	xmas_dun02	2248	3
spawn	xmas_fild01	2248	3
spawn	yuno_fild01	2248	3
spawn	yuno_fild02	2248	3
spawn	yuno_fild03	2248	3
spawn	yuno_fild04	2248	3
spawn	yuno_fild06	2248	3
spawn	yuno_fild07	2248	3
spawn	yuno_fild08	2248	3
spawn	yuno_fild09	2248	3
spawn	yuno_fild10	2248	3
spawn	yuno_fild12	2248	3
file	npc/events/StPatrick_2008.txt
spawn	ein_fild03	1841	3
spawn	ein_fild04	1841	3
spawn	ein_fild06	1841	3
spawn	ein_fild07	1841	3
spawn	ein_fild08	1841	3
spawn	ein_fild09	1841	3
spawn	ein_fild10	1841	3
spawn	gef_fild00	1841	3
spawn	gef_fild01	1841	3
spawn	gef_fild02	1841	3
spawn	gef_fild03	1841	3
spawn	gef_fild04	1841	3
spawn	gef_fild05	1841	3
spawn	gef_fild07	1841	3
spawn	gef_fild08	1841	3
spawn	gef_fild09	1841	3
spawn	gef_fild10	1841	3
spawn	gef_fild11	1841	3
spawn	gef_fild12	1841	3
spawn	gef_fild13	1841	3
spawn	gef_fild14	1841	3
spawn	glast_01	1841	3
spawn	lhz_fild01	1841	3
spawn	lhz_fild02	1841	3
spawn	lhz_fild03	1841	3
spawn	mjolnir_01	1841	3
spawn	mjolnir_02	1841	3
spawn	mjolnir_03	1841	3
spawn	mjolnir_04	1841	3
spawn	mjolnir_05	1841	3
spawn	mjolnir_06	1841	3
spawn	mjolnir_07	1841	3
spawn	mjolnir_08	1841	3
spawn	mjolnir_09	1841	3
spawn	mjolnir_10	1841	3
spawn	mjolnir_11	1841	3
spawn	mjolnir_12	1841	3
spawn	moc_fild01	1841	3
spawn	moc_fild02	1841	3
spawn	moc_fild03	1841	3
spawn	moc_fild04	1841	3
spawn	moc_fild05	1841	3
spawn	moc_fild06	1841	3
spawn	moc_fild07	1841	3
spawn	moc_fild08	1841	3
spawn	moc_fild09	1841	3
spawn	moc_fild10	1841	3
spawn	moc_fild11	1841	3
spawn	moc_fild12	1841	3
spawn	moc_fild13	1841	3
spawn	moc_fild14	1841	3
spawn	moc_fild03	1841	3
spawn	moc_fild16	1841	3
spawn	moc_fild17	1841	3
spawn	moc_fild18	1841	3
spawn	pay_fild01	1841	3
spawn	pay_fild02	1841	3
spawn	pay_fild03	1841	3
spawn	pay_fild04	1841	3
spawn	pay_fild05	1841	3
spawn	pay_fild06	1841	3
spawn	pay_fild07	1841	3
spawn	pay_fild08	1841	3
spawn	pay_fild09	1841	3
spawn	pay_fild10	1841	3
spawn	pay_fild11	1841	3
spawn	prt_fild00	1841	3
spawn	prt_fild01	1841	3
spawn	prt_fild02	1841	3
spawn	prt_fild03	1841	3
spawn	prt_fild04	1841	3
spawn	prt_fild05	1841	3
spawn	prt_fild06	1841	3
spawn	prt_fild07	1841	3
spawn	prt_fild08	1841	3
spawn	prt_fild09	1841	3
spawn	prt_fild10	1841	3
spawn	prt_fild11	1841	3
spawn	xmas_fild01	1841	3
spawn	cmd_fild01	1841	3
spawn	cmd_fild02	1841	3
spawn	cmd_fild03	1841	3
spawn	cmd_fild04	1841	3
spawn	cmd_fild05	1841	3
spawn	cmd_fild06	1841	3
spawn	cmd_fild07	1841	3
spawn	cmd_fild08	1841	3
spawn	cmd_fild09	1841	3
spawn	yuno_fild01	1841	3
spawn	yuno_fild02	1841	3
spawn	yuno_fild03	1841	3
spawn	yuno_fild04	1841	3
spawn	yuno_fild05	1841	3
spawn	yuno_fild06	1841	3
spawn	yuno_fild07	1841	3
spawn	yuno_fild08	1841	3
spawn	yuno_fild09	1841	3
spawn	yuno_fild11	1841	3
spawn	yuno_fild12	1841	3
spawn	ama_fild01	1841	3
spawn	gon_fild01	1841	3
spawn	um_fild01	1841	3
spawn	um_fild02	1841	3
spawn	um_fild03	1841	3
spawn	um_fild04	1841	3
spawn	nif_fild01	1841	3
spawn	nif_fild02	1841	3
spawn	lou_fild01	1841	3
spawn	hu_fild01	1841	3
spawn	hu_fild04	1841	3
spawn	hu_fild05	1841	3
spawn	hu_fild07	1841	3
spawn	ein_fild03	1842	3
spawn	ein_fild04	1842	3
spawn	ein_fild06	1842	3
spawn	ein_fild07	1842	3
spawn	ein_fild08	1842	3
spawn	ein_fild09	1842	3
spawn	ein_fild10	1842	3
spawn	gef_fild00	1842	3
spawn	gef_fild01	1842	3
spawn	gef_fild02	1842	3
spawn	gef_fild03	1842	3
spawn	gef_fild04	1842	3
spawn	gef_fild05	1842	3
spawn	gef_fild07	1842	3
spawn	gef_fild08	1842	3
spawn	gef_fild09	1842	3
spawn	gef_fild10	1842	3
spawn	gef_fild11	1842	3
spawn	gef_fild12	1842	3
spawn	gef_fild13	1842	3
spawn	gef_fild14	1842	3
spawn	glast_01	1842	3
spawn	lhz_fild01	1842	3
spawn	lhz_fild02	1842	3
spawn	lhz_fild03	1842	3
spawn	mjolnir_01	1842	3
spawn	mjolnir_02	1842	3
spawn	mjolnir_03	1842	3
spawn	mjolnir_04	1842	3
spawn	mjolnir_05	1842	3
spawn	mjolnir_06	1842	3
spawn	mjolnir_07	1842	3
spawn	mjolnir_08	1842	3
spawn	mjolnir_09	1842	3
spawn	mjolnir_10	1842	3
spawn	mjolnir_11	1842	3
spawn	mjolnir_12	1842	3
spawn	moc_fild01	1842	3
spawn	moc_fild02	1842	3
spawn	moc_fild03	1842	3
spawn	moc_fild04	1842	3
spawn	moc_fild05	1842	3
spawn	moc_fild06	1842	3
spawn	moc_fild07	1842	3
spawn	moc_fild08	1842	3
spawn	moc_fild09	1842	3
spawn	moc_fild10	1842	3
spawn	moc_fild11	1842	3
spawn	moc_fild12	1842	3
spawn	moc_fild13	1842	3
spawn	moc_fild14	1842	3
spawn	moc_fild03	1842	3
spawn	moc_fild16	1842	3
spawn	moc_fild17	1842	3
spawn	moc_fild18	1842	3
spawn	pay_fild01	1842	3
spawn	pay_fild02	1842	3
spawn	pay_fild03	1842	3
spawn	pay_fild04	1842	3
spawn	pay_fild05	1842	3
spawn	pay_fild06	1842	3
spawn	pay_fild07	1842	3
spawn	pay_fild08	1842	3
spawn	pay_fild09	1842	3
spawn	pay_fild10	1842	3
spawn	pay_fild11	1842	3
spawn	prt_fild00	1842	3
spawn	prt_fild01	1842	3
spawn	prt_fild02	1842	3
spawn	prt_fild03	1842	3
spawn	prt_fild04	1842	3
spawn	prt_fild05	1842	3
spawn	prt_fild06	1842	3
spawn	prt_fild07	1842	3
spawn	prt_fild08	1842	3
spawn	prt_fild09	1842	3
spawn	prt_fild10	1842	3
spawn	prt_fild11	1842	3
spawn	xmas_fild01	1842	3
spawn	cmd_fild01	1842	3
spawn	cmd_fild02	1842	3
spawn	cmd_fild03	1842	3
spawn	cmd_fild04	1842	3
spawn	cmd_fild05	1842	3
spawn	cmd_fild06	1842	3
spawn	cmd_fild07	1842	3
spawn	cmd_fild08	1842	3
spawn	cmd_fild09	1842	3
spawn	yuno_fild01	1842	3
spawn	yuno_fild02	1842	3
spawn	yuno_fild03	1842	3
spawn	yuno_fild04	1842	3
spawn	yuno_fild05	1842	3
spawn	yuno_fild06	1842	3
spawn	yuno_fild07	1842	3
spawn	yuno_fild08	1842	3
spawn	yuno_fild09	1842	3
spawn	yuno_fild11	1842	3
spawn	yuno_fild12	1842	3
spawn	ama_fild01	1842	3
spawn	gon_fild01	1842	3
spawn	um_fild01	1842	3
spawn	um_fild02	1842	3
spawn	um_fild03	1842	3
spawn	um_fild04	1842	3
spawn	nif_fild01	1842	3
spawn	nif_fild02	1842	3
spawn	lou_fild01	1842	3
spawn	hu_fild01	1842	3
spawn	hu_fild04	1842	3
spawn	hu_fild05	1842	3
spawn	hu_fild07	1842	3
spawn	ein_fild03	1843	2
spawn	ein_fild04	1843	2
spawn	ein_fild06	1843	2
spawn	ein_fild07	1843	2
spawn	ein_fild08	1843	2
spawn	ein_fild09	1843	2
spawn	ein_fild10	1843	2
spawn	gef_fild00	1843	2
spawn	gef_fild01	1843	2
spawn	gef_fild02	1843	2
spawn	gef_fild03	1843	2
spawn	gef_fild04	1843	2
spawn	gef_fild05	1843	2
spawn	gef_fild07	1843	2
spawn	gef_fild08	1843	2
spawn	gef_fild09	1843	2
spawn	gef_fild10	1843	2
spawn	gef_fild11	1843	2
spawn	gef_fild12	1843	2
spawn	gef_fild13	1843	2
spawn	gef_fild14	1843	2
spawn	glast_01	1843	2
spawn	lhz_fild01	1843	2
spawn	lhz_fild02	1843	2
spawn	lhz_fild03	1843	2
spawn	mjolnir_01	1843	2
spawn	mjolnir_02	1843	2
spawn	mjolnir_03	1843	2
spawn	mjolnir_04	1843	2
spawn	mjolnir_05	1843	2
spawn	mjolnir_06	1843	2
spawn	mjolnir_07	1843	2
spawn	mjolnir_08	1843	2
spawn	mjolnir_09	1843	2
spawn	mjolnir_10	1843	2
spawn	mjolnir_11	1843	2
spawn	mjolnir_12	1843	2
spawn	moc_fild01	1843	2
spawn	moc_fild02	1843	2
spawn	moc_fild03	1843	2
spawn	moc_fild04	1843	2
spawn	moc_fild05	1843	2
spawn	moc_fild06	1843	2
spawn	moc_fild07	1843	2
spawn	moc_fild08	1843	2
spawn	moc_fild09	1843	2
spawn	moc_fild10	1843	2
spawn	moc_fild11	1843	2
spawn	moc_fild12	1843	2
spawn	moc_fild13	1843	2
spawn	moc_fild14	1843	2
spawn	moc_fild03	1843	2
spawn	moc_fild16	1843	2
spawn	moc_fild17	1843	2
spawn	moc_fild18	1843	2
spawn	pay_fild01	1843	2
spawn	pay_fild02	1843	2
spawn	pay_fild03	1843	2
spawn	pay_fild04	1843	2
spawn	pay_fild05	1843	2
spawn	pay_fild06	1843	2
spawn	pay_fild07	1843	2
spawn	pay_fild08	1843	2
spawn	pay_fild09	1843	2
spawn	pay_fild10	1843	2
spawn	pay_fild11	1843	2
spawn	prt_fild00	1843	2
spawn	prt_fild01	1843	2
spawn	prt_fild02	1843	2
spawn	prt_fild03	1843	2
spawn	prt_fild04	1843	2
spawn	prt_fild05	1843	2
spawn	prt_fild06	1843	2
spawn	prt_fild07	1843	2
spawn	prt_fild08	1843	2
spawn	prt_fild09	1843	2
spawn	prt_fild10	1843	2
spawn	prt_fild11	1843	2
spawn	xmas_fild01	1843	2
spawn	cmd_fild01	1843	2
spawn	cmd_fild02	1843	2
spawn	cmd_fild03	1843	2
spawn	cmd_fild04	1843	2
spawn	cmd_fild05	1843	2
spawn	cmd_fild06	1843	2
spawn	cmd_fild07	1843	2
spawn	cmd_fild08	1843	2
spawn	cmd_fild09	1843	2
spawn	yuno_fild01	1843	2
spawn	yuno_fild02	1843	2
spawn	yuno_fild03	1843	2
spawn	yuno_fild04	1843	2
spawn	yuno_fild05	1843	2
spawn	yuno_fild06	1843	2
spawn	yuno_fild07	1843	2
spawn	yuno_fild08	1843	2
spawn	yuno_fild09	1843	2
spawn	yuno_fild11	1843	2
spawn	yuno_fild12	1843	2
spawn	ama_fild01	1843	2
spawn	gon_fild01	1843	2
spawn	um_fild01	1843	2
spawn	um_fild02	1843	2
spawn	um_fild03	1843	2
spawn	um_fild04	1843	2
spawn	nif_fild01	1843	2
spawn	nif_fild02	1843	2
spawn	lou_fild01	1843	2
spawn	hu_fild01	1843	2
spawn	hu_fild04	1843	2
spawn	hu_fild05	1843	2
spawn	hu_fild07	1843	2
spawn	ein_fild03	1844	1
spawn	ein_fild04	1844	1
spawn	ein_fild06	1844	1
spawn	ein_fild07	1844	1
spawn	ein_fild08	1844	1
spawn	ein_fild09	1844	1
spawn	ein_fild10	1844	1
spawn	gef_fild00	1844	1
spawn	gef_fild01	1844	1
spawn	gef_fild01	1844	1
spawn	gef_fild03	1844	1
spawn	gef_fild04	1844	1
spawn	gef_fild05	1844	1
spawn	gef_fild07	1844	1
spawn	gef_fild08	1844	1
spawn	gef_fild09	1844	1
spawn	gef_fild10	1844	1
spawn	gef_fild11	1844	1
spawn	gef_fild11	1844	1
spawn	gef_fild13	1844	1
spawn	gef_fild14	1844	1
spawn	glast_01	1844	1
spawn	lhz_fild01	1844	1
spawn	lhz_fild01	1844	1
spawn	lhz_fild03	1844	1
spawn	mjolnir_01	1844	1
spawn	mjolnir_01	1844	1
spawn	mjolnir_03	1844	1
spawn	mjolnir_04	1844	1
spawn	mjolnir_05	1844	1
spawn	mjolnir_06	1844	1
spawn	mjolnir_07	1844	1
spawn	mjolnir_08	1844	1
spawn	mjolnir_09	1844	1
spawn	mjolnir_10	1844	1
spawn	mjolnir_11	1844	1
spawn	mjolnir_11	1844	1
spawn	moc_fild01	1844	1
spawn	moc_fild01	1844	1
spawn	moc_fild03	1844	1
spawn	moc_fild04	1844	1
spawn	moc_fild05	1844	1
spawn	moc_fild06	1844	1
spawn	moc_fild07	1844	1
spawn	moc_fild08	1844	1
spawn	moc_fild09	1844	1
spawn	moc_fild10	1844	1
spawn	moc_fild11	1844	1
spawn	moc_fild11	1844	1
spawn	moc_fild13	1844	1
spawn	moc_fild14	1844	1
spawn	moc_fild03	1844	1
spawn	moc_fild16	1844	1
spawn	moc_fild17	1844	1
spawn	moc_fild18	1844	1
spawn	pay_fild01	1844	1
spawn	pay_fild01	1844	1
spawn	pay_fild03	1844	1
spawn	pay_fild04	1844	1
spawn	pay_fild05	1844	1
spawn	pay_fild06	1844	1
spawn	pay_fild07	1844	1
spawn	pay_fild08	1844	1
spawn	pay_fild09	1844	1
spawn	pay_fild10	1844	1
spawn	pay_fild11	1844	1
spawn	prt_fild00	1844	1
spawn	prt_fild01	1844	1
spawn	prt_fild01	1844	1
spawn	prt_fild03	1844	1
spawn	prt_fild04	1844	1
spawn	prt_fild05	1844	1
spawn	prt_fild06	1844	1
spawn	prt_fild07	1844	1
spawn	prt_fild08	1844	1
spawn	prt_fild09	1844	1
spawn	prt_fild10	1844	1
spawn	prt_fild11	1844	1
spawn	xmas_fild01	1844	1
spawn	cmd_fild01	1844	1
spawn	cmd_fild01	1844	1
spawn	cmd_fild03	1844	1
spawn	cmd_fild04	1844	1
spawn	cmd_fild05	1844	1
spawn	cmd_fild06	1844	1
spawn	cmd_fild07	1844	1
spawn	cmd_fild08	1844	1
spawn	cmd_fild09	1844	1
spawn	yuno_fild01	1844	1
spawn	yuno_fild01	1844	1
spawn	yuno_fild03	1844	1
spawn	yuno_fild04	1844	1
spawn	yuno_fild05	1844	1
spawn	yuno_fild06	1844	1
spawn	yuno_fild07	1844	1
spawn	yuno_fild08	1844	1
spawn	yuno_fild09	1844	1
spawn	yuno_fild11	1844	1
spawn	yuno_fild11	1844	1
spawn	ama_fild01	1844	1
spawn	gon_fild01	1844	1
spawn	um_fild01	1844	1
spawn	um_fild01	1844	1
spawn	um_fild03	1844	1
spawn	um_fild04	1844	1
spawn	nif_fild01	1844	1
spawn	nif_fild01	1844	1
spawn	lou_fild01	1844	1
spawn	hu_fild01	1844	1
spawn	hu_fild04	1844	1
spawn	hu_fild05	1844	1
spawn	hu_fild07	1844	1
file	npc/events/bossnia.txt
spawn	bossnia_01	1252	5
spawn	bossnia_01	1768	2
spawn	bossnia_01	1272	3
spawn	bossnia_01	1046	10
spawn	bossnia_01	1389	5
spawn	bossnia_01	1112	10
spawn	bossnia_01	1719	2
spawn	bossnia_01	1147	10
spawn	bossnia_01	1059	1
spawn	bossnia_01	1039	10
spawn	bossnia_01	1658	10
spawn	bossnia_01	1511	1
spawn	bossnia_01	1785	10
spawn	bossnia_01	1685	2
spawn	bossnia_01	1115	1
spawn	bossnia_01	1038	10
spawn	bossnia_01	1190	10
spawn	bossnia_01	1087	2
spawn	bossnia_01	1492	1
spawn	bossnia_01	1150	1
spawn	bossnia_01	1373	1
spawn	bossnia_01	1779	2
spawn	bossnia_01	1734	2
spawn	bossnia_01	1708	2
spawn	bossnia_01	1688	1
spawn	bossnia_01	1583	1
spawn	bossnia_01	1312	10
spawn	bossnia_01	1157	2
spawn	bossnia_01	1251	2
spawn	bossnia_01	1871	5
spawn	bossnia_01	1159	10
spawn	bossnia_01	1086	10
spawn	bossnia_01	1418	10
spawn	bossnia_01	1623	5
spawn	bossnia_01	1647	1
spawn	bossnia_01	1648	1
spawn	bossnia_01	1873	1
spawn	bossnia_01	1873	1
spawn	bossnia_01	1751	1
spawn	bossnia_01	1832	1
spawn	bossnia_02	1252	5
spawn	bossnia_02	1768	2
spawn	bossnia_02	1272	3
spawn	bossnia_02	1046	10
spawn	bossnia_02	1389	5
spawn	bossnia_02	1112	10
spawn	bossnia_02	1719	2
spawn	bossnia_02	1147	10
spawn	bossnia_02	1059	1
spawn	bossnia_02	1039	10
spawn	bossnia_02	1658	10
spawn	bossnia_02	1511	1
spawn	bossnia_02	1785	10
spawn	bossnia_02	1685	2
spawn	bossnia_02	1115	1
spawn	bossnia_02	1038	10
spawn	bossnia_02	1190	10
spawn	bossnia_02	1087	2
spawn	bossnia_02	1492	1
spawn	bossnia_02	1150	1
spawn	bossnia_02	1373	1
spawn	bossnia_02	1779	2
spawn	bossnia_02	1734	2
spawn	bossnia_02	1708	2
spawn	bossnia_02	1688	1
spawn	bossnia_02	1583	1
spawn	bossnia_02	1312	10
spawn	bossnia_02	1157	2
spawn	bossnia_02	1251	2
spawn	bossnia_02	1871	5
spawn	bossnia_02	1159	10
spawn	bossnia_02	1086	10
spawn	bossnia_02	1418	10
spawn	bossnia_02	1623	5
spawn	bossnia_02	1647	1
spawn	bossnia_02	1648	1
spawn	bossnia_02	1873	1
spawn	bossnia_02	1873	1
spawn	bossnia_02	1751	1
spawn	bossnia_02	1832	1
spawn	bossnia_03	1252	5
spawn	bossnia_03	1768	2
spawn	bossnia_03	1272	3
spawn	bossnia_03	1046	10
spawn	bossnia_03	1389	5
spawn	bossnia_03	1112	10
spawn	bossnia_03	1719	2
spawn	bossnia_03	1147	10
spawn	bossnia_03	1059	1
spawn	bossnia_03	1039	10
spawn	bossnia_03	1658	10
spawn	bossnia_03	1511	1
spawn	bossnia_03	1785	10
spawn	bossnia_03	1685	2
spawn	bossnia_03	1115	1
spawn	bossnia_03	1038	10
spawn	bossnia_03	1190	10
spawn	bossnia_03	1087	2
spawn	bossnia_03	1492	1
spawn	bossnia_03	1150	1
spawn	bossnia_03	1373	1
spawn	bossnia_03	1779	2
spawn	bossnia_03	1734	2
spawn	bossnia_03	1708	2
spawn	bossnia_03	1688	1
spawn	bossnia_03	1583	1
spawn	bossnia_03	1312	10
spawn	bossnia_03	1157	2
spawn	bossnia_03	1251	2
spawn	bossnia_03	1871	5
spawn	bossnia_03	1159	10
spawn	bossnia_03	1086	10
spawn	bossnia_03	1418	10
spawn	bossnia_03	1623	5
spawn	bossnia_03	1647	1
spawn	bossnia_03	1648	1
spawn	bossnia_03	1873	1
spawn	bossnia_03	1873	1
spawn	bossnia_03	1751	1
spawn	bossnia_03	1832	1
spawn	bossnia_04	1252	5
spawn	bossnia_04	1768	2
spawn	bossnia_04	1272	3
spawn	bossnia_04	1046	10
spawn	bossnia_04	1389	5
spawn	bossnia_04	1112	10
spawn	bossnia_04	1719	2
spawn	bossnia_04	1147	10
spawn	bossnia_04	1059	1
spawn	bossnia_04	1039	10
spawn	bossnia_04	1658	10
spawn	bossnia_04	1511	1
spawn	bossnia_04	1785	10
spawn	bossnia_04	1685	2
spawn	bossnia_04	1115	1
spawn	bossnia_04	1038	10
spawn	bossnia_04	1190	10
spawn	bossnia_04	1087	2
spawn	bossnia_04	1492	1
spawn	bossnia_04	1150	1
spawn	bossnia_04	1373	1
spawn	bossnia_04	1779	2
spawn	bossnia_04	1734	2
spawn	bossnia_04	1708	2
spawn	bossnia_04	1688	1
spawn	bossnia_04	1583	1
spawn	bossnia_04	1312	10
spawn	bossnia_04	1157	2
spawn	bossnia_04	1251	2
spawn	bossnia_04	1871	5
spawn	bossnia_04	1159	10
spawn	bossnia_04	1086	10
spawn	bossnia_04	1418	10
spawn	bossnia_04	1623	5
spawn	bossnia_04	1647	1
spawn	bossnia_04	1648	1
spawn	bossnia_04	1873	1
spawn	bossnia_04	1873	1
spawn	bossnia_04	1751	1
spawn	bossnia_04	1832	1
file	npc/events/christmas_2008.txt
spawn	prt_fild00	1244	5
spawn	prt_fild00	1245	5
spawn	prt_fild00	1246	5
spawn	prt_fild00	1247	1
spawn	prt_fild01	1244	5
spawn	prt_fild01	1245	5
spawn	prt_fild01	1246	5
spawn	prt_fild01	1247	1
spawn	prt_fild02	1244	5
spawn	prt_fild02	1245	5
spawn	prt_fild02	1246	5
spawn	prt_fild02	1247	1
spawn	prt_fild03	1244	5
spawn	prt_fild03	1245	5
spawn	prt_fild03	1246	5
spawn	prt_fild03	1247	1
spawn	prt_fild04	1244	5
spawn	prt_fild04	1245	5
spawn	prt_fild04	1246	5
spawn	prt_fild04	1247	1
spawn	prt_fild05	1244	5
spawn	prt_fild05	1245	5
spawn	prt_fild05	1246	5
spawn	prt_fild05	1247	1
spawn	prt_fild06	1244	5
spawn	prt_fild06	1245	5
spawn	prt_fild06	1246	5
spawn	prt_fild06	1247	1
spawn	prt_fild07	1244	5
spawn	prt_fild07	1245	5
spawn	prt_fild07	1246	5
spawn	prt_fild07	1247	1
spawn	prt_fild08	1244	5
spawn	prt_fild08	1245	5
spawn	prt_fild08	1246	5
spawn	prt_fild08	1247	1
spawn	prt_fild09	1244	5
spawn	prt_fild09	1245	5
spawn	prt_fild09	1246	5
spawn	prt_fild09	1247	1
spawn	prt_fild10	1244	5
spawn	prt_fild10	1245	5
spawn	prt_fild10	1246	5
spawn	prt_fild10	1247	1
spawn	prt_fild11	1244	5
spawn	prt_fild11	1245	5
spawn	prt_fild11	1246	5
spawn	prt_fild11	1247	1
spawn	pay_fild01	1244	5
spawn	pay_fild01	1245	5
spawn	pay_fild01	1246	5
spawn	pay_fild01	1247	1
spawn	pay_fild02	1244	5
spawn	pay_fild02	1245	5
spawn	pay_fild02	1246	5
spawn	pay_fild02	1247	1
spawn	pay_fild03	1244	5
spawn	pay_fild03	1245	5
spawn	pay_fild03	1246	5
spawn	pay_fild03	1247	1
spawn	pay_fild04	1244	5
spawn	pay_fild04	1245	5
spawn	pay_fild04	1246	5
spawn	pay_fild04	1247	1
spawn	pay_fild05	1244	5
spawn	pay_fild05	1245	5
spawn	pay_fild05	1246	5
spawn	pay_fild05	1247	1
spawn	pay_fild06	1244	5
spawn	pay_fild06	1245	5
spawn	pay_fild06	1246	5
spawn	pay_fild06	1247	1
spawn	pay_fild07	1244	5
spawn	pay_fild07	1245	5
spawn	pay_fild07	1246	5
spawn	pay_fild07	1247	1
spawn	pay_fild08	1244	5
spawn	pay_fild08	1245	5
spawn	pay_fild08	1246	5
spawn	pay_fild08	1247	1
spawn	pay_fild09	1244	5
spawn	pay_fild09	1245	5
spawn	pay_fild09	1246	5
spawn	pay_fild09	1247	1
spawn	pay_fild10	1244	5
spawn	pay_fild10	1245	5
spawn	pay_fild10	1246	5
spawn	pay_fild10	1247	1
spawn	pay_fild11	1244	5
spawn	pay_fild11	1245	5
spawn	pay_fild11	1246	5
spawn	pay_fild11	1247	1
spawn	gef_fild00	1244	5
spawn	gef_fild00	1245	5
spawn	gef_fild00	1246	5
spawn	gef_fild00	1247	1
spawn	gef_fild01	1244	5
spawn	gef_fild01	1245	5
spawn	gef_fild01	1246	5
spawn	gef_fild01	1247	1
spawn	gef_fild02	1244	5
spawn	gef_fild02	1245	5
spawn	gef_fild02	1246	5
spawn	gef_fild02	1247	1
spawn	gef_fild03	1244	5
spawn	gef_fild03	1245	5
spawn	gef_fild03	1246	5
spawn	gef_fild03	1247	1
spawn	gef_fild04	1244	5
spawn	gef_fild04	1245	5
spawn	gef_fild04	1246	5
spawn	gef_fild04	1247	1
spawn	gef_fild05	1244	5
spawn	gef_fild05	1245	5
spawn	gef_fild05	1246	5
spawn	gef_fild05	1247	1
spawn	gef_fild06	1244	5
spawn	gef_fild06	1245	5
spawn	gef_fild06	1246	5
spawn	gef_fild06	1247	1
spawn	gef_fild07	1244	5
spawn	gef_fild07	1245	5
spawn	gef_fild07	1246	5
spawn	gef_fild07	1247	1
spawn	gef_fild08	1244	5
spawn	gef_fild08	1245	5
spawn	gef_fild08	1246	5
spawn	gef_fild08	1247	1
spawn	gef_fild09	1244	5
spawn	gef_fild09	1245	5
spawn	gef_fild09	1246	5
spawn	gef_fild09	1247	1
spawn	gef_fild10	1244	5
spawn	gef_fild10	1245	5
spawn	gef_fild10	1246	5
spawn	gef_fild10	1247	1
spawn	gef_fild11	1244	5
spawn	gef_fild11	1245	5
spawn	gef_fild11	1246	5
spawn	gef_fild11	1247	1
spawn	gef_fild12	1244	5
spawn	gef_fild12	1245	5
spawn	gef_fild12	1246	5
spawn	gef_fild12	1247	1
spawn	gef_fild13	1244	5
spawn	gef_fild13	1245	5
spawn	gef_fild13	1246	5
spawn	gef_fild13	1247	1
spawn	gef_fild14	1244	5
spawn	gef_fild14	1245	5
spawn	gef_fild14	1246	5
spawn	gef_fild14	1247	1
spawn	xmas_fild01	1244	5
spawn	xmas_fild01	1245	5
spawn	xmas_fild01	1246	5
spawn	xmas_fild01	1247	1
file	npc/events/christmas_2013.txt
spawn	gld_dun01_2	2380	5
spawn	gld_dun02_2	2380	5
spawn	gld_dun03_2	2380	5
spawn	gld_dun04_2	2380	5
spawn	gld2_ald	2380	5
spawn	gld2_gef	2380	5
spawn	gld2_pay	2380	5
spawn	gld2_prt	2380	5
spawn	lhz_dun04	2380	5
spawn	iz_dun05	2380	5
spawn	mal_dun01	2380	5
spawn	dic_dun03	2380	5
spawn	dew_fild01	2380	5
spawn	dew_dun01	2380	5
spawn	dew_dun02	2380	5
spawn	mal_dun01	2380	5
spawn	iz_dun05	2380	5
spawn	man_fild01	2380	5
spawn	man_fild03	2380	5
spawn	spl_fild02	2380	5
spawn	spl_fild03	2380	5
spawn	man_fild02	2380	5
spawn	spl_fild01	2380	5
spawn	nyd_dun01	2380	5
spawn	bra_fild01	2380	5
spawn	bra_dun01	2380	5
spawn	bra_dun02	2380	5
spawn	dic_fild01	2380	5
spawn	dic_fild02	2380	5
spawn	dic_dun01	2380	5
spawn	dic_dun02	2380	5
spawn	bif_fild01	2380	5
spawn	bif_fild02	2380	5
spawn	abbey01	2380	5
spawn	abbey02	2380	5
spawn	abbey03	2380	5
spawn	abyss_01	2380	5
spawn	abyss_02	2380	5
spawn	abyss_03	2380	5
spawn	alde_dun01	2380	5
spawn	alde_dun02	2380	5
spawn	alde_dun03	2380	5
spawn	alde_dun04	2380	5
spawn	ama_dun01	2380	5
spawn	ama_dun02	2380	5
spawn	ama_dun03	2380	5
spawn	ama_fild01	2380	5
spawn	anthell01	2380	5
spawn	anthell02	2380	5
spawn	ayo_dun01	2380	5
spawn	ayo_dun02	2380	5
spawn	ayo_fild01	2380	5
spawn	ayo_fild02	2380	5
spawn	beach_dun	2380	5
spawn	beach_dun2	2380	5
spawn	beach_dun3	2380	5
spawn	c_tower1	2380	5
spawn	c_tower2	2380	5
spawn	c_tower3	2380	5
spawn	c_tower4	2380	5
spawn	cmd_fild01	2380	5
spawn	cmd_fild02	2380	5
spawn	cmd_fild03	2380	5
spawn	cmd_fild04	2380	5
spawn	cmd_fild06	2380	5
spawn	cmd_fild07	2380	5
spawn	cmd_fild08	2380	5
spawn	cmd_fild09	2380	5
spawn	ein_dun01	2380	5
spawn	ein_dun02	2380	5
spawn	ein_fild03	2380	5
spawn	ein_fild04	2380	5
spawn	ein_fild05	2380	5
spawn	ein_fild06	2380	5
spawn	ein_fild07	2380	5
spawn	ein_fild08	2380	5
spawn	ein_fild09	2380	5
spawn	gef_dun00	2380	5
spawn	gef_dun01	2380	5
spawn	gef_dun02	2380	5
spawn	gef_fild00	2380	5
spawn	gef_fild01	2380	5
spawn	gef_fild02	2380	5
spawn	gef_fild03	2380	5
spawn	gef_fild04	2380	5
spawn	gef_fild05	2380	5
spawn	gef_fild06	2380	5
spawn	gef_fild07	2380	5
spawn	gef_fild08	2380	5
spawn	gef_fild09	2380	5
spawn	gef_fild10	2380	5
spawn	gef_fild11	2380	5
spawn	gef_fild13	2380	5
spawn	gefenia01	2380	5
spawn	gefenia02	2380	5
spawn	gefenia03	2380	5
spawn	gefenia04	2380	5
spawn	gl_cas01	2380	5
spawn	gl_cas02	2380	5
spawn	gl_church	2380	5
spawn	gl_chyard	2380	5
spawn	gl_dun01	2380	5
spawn	gl_dun02	2380	5
spawn	gl_in01	2380	5
spawn	gl_knt01	2380	5
spawn	gl_knt02	2380	5
spawn	gl_prison	2380	5
spawn	gl_prison1	2380	5
spawn	gl_sew01	2380	5
spawn	gl_sew02	2380	5
spawn	gl_sew03	2380	5
spawn	gl_sew04	2380	5
spawn	gl_step	2380	5
spawn	glast_01	2380	5
spawn	gon_dun01	2380	5
spawn	gon_dun02	2380	5
spawn	gon_dun03	2380	5
spawn	gon_fild01	2380	5
spawn	hu_fild01	2380	5
spawn	hu_fild02	2380	5
spawn	hu_fild04	2380	5
spawn	hu_fild05	2380	5
spawn	hu_fild06	2380	5
spawn	ice_dun01	2380	5
spawn	ice_dun02	2380	5
spawn	ice_dun03	2380	5
spawn	in_sphinx1	2380	5
spawn	in_sphinx2	2380	5
spawn	in_sphinx3	2380	5
spawn	in_sphinx4	2380	5
spawn	in_sphinx5	2380	5
spawn	iz_dun00	2380	5
spawn	iz_dun01	2380	5
spawn	iz_dun02	2380	5
spawn	iz_dun03	2380	5
spawn	iz_dun04	2380	5
spawn	jupe_core	2380	5
spawn	juperos_01	2380	5
spawn	juperos_02	2380	5
spawn	kh_dun01	2380	5
spawn	kh_dun02	2380	5
spawn	lhz_dun01	2380	5
spawn	lhz_dun02	2380	5
spawn	lhz_dun03	2380	5
spawn	lhz_fild01	2380	5
spawn	lhz_fild02	2380	5
spawn	lhz_fild03	2380	5
spawn	lou_dun01	2380	5
spawn	lou_dun02	2380	5
spawn	lou_dun03	2380	5
spawn	lou_fild01	2380	5
spawn	mag_dun01	2380	5
spawn	mag_dun02	2380	5
spawn	man_fild02	2380	5
spawn	mjo_dun01	2380	5
spawn	mjo_dun02	2380	5
spawn	mjo_dun03	2380	5
spawn	mjolnir_01	2380	5
spawn	mjolnir_02	2380	5
spawn	mjolnir_03	2380	5
spawn	mjolnir_04	2380	5
spawn	mjolnir_05	2380	5
spawn	mjolnir_06	2380	5
spawn	mjolnir_07	2380	5
spawn	mjolnir_08	2380	5
spawn	mjolnir_09	2380	5
spawn	mjolnir_10	2380	5
spawn	mjolnir_11	2380	5
spawn	mjolnir_12	2380	5
spawn	moc_fild01	2380	5
spawn	moc_fild02	2380	5
spawn	moc_fild03	2380	5
spawn	moc_fild04	2380	5
spawn	moc_fild05	2380	5
spawn	moc_fild06	2380	5
spawn	moc_fild07	2380	5
spawn	moc_fild08	2380	5
spawn	moc_fild09	2380	5
spawn	moc_fild10	2380	5
spawn	moc_fild11	2380	5
spawn	moc_fild12	2380	5
spawn	moc_fild13	2380	5
spawn	moc_fild14	2380	5
spawn	moc_fild15	2380	5
spawn	moc_fild16	2380	5
spawn	moc_fild17	2380	5
spawn	moc_fild18	2380	5
spawn	moc_pryd01	2380	5
spawn	moc_pryd02	2380	5
spawn	moc_pryd03	2380	5
spawn	moc_pryd04	2380	5
spawn	moc_pryd05	2380	5
spawn	moc_pryd06	2380	5
spawn	nameless_n	2380	5
spawn	nif_fild01	2380	5
spawn	nif_fild02	2380	5
spawn	nyd_dun01	2380	5
spawn	odin_tem01	2380	5
spawn	odin_tem02	2380	5
spawn	odin_tem03	2380	5
spawn	orcsdun01	2380	5
spawn	orcsdun02	2380	5
spawn	pay_dun00	2380	5
spawn	pay_dun01	2380	5
spawn	pay_dun02	2380	5
spawn	pay_dun03	2380	5
spawn	pay_dun04	2380	5
spawn	pay_fild01	2380	5
spawn	pay_fild02	2380	5
spawn	pay_fild03	2380	5
spawn	pay_fild04	2380	5
spawn	pay_fild06	2380	5
spawn	pay_fild07	2380	5
spawn	pay_fild08	2380	5
spawn	pay_fild09	2380	5
spawn	pay_fild10	2380	5
spawn	prt_fild00	2380	5
spawn	prt_fild01	2380	5
spawn	prt_fild02	2380	5
spawn	prt_fild03	2380	5
spawn	prt_fild04	2380	5
spawn	prt_fild05	2380	5
spawn	prt_fild06	2380	5
spawn	prt_fild07	2380	5
spawn	prt_fild08	2380	5
spawn	prt_fild09	2380	5
spawn	prt_fild10	2380	5
spawn	prt_fild11	2380	5
spawn	prt_maze01	2380	5
spawn	prt_maze02	2380	5
spawn	prt_maze03	2380	5
spawn	prt_sewb1	2380	5
spawn	prt_sewb2	2380	5
spawn	prt_sewb3	2380	5
spawn	ra_fild01	2380	5
spawn	ra_fild03	2380	5
spawn	ra_fild04	2380	5
spawn	ra_fild05	2380	5
spawn	ra_fild06	2380	5
spawn	ra_fild08	2380	5
spawn	ra_fild12	2380	5
spawn	ra_san01	2380	5
spawn	ra_san02	2380	5
spawn	ra_san03	2380	5
spawn	ra_san04	2380	5
spawn	ra_san05	2380	5
spawn	spl_fild01	2380	5
spawn	tha_t01	2380	5
spawn	tha_t02	2380	5
spawn	tha_t03	2380	5
spawn	tha_t04	2380	5
spawn	tha_t05	2380	5
spawn	tha_t06	2380	5
spawn	tha_t07	2380	5
spawn	tha_t08	2380	5
spawn	tha_t09	2380	5
spawn	tha_t10	2380	5
spawn	tha_t11	2380	5
spawn	tha_t12	2380	5
spawn	thor_v01	2380	5
spawn	thor_v02	2380	5
spawn	thor_v03	2380	5
spawn	treasure01	2380	5
spawn	treasure02	2380	5
spawn	tur_dun01	2380	5
spawn	tur_dun02	2380	5
spawn	tur_dun03	2380	5
spawn	tur_dun04	2380	5
spawn	um_fild01	2380	5
spawn	um_fild02	2380	5
spawn	um_fild03	2380	5
spawn	um_fild04	2380	5
spawn	ve_fild01	2380	5
spawn	ve_fild02	2380	5
spawn	ve_fild03	2380	5
spawn	ve_fild04	2380	5
spawn	ve_fild05	2380	5
spawn	ve_fild07	2380	5
spawn	xmas_dun01	2380	5
spawn	xmas_dun02	2380	5
spawn	xmas_fild01	2380	5
spawn	yuno_fild01	2380	5
spawn	yuno_fild02	2380	5
spawn	yuno_fild03	2380	5
spawn	yuno_fild04	2380	5
spawn	yuno_fild06	2380	5
spawn	yuno_fild07	2380	5
spawn	yuno_fild08	2380	5
spawn	yuno_fild09	2380	5
spawn	yuno_fild10	2380	5
spawn	yuno_fild12	2380	5
spawn	gld_dun01_2	2379	5
spawn	gld_dun02_2	2379	5
spawn	gld_dun03_2	2379	5
spawn	gld_dun04_2	2379	5
spawn	gld2_ald	2379	5
spawn	gld2_gef	2379	5
spawn	gld2_pay	2379	5
spawn	gld2_prt	2379	5
spawn	lhz_dun04	2379	5
spawn	iz_dun05	2379	5
spawn	mal_dun01	2379	5
spawn	dic_dun03	2379	5
spawn	dew_fild01	2379	5
spawn	dew_dun01	2379	5
spawn	dew_dun02	2379	5
spawn	mal_dun01	2379	5
spawn	iz_dun05	2379	5
spawn	man_fild01	2379	5
spawn	man_fild03	2379	5
spawn	spl_fild02	2379	5
spawn	spl_fild03	2379	5
spawn	man_fild02	2379	5
spawn	spl_fild01	2379	5
spawn	nyd_dun01	2379	5
spawn	bra_fild01	2379	5
spawn	bra_dun01	2379	5
spawn	bra_dun02	2379	5
spawn	dic_fild01	2379	5
spawn	dic_fild02	2379	5
spawn	dic_dun01	2379	5
spawn	dic_dun02	2379	5
spawn	bif_fild01	2379	5
spawn	bif_fild02	2379	5
spawn	abbey01	2379	5
spawn	abbey02	2379	5
spawn	abbey03	2379	5
spawn	abyss_01	2379	5
spawn	abyss_02	2379	5
spawn	abyss_03	2379	5
spawn	alde_dun01	2379	5
spawn	alde_dun02	2379	5
spawn	alde_dun03	2379	5
spawn	alde_dun04	2379	5
spawn	ama_dun01	2379	5
spawn	ama_dun02	2379	5
spawn	ama_dun03	2379	5
spawn	ama_fild01	2379	5
spawn	anthell01	2379	5
spawn	anthell02	2379	5
spawn	ayo_dun01	2379	5
spawn	ayo_dun02	2379	5
spawn	ayo_fild01	2379	5
spawn	ayo_fild02	2379	5
spawn	beach_dun	2379	5
spawn	beach_dun2	2379	5
spawn	beach_dun3	2379	5
spawn	c_tower1	2379	5
spawn	c_tower2	2379	5
spawn	c_tower3	2379	5
spawn	c_tower4	2379	5
spawn	cmd_fild01	2379	5
spawn	cmd_fild02	2379	5
spawn	cmd_fild03	2379	5
spawn	cmd_fild04	2379	5
spawn	cmd_fild06	2379	5
spawn	cmd_fild07	2379	5
spawn	cmd_fild08	2379	5
spawn	cmd_fild09	2379	5
spawn	ein_dun01	2379	5
spawn	ein_dun02	2379	5
spawn	ein_fild03	2379	5
spawn	ein_fild04	2379	5
spawn	ein_fild05	2379	5
spawn	ein_fild06	2379	5
spawn	ein_fild07	2379	5
spawn	ein_fild08	2379	5
spawn	ein_fild09	2379	5
spawn	gef_dun00	2379	5
spawn	gef_dun01	2379	5
spawn	gef_dun02	2379	5
spawn	gef_fild00	2379	5
spawn	gef_fild01	2379	5
spawn	gef_fild02	2379	5
spawn	gef_fild03	2379	5
spawn	gef_fild04	2379	5
spawn	gef_fild05	2379	5
spawn	gef_fild06	2379	5
spawn	gef_fild07	2379	5
spawn	gef_fild08	2379	5
spawn	gef_fild09	2379	5
spawn	gef_fild10	2379	5
spawn	gef_fild11	2379	5
spawn	gef_fild13	2379	5
spawn	gefenia01	2379	5
spawn	gefenia02	2379	5
spawn	gefenia03	2379	5
spawn	gefenia04	2379	5
spawn	gl_cas01	2379	5
spawn	gl_cas02	2379	5
spawn	gl_church	2379	5
spawn	gl_chyard	2379	5
spawn	gl_dun01	2379	5
spawn	gl_dun02	2379	5
spawn	gl_in01	2379	5
spawn	gl_knt01	2379	5
spawn	gl_knt02	2379	5
spawn	gl_prison	2379	5
spawn	gl_prison1	2379	5
spawn	gl_sew01	2379	5
spawn	gl_sew02	2379	5
spawn	gl_sew03	2379	5
spawn	gl_sew04	2379	5
spawn	gl_step	2379	5
spawn	glast_01	2379	5
spawn	gon_dun01	2379	5
spawn	gon_dun02	2379	5
spawn	gon_dun03	2379	5
spawn	gon_fild01	2379	5
spawn	hu_fild01	2379	5
spawn	hu_fild02	2379	5
spawn	hu_fild04	2379	5
spawn	hu_fild05	2379	5
spawn	hu_fild06	2379	5
spawn	ice_dun01	2379	5
spawn	ice_dun02	2379	5
spawn	ice_dun03	2379	5
spawn	in_sphinx1	2379	5
spawn	in_sphinx2	2379	5
spawn	in_sphinx3	2379	5
spawn	in_sphinx4	2379	5
spawn	in_sphinx5	2379	5
spawn	iz_dun00	2379	5
spawn	iz_dun01	2379	5
spawn	iz_dun02	2379	5
spawn	iz_dun03	2379	5
spawn	iz_dun04	2379	5
spawn	jupe_core	2379	5
spawn	juperos_01	2379	5
spawn	juperos_02	2379	5
spawn	kh_dun01	2379	5
spawn	kh_dun02	2379	5
spawn	lhz_dun01	2379	5
spawn	lhz_dun02	2379	5
spawn	lhz_dun03	2379	5
spawn	lhz_fild01	2379	5
spawn	lhz_fild02	2379	5
spawn	lhz_fild03	2379	5
spawn	lou_dun01	2379	5
spawn	lou_dun02	2379	5
spawn	lou_dun03	2379	5
spawn	lou_fild01	2379	5
spawn	mag_dun01	2379	5
spawn	mag_dun02	2379	5
spawn	man_fild02	2379	5
spawn	mjo_dun01	2379	5
spawn	mjo_dun02	2379	5
spawn	mjo_dun03	2379	5
spawn	mjolnir_01	2379	5
spawn	mjolnir_02	2379	5
spawn	mjolnir_03	2379	5
spawn	mjolnir_04	2379	5
spawn	mjolnir_05	2379	5
spawn	mjolnir_06	2379	5
spawn	mjolnir_07	2379	5
spawn	mjolnir_08	2379	5
spawn	mjolnir_09	2379	5
spawn	mjolnir_10	2379	5
spawn	mjolnir_11	2379	5
spawn	mjolnir_12	2379	5
spawn	moc_fild01	2379	5
spawn	moc_fild02	2379	5
spawn	moc_fild03	2379	5
spawn	moc_fild04	2379	5
spawn	moc_fild05	2379	5
spawn	moc_fild06	2379	5
spawn	moc_fild07	2379	5
spawn	moc_fild08	2379	5
spawn	moc_fild09	2379	5
spawn	moc_fild10	2379	5
spawn	moc_fild11	2379	5
spawn	moc_fild12	2379	5
spawn	moc_fild13	2379	5
spawn	moc_fild14	2379	5
spawn	moc_fild15	2379	5
spawn	moc_fild16	2379	5
spawn	moc_fild17	2379	5
spawn	moc_fild18	2379	5
spawn	moc_pryd01	2379	5
spawn	moc_pryd02	2379	5
spawn	moc_pryd03	2379	5
spawn	moc_pryd04	2379	5
spawn	moc_pryd05	2379	5
spawn	moc_pryd06	2379	5
spawn	nameless_n	2379	5
spawn	nif_fild01	2379	5
spawn	nif_fild02	2379	5
spawn	nyd_dun01	2379	5
spawn	odin_tem01	2379	5
spawn	odin_tem02	2379	5
spawn	odin_tem03	2379	5
spawn	orcsdun01	2379	5
spawn	orcsdun02	2379	5
spawn	pay_dun00	2379	5
spawn	pay_dun01	2379	5
spawn	pay_dun02	2379	5
spawn	pay_dun03	2379	5
spawn	pay_dun04	2379	5
spawn	pay_fild01	2379	5
spawn	pay_fild02	2379	5
spawn	pay_fild03	2379	5
spawn	pay_fild04	2379	5
spawn	pay_fild06	2379	5
spawn	pay_fild07	2379	5
spawn	pay_fild08	2379	5
spawn	pay_fild09	2379	5
spawn	pay_fild10	2379	5
spawn	prt_fild00	2379	5
spawn	prt_fild01	2379	5
spawn	prt_fild02	2379	5
spawn	prt_fild03	2379	5
spawn	prt_fild04	2379	5
spawn	prt_fild05	2379	5
spawn	prt_fild06	2379	5
spawn	prt_fild07	2379	5
spawn	prt_fild08	2379	5
spawn	prt_fild09	2379	5
spawn	prt_fild10	2379	5
spawn	prt_fild11	2379	5
spawn	prt_maze01	2379	5
spawn	prt_maze02	2379	5
spawn	prt_maze03	2379	5
spawn	prt_sewb1	2379	5
spawn	prt_sewb2	2379	5
spawn	prt_sewb3	2379	5
spawn	ra_fild01	2379	5
spawn	ra_fild03	2379	5
spawn	ra_fild04	2379	5
spawn	ra_fild05	2379	5
spawn	ra_fild06	2379	5
spawn	ra_fild08	2379	5
spawn	ra_fild12	2379	5
spawn	ra_san01	2379	5
spawn	ra_san02	2379	5
spawn	ra_san03	2379	5
spawn	ra_san04	2379	5
spawn	ra_san05	2379	5
spawn	spl_fild01	2379	5
spawn	tha_t01	2379	5
spawn	tha_t02	2379	5
spawn	tha_t03	2379	5
spawn	tha_t04	2379	5
spawn	tha_t05	2379	5
spawn	tha_t06	2379	5
spawn	tha_t07	2379	5
spawn	tha_t08	2379	5
spawn	tha_t09	2379	5
spawn	tha_t10	2379	5
spawn	tha_t11	2379	5
spawn	tha_t12	2379	5
spawn	thor_v01	2379	5
spawn	thor_v02	2379	5
spawn	thor_v03	2379	5
spawn	treasure01	2379	5
spawn	treasure02	2379	5
spawn	tur_dun01	2379	5
spawn	tur_dun02	2379	5
spawn	tur_dun03	2379	5
spawn	tur_dun04	2379	5
spawn	um_fild01	2379	5
spawn	um_fild02	2379	5
spawn	um_fild03	2379	5
spawn	um_fild04	2379	5
spawn	ve_fild01	2379	5
spawn	ve_fild02	2379	5
spawn	ve_fild03	2379	5
spawn	ve_fild04	2379	5
spawn	ve_fild05	2379	5
spawn	ve_fild07	2379	5
spawn	xmas_dun01	2379	5
spawn	xmas_dun02	2379	5
spawn	xmas_fild01	2379	5
spawn	yuno_fild01	2379	5
spawn	yuno_fild02	2379	5
spawn	yuno_fild03	2379	5
spawn	yuno_fild04	2379	5
spawn	yuno_fild06	2379	5
spawn	yuno_fild07	2379	5
spawn	yuno_fild08	2379	5
spawn	yuno_fild09	2379	5
spawn	yuno_fild10	2379	5
spawn	yuno_fild12	2379	5
spawn	ecl_fild01	2380	5
spawn	ecl_fild01	2379	5
spawn	ecl_tdun01	2380	5
spawn	ecl_tdun01	2379	5
spawn	ecl_tdun02	2380	5
spawn	ecl_tdun02	2379	5
spawn	ecl_tdun03	2380	5
spawn	ecl_tdun03	2379	5
spawn	moc_prydn1	2380	5
spawn	moc_prydn1	2379	5
spawn	moc_prydn2	2380	5
spawn	moc_prydn2	2379	5
spawn	prt_fild08a	2380	5
spawn	prt_fild08a	2379	5
spawn	prt_fild08b	2380	5
spawn	prt_fild08b	2379	5
spawn	prt_fild08c	2380	5
spawn	prt_fild08c	2379	5
spawn	prt_fild08d	2380	5
spawn	prt_fild08d	2379	5
spawn	gl_chyard_	2380	5
spawn	gl_chyard_	2379	5
spawn	gl_cas02_	2380	5
spawn	gl_cas02_	2379	5
file	npc/events/dumplingfestival.txt
spawn	gef_fild00	1520	20
spawn	gef_fild07	1520	20
spawn	gef_fild04	1520	20
spawn	gef_fild00	1520	20
spawn	prt_fild06	1520	20
spawn	prt_fild01	1520	20
spawn	prt_fild05	1520	20
spawn	prt_fild08	1520	20
spawn	pay_fild04	1520	20
spawn	moc_fild02	1520	20
spawn	pay_fild01	1520	20
spawn	pay_fild07	1520	20
spawn	moc_fild03	1520	20
spawn	pay_fild06	1520	20
spawn	pay_fild05	1520	20
spawn	pay_fild02	1520	20
spawn	pay_fild09	1520	20
spawn	moc_fild03	1518	1
spawn	moc_fild03	1519	1
spawn	moc_fild13	1519	1
spawn	pay_fild01	1519	1
file	npc/events/halloween_2006.txt
spawn	ra_fild01	1812	3
spawn	ra_fild02	1812	3
spawn	ra_fild03	1812	3
spawn	ra_fild04	1812	3
spawn	ra_fild05	1812	3
spawn	ra_fild06	1812	3
spawn	ra_fild07	1812	3
spawn	ra_fild08	1812	3
spawn	ra_fild09	1812	3
spawn	ra_fild10	1812	3
spawn	ra_fild11	1812	3
spawn	ra_fild12	1812	3
spawn	ra_fild13	1812	3
spawn	ra_san01	1812	3
spawn	ra_san02	1812	3
spawn	ra_san03	1812	3
spawn	ra_san04	1812	3
spawn	ra_san05	1812	3
spawn	ice_dun01	1812	3
spawn	ice_dun02	1812	3
spawn	ice_dun03	1812	3
spawn	odin_tem01	1812	3
spawn	odin_tem02	1812	3
spawn	odin_tem03	1812	3
spawn	kh_kiehl01	1812	3
spawn	kh_dun01	1812	3
spawn	kh_dun02	1812	3
spawn	yuno_fild06	1812	3
spawn	yuno_fild10	1812	3
spawn	ein_fild01	1812	3
spawn	ein_fild02	1812	3
spawn	ein_fild05	1812	3
spawn	hu_fild01	1812	3
spawn	hu_fild02	1812	3
spawn	hu_fild03	1812	3
spawn	hu_fild04	1812	3
spawn	hu_fild05	1812	3
spawn	hu_fild06	1812	3
spawn	hu_fild07	1812	3
spawn	tha_t01	1812	3
spawn	tha_t02	1812	3
spawn	tha_t03	1812	3
spawn	tha_t04	1812	3
spawn	tha_t05	1812	3
spawn	tha_t06	1812	3
spawn	tha_t07	1812	3
spawn	tha_t08	1812	3
spawn	tha_t09	1812	3
spawn	tha_t10	1812	3
spawn	tha_t11	1812	3
spawn	tha_t12	1812	3
spawn	abyss_01	1812	3
spawn	abyss_02	1812	3
spawn	abyss_03	1812	3
spawn	juperos_01	1812	3
spawn	juperos_02	1812	3
spawn	jupe_core	1812	3
spawn	lhz_dun01	1812	3
spawn	lhz_dun02	1812	3
spawn	lhz_dun03	1812	3
spawn	lhz_fild01	1812	3
spawn	lhz_fild02	1812	3
spawn	lhz_fild03	1812	3
spawn	ein_fild03	1812	3
spawn	ein_fild04	1812	3
spawn	ein_fild06	1812	3
spawn	ein_fild07	1812	3
spawn	ein_fild08	1812	3
spawn	ein_fild09	1812	3
spawn	ein_fild10	1812	3
spawn	ein_dun01	1812	3
spawn	ein_dun02	1812	3
spawn	gefenia01	1812	3
spawn	gefenia02	1812	3
spawn	gefenia03	1812	3
spawn	gefenia04	1812	3
spawn	yuno_fild05	1812	3
spawn	yuno_fild07	1812	3
spawn	yuno_fild08	1812	3
spawn	yuno_fild09	1812	3
spawn	yuno_fild11	1812	3
spawn	yuno_fild12	1812	3
spawn	ayo_fild01	1812	3
spawn	ayo_fild02	1812	3
spawn	ayo_dun01	1812	3
spawn	ayo_dun02	1812	3
spawn	gon_dun01	1812	3
spawn	gon_dun02	1812	3
spawn	gon_dun03	1812	3
spawn	ama_dun01	1812	3
spawn	ama_dun02	1812	3
spawn	ama_dun03	1812	3
spawn	lou_fild01	1812	3
spawn	lou_dun01	1812	3
spawn	lou_dun02	1812	3
spawn	lou_dun03	1812	3
spawn	um_fild01	1812	3
spawn	um_fild02	1812	3
spawn	um_fild03	1812	3
spawn	um_fild04	1812	3
spawn	um_dun01	1812	3
spawn	um_dun02	1812	3
spawn	yggdrasil01	1812	3
spawn	mag_dun01	1812	3
spawn	mag_dun02	1812	3
spawn	beach_dun	1812	3
spawn	beach_dun2	1812	3
spawn	beach_dun3	1812	3
spawn	gon_fild01	1812	3
spawn	ama_fild01	1812	3
spawn	yuno_fild01	1812	3
spawn	yuno_fild02	1812	3
spawn	yuno_fild03	1812	3
spawn	yuno_fild04	1812	3
spawn	prt_fild00	1812	3
spawn	prt_fild01	1812	3
spawn	prt_fild02	1812	3
spawn	prt_fild03	1812	3
spawn	prt_fild04	1812	3
spawn	prt_fild05	1812	3
spawn	prt_fild06	1812	3
spawn	prt_fild07	1812	3
spawn	prt_fild08	1812	3
spawn	prt_fild09	1812	3
spawn	prt_fild10	1812	3
spawn	prt_fild11	1812	3
spawn	moc_fild01	1812	3
spawn	moc_fild02	1812	3
spawn	moc_fild03	1812	3
spawn	moc_fild04	1812	3
spawn	moc_fild05	1812	3
spawn	moc_fild06	1812	3
spawn	moc_fild07	1812	3
spawn	moc_fild08	1812	3
spawn	moc_fild09	1812	3
spawn	moc_fild10	1812	3
spawn	moc_fild11	1812	3
spawn	moc_fild12	1812	3
spawn	moc_fild13	1812	3
spawn	moc_fild14	1812	3
spawn	moc_fild15	1812	3
spawn	moc_fild16	1812	3
spawn	moc_fild17	1812	3
spawn	moc_fild18	1812	3
spawn	pay_fild01	1812	3
spawn	pay_fild02	1812	3
spawn	pay_fild03	1812	3
spawn	pay_fild04	1812	3
spawn	pay_fild05	1812	3
spawn	pay_fild06	1812	3
spawn	pay_fild07	1812	3
spawn	pay_fild08	1812	3
spawn	pay_fild09	1812	3
spawn	pay_fild10	1812	3
spawn	pay_fild11	1812	3
spawn	gef_fild00	1812	3
spawn	gef_fild01	1812	3
spawn	gef_fild02	1812	3
spawn	gef_fild03	1812	3
spawn	gef_fild04	1812	3
spawn	gef_fild05	1812	3
spawn	gef_fild06	1812	3
spawn	gef_fild07	1812	3
spawn	gef_fild08	1812	3
spawn	gef_fild09	1812	3
spawn	gef_fild10	1812	3
spawn	gef_fild11	1812	3
spawn	gef_fild12	1812	3
spawn	gef_fild13	1812	3
spawn	gef_fild14	1812	3
spawn	cmd_fild01	1812	3
spawn	cmd_fild02	1812	3
spawn	cmd_fild03	1812	3
spawn	cmd_fild04	1812	3
spawn	cmd_fild05	1812	3
spawn	cmd_fild06	1812	3
spawn	cmd_fild07	1812	3
spawn	cmd_fild08	1812	3
spawn	cmd_fild09	1812	3
spawn	mjolnir_01	1812	3
spawn	mjolnir_02	1812	3
spawn	mjolnir_03	1812	3
spawn	mjolnir_04	1812	3
spawn	mjolnir_05	1812	3
spawn	mjolnir_06	1812	3
spawn	mjolnir_07	1812	3
spawn	mjolnir_08	1812	3
spawn	mjolnir_09	1812	3
spawn	mjolnir_10	1812	3
spawn	mjolnir_11	1812	3
spawn	mjolnir_12	1812	3
spawn	xmas_fild01	1812	3
spawn	sec_in02	1812	3
spawn	gl_dun02	1812	3
spawn	gl_dun01	1812	3
spawn	gl_knt02	1812	3
spawn	gl_knt01	1812	3
spawn	gl_step	1812	3
spawn	gl_sew04	1812	3
spawn	gl_sew03	1812	3
spawn	gl_sew02	1812	3
spawn	gl_sew01	1812	3
spawn	gl_chyard	1812	3
spawn	gl_church	1812	3
spawn	glast_01	1812	3
spawn	gl_prison1	1812	3
spawn	gl_prison	1812	3
spawn	gl_in01	1812	3
spawn	gl_cas02	1812	3
spawn	gl_cas01	1812	3
spawn	tur_dun04	1812	3
spawn	tur_dun03	1812	3
spawn	tur_dun02	1812	3
spawn	tur_dun01	1812	3
spawn	alde_dun04	1812	3
spawn	alde_dun03	1812	3
spawn	alde_dun02	1812	3
spawn	alde_dun01	1812	3
spawn	c_tower1	1812	3
spawn	c_tower2	1812	3
spawn	c_tower3	1812	3
spawn	c_tower4	1812	3
spawn	in_sphinx5	1812	3
spawn	in_sphinx4	1812	3
spawn	in_sphinx3	1812	3
spawn	in_sphinx2	1812	3
spawn	in_sphinx1	1812	3
spawn	prt_maze03	1812	3
spawn	prt_maze02	1812	3
spawn	prt_maze01	1812	3
spawn	treasure02	1812	3
spawn	treasure01	1812	3
spawn	moc_pryd06	1812	3
spawn	moc_pryd05	1812	3
spawn	moc_pryd04	1812	3
spawn	moc_pryd03	1812	3
spawn	moc_pryd02	1812	3
spawn	moc_pryd01	1812	3
spawn	gef_dun02	1812	3
spawn	gef_dun01	1812	3
spawn	gef_dun00	1812	3
spawn	iz_dun00	1812	3
spawn	iz_dun01	1812	3
spawn	iz_dun02	1812	3
spawn	iz_dun03	1812	3
spawn	iz_dun04	1812	3
spawn	pay_dun00	1812	3
spawn	pay_dun01	1812	3
spawn	pay_dun02	1812	3
spawn	pay_dun03	1812	3
spawn	pay_dun04	1812	3
spawn	xmas_dun02	1812	3
spawn	xmas_dun01	1812	3
spawn	anthell02	1812	3
spawn	anthell01	1812	3
spawn	orcsdun02	1812	3
spawn	orcsdun01	1812	3
spawn	mjo_dun03	1812	3
spawn	mjo_dun02	1812	3
spawn	mjo_dun01	1812	3
spawn	prt_sewb4	1812	3
spawn	prt_sewb3	1812	3
spawn	prt_sewb2	1812	3
spawn	prt_sewb1	1812	3
spawn	nif_fild01	1812	3
spawn	nif_fild02	1812	3
file	npc/events/halloween_2008.txt
spawn	evt_zombie	3000	150
spawn	evt_zombie	3001	80
spawn	evt_zombie	3002	20
file	npc/events/halloween_2013.txt
spawn	gld_dun01_2	3202	1
spawn	gld_dun02_2	3202	1
spawn	gld_dun03_2	3202	1
spawn	gld_dun04_2	3202	1
spawn	gld2_ald	3202	1
spawn	gld2_gef	3202	1
spawn	gld2_pay	3202	1
spawn	gld2_prt	3202	1
spawn	lhz_dun04	3202	1
spawn	iz_dun05	3202	1
spawn	mal_dun01	3202	1
spawn	dic_dun03	3202	1
spawn	dew_fild01	3202	1
spawn	dew_dun01	3202	1
spawn	dew_dun02	3202	1
spawn	mal_dun01	3202	1
spawn	iz_dun05	3202	1
spawn	man_fild01	3202	1
spawn	man_fild03	3202	1
spawn	spl_fild02	3202	1
spawn	spl_fild03	3202	1
spawn	man_fild02	3202	1
spawn	spl_fild01	3202	1
spawn	nyd_dun01	3202	1
spawn	bra_fild01	3202	1
spawn	bra_dun01	3202	1
spawn	bra_dun02	3202	1
spawn	dic_fild01	3202	1
spawn	dic_fild02	3202	1
spawn	dic_dun01	3202	1
spawn	dic_dun02	3202	1
spawn	bif_fild01	3202	1
spawn	bif_fild02	3202	1
spawn	abbey01	3202	1
spawn	abbey02	3202	1
spawn	abbey03	3202	1
spawn	abyss_01	3202	1
spawn	abyss_02	3202	1
spawn	abyss_03	3202	1
spawn	alde_dun01	3202	1
spawn	alde_dun02	3202	1
spawn	alde_dun03	3202	1
spawn	alde_dun04	3202	1
spawn	ama_dun01	3202	1
spawn	ama_dun02	3202	1
spawn	ama_dun03	3202	1
spawn	ama_fild01	3202	1
spawn	anthell01	3202	1
spawn	anthell02	3202	1
spawn	ayo_dun01	3202	1
spawn	ayo_dun02	3202	1
spawn	ayo_fild01	3202	1
spawn	ayo_fild02	3202	1
spawn	beach_dun	3202	1
spawn	beach_dun2	3202	1
spawn	beach_dun3	3202	1
spawn	c_tower1	3202	1
spawn	c_tower2	3202	1
spawn	c_tower3	3202	1
spawn	c_tower4	3202	1
spawn	cmd_fild01	3202	1
spawn	cmd_fild02	3202	1
spawn	cmd_fild03	3202	1
spawn	cmd_fild04	3202	1
spawn	cmd_fild06	3202	1
spawn	cmd_fild07	3202	1
spawn	cmd_fild08	3202	1
spawn	cmd_fild09	3202	1
spawn	ein_dun01	3202	1
spawn	ein_dun02	3202	1
spawn	ein_fild03	3202	1
spawn	ein_fild04	3202	1
spawn	ein_fild05	3202	1
spawn	ein_fild06	3202	1
spawn	ein_fild07	3202	1
spawn	ein_fild08	3202	1
spawn	ein_fild09	3202	1
spawn	gef_dun00	3202	1
spawn	gef_dun01	3202	1
spawn	gef_dun02	3202	1
spawn	gef_fild00	3202	1
spawn	gef_fild01	3202	1
spawn	gef_fild02	3202	1
spawn	gef_fild03	3202	1
spawn	gef_fild04	3202	1
spawn	gef_fild05	3202	1
spawn	gef_fild06	3202	1
spawn	gef_fild07	3202	1
spawn	gef_fild08	3202	1
spawn	gef_fild09	3202	1
spawn	gef_fild10	3202	1
spawn	gef_fild11	3202	1
spawn	gef_fild13	3202	1
spawn	gefenia01	3202	1
spawn	gefenia02	3202	1
spawn	gefenia03	3202	1
spawn	gefenia04	3202	1
spawn	gl_cas01	3202	1
spawn	gl_cas02	3202	1
spawn	gl_church	3202	1
spawn	gl_chyard	3202	1
spawn	gl_dun01	3202	1
spawn	gl_dun02	3202	1
spawn	gl_in01	3202	1
spawn	gl_knt01	3202	1
spawn	gl_knt02	3202	1
spawn	gl_prison	3202	1
spawn	gl_prison1	3202	1
spawn	gl_sew01	3202	1
spawn	gl_sew02	3202	1
spawn	gl_sew03	3202	1
spawn	gl_sew04	3202	1
spawn	gl_step	3202	1
spawn	glast_01	3202	1
spawn	gon_dun01	3202	1
spawn	gon_dun02	3202	1
spawn	gon_dun03	3202	1
spawn	gon_fild01	3202	1
spawn	hu_fild01	3202	1
spawn	hu_fild02	3202	1
spawn	hu_fild04	3202	1
spawn	hu_fild05	3202	1
spawn	hu_fild06	3202	1
spawn	ice_dun01	3202	1
spawn	ice_dun02	3202	1
spawn	ice_dun03	3202	1
spawn	in_sphinx1	3202	1
spawn	in_sphinx2	3202	1
spawn	in_sphinx3	3202	1
spawn	in_sphinx4	3202	1
spawn	in_sphinx5	3202	1
spawn	iz_dun00	3202	1
spawn	iz_dun01	3202	1
spawn	iz_dun02	3202	1
spawn	iz_dun03	3202	1
spawn	iz_dun04	3202	1
spawn	jupe_core	3202	1
spawn	juperos_01	3202	1
spawn	juperos_02	3202	1
spawn	kh_dun01	3202	1
spawn	kh_dun02	3202	1
spawn	lhz_dun01	3202	1
spawn	lhz_dun02	3202	1
spawn	lhz_dun03	3202	1
spawn	lhz_fild01	3202	1
spawn	lhz_fild02	3202	1
spawn	lhz_fild03	3202	1
spawn	lou_dun01	3202	1
spawn	lou_dun02	3202	1
spawn	lou_dun03	3202	1
spawn	lou_fild01	3202	1
spawn	mag_dun01	3202	1
spawn	mag_dun02	3202	1
spawn	man_fild02	3202	1
spawn	mjo_dun01	3202	1
spawn	mjo_dun02	3202	1
spawn	mjo_dun03	3202	1
spawn	mjolnir_01	3202	1
spawn	mjolnir_02	3202	1
spawn	mjolnir_03	3202	1
spawn	mjolnir_04	3202	1
spawn	mjolnir_05	3202	1
spawn	mjolnir_06	3202	1
spawn	mjolnir_07	3202	1
spawn	mjolnir_08	3202	1
spawn	mjolnir_09	3202	1
spawn	mjolnir_10	3202	1
spawn	mjolnir_11	3202	1
spawn	mjolnir_12	3202	1
spawn	moc_fild01	3202	1
spawn	moc_fild02	3202	1
spawn	moc_fild03	3202	1
spawn	moc_fild04	3202	1
spawn	moc_fild05	3202	1
spawn	moc_fild06	3202	1
spawn	moc_fild07	3202	1
spawn	moc_fild08	3202	1
spawn	moc_fild09	3202	1
spawn	moc_fild10	3202	1
spawn	moc_fild11	3202	1
spawn	moc_fild12	3202	1
spawn	moc_fild13	3202	1
spawn	moc_fild14	3202	1
spawn	moc_fild15	3202	1
spawn	moc_fild16	3202	1
spawn	moc_fild17	3202	1
spawn	moc_fild18	3202	1
spawn	moc_pryd01	3202	1
spawn	moc_pryd02	3202	1
spawn	moc_pryd03	3202	1
spawn	moc_pryd04	3202	1
spawn	moc_pryd05	3202	1
spawn	moc_pryd06	3202	1
spawn	nameless_n	3202	1
spawn	nif_fild01	3202	1
spawn	nif_fild02	3202	1
spawn	nyd_dun01	3202	1
spawn	odin_tem01	3202	1
spawn	odin_tem02	3202	1
spawn	odin_tem03	3202	1
spawn	orcsdun01	3202	1
spawn	orcsdun02	3202	1
spawn	pay_dun00	3202	1
spawn	pay_dun01	3202	1
spawn	pay_dun02	3202	1
spawn	pay_dun03	3202	1
spawn	pay_dun04	3202	1
spawn	pay_fild01	3202	1
spawn	pay_fild02	3202	1
spawn	pay_fild03	3202	1
spawn	pay_fild04	3202	1
spawn	pay_fild06	3202	1
spawn	pay_fild07	3202	1
spawn	pay_fild08	3202	1
spawn	pay_fild09	3202	1
spawn	pay_fild10	3202	1
spawn	prt_fild00	3202	1
spawn	prt_fild01	3202	1
spawn	prt_fild02	3202	1
spawn	prt_fild03	3202	1
spawn	prt_fild04	3202	1
spawn	prt_fild05	3202	1
spawn	prt_fild06	3202	1
spawn	prt_fild07	3202	1
spawn	prt_fild08	3202	1
spawn	prt_fild09	3202	1
spawn	prt_fild10	3202	1
spawn	prt_fild11	3202	1
spawn	prt_maze01	3202	1
spawn	prt_maze02	3202	1
spawn	prt_maze03	3202	1
spawn	prt_sewb1	3202	1
spawn	prt_sewb2	3202	1
spawn	prt_sewb3	3202	1
spawn	ra_fild01	3202	1
spawn	ra_fild03	3202	1
spawn	ra_fild04	3202	1
spawn	ra_fild05	3202	1
spawn	ra_fild06	3202	1
spawn	ra_fild08	3202	1
spawn	ra_fild12	3202	1
spawn	ra_san01	3202	1
spawn	ra_san02	3202	1
spawn	ra_san03	3202	1
spawn	ra_san04	3202	1
spawn	ra_san05	3202	1
spawn	spl_fild01	3202	1
spawn	tha_t01	3202	1
spawn	tha_t02	3202	1
spawn	tha_t03	3202	1
spawn	tha_t04	3202	1
spawn	tha_t05	3202	1
spawn	tha_t06	3202	1
spawn	tha_t07	3202	1
spawn	tha_t08	3202	1
spawn	tha_t09	3202	1
spawn	tha_t10	3202	1
spawn	tha_t11	3202	1
spawn	tha_t12	3202	1
spawn	thor_v01	3202	1
spawn	thor_v02	3202	1
spawn	thor_v03	3202	1
spawn	treasure01	3202	1
spawn	treasure02	3202	1
spawn	tur_dun01	3202	1
spawn	tur_dun02	3202	1
spawn	tur_dun03	3202	1
spawn	tur_dun04	3202	1
spawn	um_fild01	3202	1
spawn	um_fild02	3202	1
spawn	um_fild03	3202	1
spawn	um_fild04	3202	1
spawn	ve_fild01	3202	1
spawn	ve_fild02	3202	1
spawn	ve_fild03	3202	1
spawn	ve_fild04	3202	1
spawn	ve_fild05	3202	1
spawn	ve_fild07	3202	1
spawn	xmas_dun01	3202	1
spawn	xmas_dun02	3202	1
spawn	xmas_fild01	3202	1
spawn	yuno_fild01	3202	1
spawn	yuno_fild02	3202	1
spawn	yuno_fild03	3202	1
spawn	yuno_fild04	3202	1
spawn	yuno_fild06	3202	1
spawn	yuno_fild07	3202	1
spawn	yuno_fild08	3202	1
spawn	yuno_fild09	3202	1
spawn	yuno_fild10	3202	1
spawn	yuno_fild12	3202	1
spawn	ecl_fild01	3202	1
spawn	ecl_tdun01	3202	1
spawn	ecl_tdun02	3202	1
spawn	ecl_tdun03	3202	1
spawn	moc_prydn1	3202	1
spawn	moc_prydn2	3202	1
spawn	prt_fild08a	3202	1
spawn	prt_fild08b	3202	1
spawn	prt_fild08c	3202	1
spawn	prt_fild08d	3202	1
spawn	gl_chyard_	3202	1
spawn	gl_cas02_	3202	1
spawn	gld_dun01_2	3203	4
spawn	gld_dun02_2	3203	4
spawn	gld_dun03_2	3203	4
spawn	gld_dun04_2	3203	4
spawn	gld2_ald	3203	4
spawn	gld2_gef	3203	4
spawn	gld2_pay	3203	4
spawn	gld2_prt	3203	4
spawn	lhz_dun04	3203	4
spawn	iz_dun05	3203	4
spawn	mal_dun01	3203	4
spawn	dic_dun03	3203	4
spawn	dew_fild01	3203	4
spawn	dew_dun01	3203	4
spawn	dew_dun02	3203	4
spawn	mal_dun01	3203	4
spawn	iz_dun05	3203	4
spawn	man_fild01	3203	4
spawn	man_fild03	3203	4
spawn	spl_fild02	3203	4
spawn	spl_fild03	3203	4
spawn	man_fild02	3203	4
spawn	spl_fild01	3203	4
spawn	nyd_dun01	3203	4
spawn	bra_fild01	3203	4
spawn	bra_dun01	3203	4
spawn	bra_dun02	3203	4
spawn	dic_fild01	3203	4
spawn	dic_fild02	3203	4
spawn	dic_dun01	3203	4
spawn	dic_dun02	3203	4
spawn	bif_fild01	3203	4
spawn	bif_fild02	3203	4
spawn	abbey01	3203	4
spawn	abbey02	3203	4
spawn	abbey03	3203	4
spawn	abyss_01	3203	4
spawn	abyss_02	3203	4
spawn	abyss_03	3203	4
spawn	alde_dun01	3203	4
spawn	alde_dun02	3203	4
spawn	alde_dun03	3203	4
spawn	alde_dun04	3203	4
spawn	ama_dun01	3203	4
spawn	ama_dun02	3203	4
spawn	ama_dun03	3203	4
spawn	ama_fild01	3203	4
spawn	anthell01	3203	4
spawn	anthell02	3203	4
spawn	ayo_dun01	3203	4
spawn	ayo_dun02	3203	4
spawn	ayo_fild01	3203	4
spawn	ayo_fild02	3203	4
spawn	beach_dun	3203	4
spawn	beach_dun2	3203	4
spawn	beach_dun3	3203	4
spawn	c_tower1	3203	4
spawn	c_tower2	3203	4
spawn	c_tower3	3203	4
spawn	c_tower4	3203	4
spawn	cmd_fild01	3203	4
spawn	cmd_fild02	3203	4
spawn	cmd_fild03	3203	4
spawn	cmd_fild04	3203	4
spawn	cmd_fild06	3203	4
spawn	cmd_fild07	3203	4
spawn	cmd_fild08	3203	4
spawn	cmd_fild09	3203	4
spawn	ein_dun01	3203	4
spawn	ein_dun02	3203	4
spawn	ein_fild03	3203	4
spawn	ein_fild04	3203	4
spawn	ein_fild05	3203	4
spawn	ein_fild06	3203	4
spawn	ein_fild07	3203	4
spawn	ein_fild08	3203	4
spawn	ein_fild09	3203	4
spawn	gef_dun00	3203	4
spawn	gef_dun01	3203	4
spawn	gef_dun02	3203	4
spawn	gef_fild00	3203	4
spawn	gef_fild01	3203	4
spawn	gef_fild02	3203	4
spawn	gef_fild03	3203	4
spawn	gef_fild04	3203	4
spawn	gef_fild05	3203	4
spawn	gef_fild06	3203	4
spawn	gef_fild07	3203	4
spawn	gef_fild08	3203	4
spawn	gef_fild09	3203	4
spawn	gef_fild10	3203	4
spawn	gef_fild11	3203	4
spawn	gef_fild13	3203	4
spawn	gefenia01	3203	4
spawn	gefenia02	3203	4
spawn	gefenia03	3203	4
spawn	gefenia04	3203	4
spawn	gl_cas01	3203	4
spawn	gl_cas02	3203	4
spawn	gl_church	3203	4
spawn	gl_chyard	3203	4
spawn	gl_dun01	3203	4
spawn	gl_dun02	3203	4
spawn	gl_in01	3203	4
spawn	gl_knt01	3203	4
spawn	gl_knt02	3203	4
spawn	gl_prison	3203	4
spawn	gl_prison1	3203	4
spawn	gl_sew01	3203	4
spawn	gl_sew02	3203	4
spawn	gl_sew03	3203	4
spawn	gl_sew04	3203	4
spawn	gl_step	3203	4
spawn	glast_01	3203	4
spawn	gon_dun01	3203	4
spawn	gon_dun02	3203	4
spawn	gon_dun03	3203	4
spawn	gon_fild01	3203	4
spawn	hu_fild01	3203	4
spawn	hu_fild02	3203	4
spawn	hu_fild04	3203	4
spawn	hu_fild05	3203	4
spawn	hu_fild06	3203	4
spawn	ice_dun01	3203	4
spawn	ice_dun02	3203	4
spawn	ice_dun03	3203	4
spawn	in_sphinx1	3203	4
spawn	in_sphinx2	3203	4
spawn	in_sphinx3	3203	4
spawn	in_sphinx4	3203	4
spawn	in_sphinx5	3203	4
spawn	iz_dun00	3203	4
spawn	iz_dun01	3203	4
spawn	iz_dun02	3203	4
spawn	iz_dun03	3203	4
spawn	iz_dun04	3203	4
spawn	jupe_core	3203	4
spawn	juperos_01	3203	4
spawn	juperos_02	3203	4
spawn	kh_dun01	3203	4
spawn	kh_dun02	3203	4
spawn	lhz_dun01	3203	4
spawn	lhz_dun02	3203	4
spawn	lhz_dun03	3203	4
spawn	lhz_fild01	3203	4
spawn	lhz_fild02	3203	4
spawn	lhz_fild03	3203	4
spawn	lou_dun01	3203	4
spawn	lou_dun02	3203	4
spawn	lou_dun03	3203	4
spawn	lou_fild01	3203	4
spawn	mag_dun01	3203	4
spawn	mag_dun02	3203	4
spawn	man_fild02	3203	4
spawn	mjo_dun01	3203	4
spawn	mjo_dun02	3203	4
spawn	mjo_dun03	3203	4
spawn	mjolnir_01	3203	4
spawn	mjolnir_02	3203	4
spawn	mjolnir_03	3203	4
spawn	mjolnir_04	3203	4
spawn	mjolnir_05	3203	4
spawn	mjolnir_06	3203	4
spawn	mjolnir_07	3203	4
spawn	mjolnir_08	3203	4
spawn	mjolnir_09	3203	4
spawn	mjolnir_10	3203	4
spawn	mjolnir_11	3203	4
spawn	mjolnir_12	3203	4
spawn	moc_fild01	3203	4
spawn	moc_fild02	3203	4
spawn	moc_fild03	3203	4
spawn	moc_fild04	3203	4
spawn	moc_fild05	3203	4
spawn	moc_fild06	3203	4
spawn	moc_fild07	3203	4
spawn	moc_fild08	3203	4
spawn	moc_fild09	3203	4
spawn	moc_fild10	3203	4
spawn	moc_fild11	3203	4
spawn	moc_fild12	3203	4
spawn	moc_fild13	3203	4
spawn	moc_fild14	3203	4
spawn	moc_fild15	3203	4
spawn	moc_fild16	3203	4
spawn	moc_fild17	3203	4
spawn	moc_fild18	3203	4
spawn	moc_pryd01	3203	4
spawn	moc_pryd02	3203	4
spawn	moc_pryd03	3203	4
spawn	moc_pryd04	3203	4
spawn	moc_pryd05	3203	4
spawn	moc_pryd06	3203	4
spawn	nameless_n	3203	4
spawn	nif_fild01	3203	4
spawn	nif_fild02	3203	4
spawn	nyd_dun01	3203	4
spawn	odin_tem01	3203	4
spawn	odin_tem02	3203	4
spawn	odin_tem03	3203	4
spawn	orcsdun01	3203	4
spawn	orcsdun02	3203	4
spawn	pay_dun00	3203	4
spawn	pay_dun01	3203	4
spawn	pay_dun02	3203	4
spawn	pay_dun03	3203	4
spawn	pay_dun04	3203	4
spawn	pay_fild01	3203	4
spawn	pay_fild02	3203	4
spawn	pay_fild03	3203	4
spawn	pay_fild04	3203	4
spawn	pay_fild06	3203	4
spawn	pay_fild07	3203	4
spawn	pay_fild08	3203	4
spawn	pay_fild09	3203	4
spawn	pay_fild10	3203	4
spawn	prt_fild00	3203	4
spawn	prt_fild01	3203	4
spawn	prt_fild02	3203	4
spawn	prt_fild03	3203	4
spawn	prt_fild04	3203	4
spawn	prt_fild05	3203	4
spawn	prt_fild06	3203	4
spawn	prt_fild07	3203	4
spawn	prt_fild08	3203	4
spawn	prt_fild09	3203	4
spawn	prt_fild10	3203	4
spawn	prt_fild11	3203	4
spawn	prt_maze01	3203	4
spawn	prt_maze02	3203	4
spawn	prt_maze03	3203	4
spawn	prt_sewb1	3203	4
spawn	prt_sewb2	3203	4
spawn	prt_sewb3	3203	4
spawn	ra_fild01	3203	4
spawn	ra_fild03	3203	4
spawn	ra_fild04	3203	4
spawn	ra_fild05	3203	4
spawn	ra_fild06	3203	4
spawn	ra_fild08	3203	4
spawn	ra_fild12	3203	4
spawn	ra_san01	3203	4
spawn	ra_san02	3203	4
spawn	ra_san03	3203	4
spawn	ra_san04	3203	4
spawn	ra_san05	3203	4
spawn	spl_fild01	3203	4
spawn	tha_t01	3203	4
spawn	tha_t02	3203	4
spawn	tha_t03	3203	4
spawn	tha_t04	3203	4
spawn	tha_t05	3203	4
spawn	tha_t06	3203	4
spawn	tha_t07	3203	4
spawn	tha_t08	3203	4
spawn	tha_t09	3203	4
spawn	tha_t10	3203	4
spawn	tha_t11	3203	4
spawn	tha_t12	3203	4
spawn	thor_v01	3203	4
spawn	thor_v02	3203	4
spawn	thor_v03	3203	4
spawn	treasure01	3203	4
spawn	treasure02	3203	4
spawn	tur_dun01	3203	4
spawn	tur_dun02	3203	4
spawn	tur_dun03	3203	4
spawn	tur_dun04	3203	4
spawn	um_fild01	3203	4
spawn	um_fild02	3203	4
spawn	um_fild03	3203	4
spawn	um_fild04	3203	4
spawn	ve_fild01	3203	4
spawn	ve_fild02	3203	4
spawn	ve_fild03	3203	4
spawn	ve_fild04	3203	4
spawn	ve_fild05	3203	4
spawn	ve_fild07	3203	4
spawn	xmas_dun01	3203	4
spawn	xmas_dun02	3203	4
spawn	xmas_fild01	3203	4
spawn	yuno_fild01	3203	4
spawn	yuno_fild02	3203	4
spawn	yuno_fild03	3203	4
spawn	yuno_fild04	3203	4
spawn	yuno_fild06	3203	4
spawn	yuno_fild07	3203	4
spawn	yuno_fild08	3203	4
spawn	yuno_fild09	3203	4
spawn	yuno_fild10	3203	4
spawn	yuno_fild12	3203	4
spawn	ecl_fild01	3203	4
spawn	ecl_tdun01	3203	4
spawn	ecl_tdun02	3203	4
spawn	ecl_tdun03	3203	4
spawn	moc_prydn1	3203	4
spawn	moc_prydn2	3203	4
spawn	prt_fild08a	3203	4
spawn	prt_fild08b	3203	4
spawn	prt_fild08c	3203	4
spawn	prt_fild08d	3203	4
spawn	gl_chyard_	3203	4
spawn	gl_cas02_	3203	4
file	npc/events/xmas.txt
spawn	prt_fild11	1245	5
spawn	gef_fild11	1245	5
spawn	yuno_fild09	1245	5
spawn	ein_fild03	1062	15
spawn	ein_fild04	1062	15
spawn	ein_fild06	1062	15
spawn	ein_fild07	1062	15
spawn	ein_fild08	1062	15
spawn	ein_fild09	1062	15
spawn	ein_fild10	1062	15
spawn	gef_fild00	1062	15
spawn	gef_fild01	1062	15
spawn	gef_fild02	1062	15
spawn	gef_fild03	1062	15
spawn	gef_fild04	1062	15
spawn	gef_fild05	1062	15
spawn	gef_fild07	1062	15
spawn	gef_fild08	1062	15
spawn	gef_fild09	1062	15
spawn	gef_fild10	1062	15
spawn	gef_fild11	1062	15
spawn	gef_fild12	1062	15
spawn	gef_fild13	1062	15
spawn	gef_fild14	1062	15
spawn	glast_01	1062	15
spawn	lhz_fild01	1062	15
spawn	lhz_fild02	1062	15
spawn	lhz_fild03	1062	15
spawn	mjolnir_01	1062	15
spawn	mjolnir_02	1062	15
spawn	mjolnir_03	1062	15
spawn	mjolnir_04	1062	15
spawn	mjolnir_05	1062	15
spawn	mjolnir_06	1062	15
spawn	mjolnir_07	1062	15
spawn	mjolnir_08	1062	15
spawn	mjolnir_09	1062	15
spawn	mjolnir_10	1062	15
spawn	mjolnir_11	1062	15
spawn	mjolnir_12	1062	15
spawn	moc_fild01	1062	15
spawn	moc_fild02	1062	15
spawn	moc_fild03	1062	15
spawn	moc_fild04	1062	15
spawn	moc_fild05	1062	15
spawn	moc_fild06	1062	15
spawn	moc_fild07	1062	15
spawn	moc_fild08	1062	15
spawn	moc_fild09	1062	15
spawn	moc_fild10	1062	15
spawn	moc_fild11	1062	15
spawn	moc_fild12	1062	15
spawn	moc_fild13	1062	15
spawn	moc_fild14	1062	15
spawn	moc_fild15	1062	15
spawn	moc_fild16	1062	15
spawn	moc_fild17	1062	15
spawn	moc_fild18	1062	15
spawn	pay_fild01	1062	15
spawn	pay_fild02	1062	15
spawn	pay_fild03	1062	15
spawn	pay_fild04	1062	15
spawn	pay_fild05	1062	15
spawn	pay_fild06	1062	15
spawn	pay_fild07	1062	15
spawn	pay_fild08	1062	15
spawn	pay_fild09	1062	15
spawn	pay_fild10	1062	15
spawn	pay_fild11	1062	15
spawn	prt_fild00	1062	15
spawn	prt_fild01	1062	15
spawn	prt_fild02	1062	15
spawn	prt_fild03	1062	15
spawn	prt_fild04	1062	15
spawn	prt_fild05	1062	15
spawn	prt_fild06	1062	15
spawn	prt_fild07	1062	15
spawn	prt_fild08	1062	15
spawn	prt_fild09	1062	15
spawn	prt_fild10	1062	15
spawn	prt_fild11	1062	15
spawn	xmas_fild01	1062	15
spawn	cmd_fild01	1062	15
spawn	cmd_fild02	1062	15
spawn	cmd_fild03	1062	15
spawn	cmd_fild04	1062	15
spawn	cmd_fild05	1062	15
spawn	cmd_fild06	1062	15
spawn	cmd_fild07	1062	15
spawn	cmd_fild08	1062	15
spawn	cmd_fild09	1062	15
spawn	yuno_fild01	1062	15
spawn	yuno_fild02	1062	15
spawn	yuno_fild03	1062	15
spawn	yuno_fild04	1062	15
spawn	yuno_fild05	1062	15
spawn	yuno_fild06	1062	15
spawn	yuno_fild07	1062	15
spawn	yuno_fild08	1062	15
spawn	yuno_fild09	1062	15
spawn	yuno_fild11	1062	15
spawn	yuno_fild12	1062	15
spawn	ama_fild01	1062	15
spawn	gon_fild01	1062	15
spawn	um_fild01	1062	15
spawn	um_fild02	1062	15
spawn	um_fild03	1062	15
spawn	um_fild04	1062	15
spawn	nif_fild01	1062	15
spawn	nif_fild02	1062	15
spawn	lou_fild01	1062	15
spawn	hu_fild01	1062	15
spawn	hu_fild04	1062	15
spawn	hu_fild05	1062	15
spawn	hu_fild07	1062	15
spawn	ein_fild03	1247	1
spawn	ein_fild04	1247	1
spawn	ein_fild06	1247	1
spawn	ein_fild07	1247	1
spawn	ein_fild08	1247	1
spawn	ein_fild09	1247	1
spawn	ein_fild10	1247	1
spawn	gef_fild00	1247	1
spawn	gef_fild01	1247	1
spawn	gef_fild02	1247	1
spawn	gef_fild03	1247	1
spawn	gef_fild04	1247	1
spawn	gef_fild05	1247	1
spawn	gef_fild07	1247	1
spawn	gef_fild08	1247	1
spawn	gef_fild09	1247	1
spawn	gef_fild10	1247	1
spawn	gef_fild11	1247	1
spawn	gef_fild12	1247	1
spawn	gef_fild13	1247	1
spawn	gef_fild14	1247	1
spawn	glast_01	1247	1
spawn	lhz_fild01	1247	1
spawn	lhz_fild02	1247	1
spawn	lhz_fild03	1247	1
spawn	mjolnir_01	1247	1
spawn	mjolnir_02	1247	1
spawn	mjolnir_03	1247	1
spawn	mjolnir_04	1247	1
spawn	mjolnir_05	1247	1
spawn	mjolnir_06	1247	1
spawn	mjolnir_07	1247	1
spawn	mjolnir_08	1247	1
spawn	mjolnir_09	1247	1
spawn	mjolnir_10	1247	1
spawn	mjolnir_11	1247	1
spawn	mjolnir_12	1247	1
spawn	moc_fild01	1247	1
spawn	moc_fild02	1247	1
spawn	moc_fild03	1247	1
spawn	moc_fild04	1247	1
spawn	moc_fild05	1247	1
spawn	moc_fild06	1247	1
spawn	moc_fild07	1247	1
spawn	moc_fild08	1247	1
spawn	moc_fild09	1247	1
spawn	moc_fild10	1247	1
spawn	moc_fild11	1247	1
spawn	moc_fild12	1247	1
spawn	moc_fild13	1247	1
spawn	moc_fild14	1247	1
spawn	moc_fild15	1247	1
spawn	moc_fild16	1247	1
spawn	moc_fild17	1247	1
spawn	moc_fild18	1247	1
spawn	pay_fild01	1247	1
spawn	pay_fild02	1247	1
spawn	pay_fild03	1247	1
spawn	pay_fild04	1247	1
spawn	pay_fild05	1247	1
spawn	pay_fild06	1247	1
spawn	pay_fild07	1247	1
spawn	pay_fild08	1247	1
spawn	pay_fild09	1247	1
spawn	pay_fild10	1247	1
spawn	pay_fild11	1247	1
spawn	prt_fild00	1247	1
spawn	prt_fild01	1247	1
spawn	prt_fild02	1247	1
spawn	prt_fild03	1247	1
spawn	prt_fild04	1247	1
spawn	prt_fild05	1247	1
spawn	prt_fild06	1247	1
spawn	prt_fild07	1247	1
spawn	prt_fild08	1247	1
spawn	prt_fild09	1247	1
spawn	prt_fild10	1247	1
spawn	prt_fild11	1247	1
spawn	xmas_fild01	1247	1
spawn	cmd_fild01	1247	1
spawn	cmd_fild02	1247	1
spawn	cmd_fild03	1247	1
spawn	cmd_fild04	1247	1
spawn	cmd_fild05	1247	1
spawn	cmd_fild06	1247	1
spawn	cmd_fild07	1247	1
spawn	cmd_fild08	1247	1
spawn	cmd_fild09	1247	1
spawn	yuno_fild01	1247	1
spawn	yuno_fild02	1247	1
spawn	yuno_fild03	1247	1
spawn	yuno_fild04	1247	1
spawn	yuno_fild05	1247	1
spawn	yuno_fild06	1247	1
spawn	yuno_fild07	1247	1
spawn	yuno_fild08	1247	1
spawn	yuno_fild09	1247	1
spawn	yuno_fild11	1247	1
spawn	yuno_fild12	1247	1
spawn	ama_fild01	1247	1
spawn	gon_fild01	1247	1
spawn	um_fild01	1247	1
spawn	um_fild02	1247	1
spawn	um_fild03	1247	1
spawn	um_fild04	1247	1
spawn	nif_fild01	1247	1
spawn	nif_fild02	1247	1
spawn	lou_fild01	1247	1
spawn	hu_fild01	1247	1
spawn	hu_fild04	1247	1
spawn	hu_fild05	1247	1
spawn	hu_fild07	1247	1
spawn	gef_dun01	1244	5
spawn	gef_fild02	1588	5
spawn	gef_fild03	1588	5
spawn	gef_fild10	1588	5
spawn	gef_fild14	1588	5
spawn	alde_dun02	1588	5
file	npc/jobs/2-2/monk.txt
spawn	job_monk	1182	70
spawn	job_monk	1051	20
file	npc/mobs/jail.txt
spawn	sec_in02	1002	5
spawn	sec_in02	1242	5
spawn	sec_in02	1031	5
spawn	sec_in02	1113	5
spawn	sec_in02	1060	10
spawn	sec_in02	1118	10
file	npc/mobs/pvp.txt
spawn	pvp_n_8-1	1037	2
spawn	pvp_n_8-1	1060	2
spawn	pvp_n_8-2	1209	4
spawn	pvp_n_8-3	1179	3
spawn	pvp_n_8-3	1186	2
spawn	pvp_n_8-4	1015	4
spawn	pvp_n_8-4	1036	3
spawn	pvp_n_8-5	1132	1
spawn	pvp_n_8-5	1163	2
file	npc/mobs/towns.txt
spawn	einbech	1175	5
spawn	jawaii	1158	3
spawn	jawaii	1266	2
spawn	jawaii	1266	1
spawn	jawaii	1074	1
spawn	jawaii	1074	2
spawn	jawaii_in	1085	1
spawn	jawaii_in	1084	1
spawn	jawaii_in	1084	2
spawn	lhz_in01	1085	1
file	npc/pre-re/jobs/1-1/swordman.txt
spawn	job_sword1	1183	20
spawn	job_sword1	1184	3
spawn	job_sword1	1184	3
spawn	job_sword1	1184	3
spawn	job_sword1	1184	3
spawn	job_sword1	1184	2
spawn	job_sword1	1184	2
spawn	job_sword1	1184	2
spawn	job_sword1	1184	2
spawn	job_sword1	1184	5
spawn	job_sword1	1184	2
spawn	job_sword1	1184	2
spawn	job_sword1	1184	3
spawn	job_sword1	1184	2
spawn	job_sword1	1184	2
spawn	job_sword1	1184	2
spawn	job_sword1	1184	2
spawn	job_sword1	1184	2
file	npc/pre-re/jobs/1-1/thief.txt
spawn	job_thief1	1182	180
spawn	job_thief1	1184	50
spawn	job_thief1	1183	50
spawn	job_thief1	1014	30
file	npc/pre-re/jobs/novice/novice.txt
spawn	new_1-3	1002	10
spawn	new_1-3	1113	10
spawn	new_1-3	1063	10
spawn	new_1-3	1011	10
spawn	new_2-3	1009	10
spawn	new_2-3	1050	10
spawn	new_2-3	1010	10
spawn	new_2-3	1012	10
spawn	new_3-3	1009	10
spawn	new_3-3	1050	10
spawn	new_3-3	1010	10
spawn	new_3-3	1012	10
spawn	new_4-3	1052	10
spawn	new_4-3	1051	10
spawn	new_4-3	1053	10
spawn	new_4-3	1014	10
spawn	new_5-3	1052	10
spawn	new_5-3	1051	1
spawn	new_5-3	1053	1
spawn	new_5-3	1014	1
spawn	new_1-3	1184	5
spawn	new_2-3	1184	5
spawn	new_3-3	1184	5
spawn	new_4-3	1184	5
spawn	new_5-3	1184	5
file	npc/pre-re/mobs/citycleaners.txt
spawn	payon_in02	1051	7
spawn	jawaii_in	1051	1
spawn	jawaii_in	1051	1
spawn	prontera	1261	1
spawn	morocc	1261	1
spawn	alberta	1261	1
spawn	aldebaran	1261	1
spawn	geffen	1261	1
spawn	payon	1261	1
spawn	comodo	1261	1
spawn	izlude	1261	1
spawn	yuno	1261	1
spawn	einbroch	1261	1
spawn	lighthalzen	1261	1
spawn	hugel	1261	1
spawn	umbala	1261	1
spawn	amatsu	1261	1
spawn	gonryun	1261	1
spawn	louyang	1261	1
spawn	ayothaya	1261	1
spawn	moscovia	1261	1
spawn	einbech	1261	1
file	npc/pre-re/mobs/dungeons/abbey.txt
spawn	nameless_n	1864	3
spawn	nameless_n	1865	3
spawn	nameless_n	1866	5
spawn	nameless_n	1867	4
spawn	nameless_n	1869	1
spawn	nameless_n	1036	10
spawn	nameless_n	1864	5
spawn	nameless_n	1865	5
spawn	nameless_n	1866	5
spawn	nameless_n	1867	4
spawn	nameless_n	1869	1
spawn	nameless_n	1036	10
spawn	nameless_n	1864	2
spawn	nameless_n	1865	2
spawn	nameless_n	1866	5
spawn	nameless_n	1867	4
spawn	nameless_n	1869	1
spawn	nameless_n	1036	10
spawn	nameless_n	1864	2
spawn	nameless_n	1865	2
spawn	nameless_n	1866	2
spawn	nameless_n	1867	4
spawn	nameless_n	1036	10
spawn	abbey01	1867	30
spawn	abbey01	1867	30
spawn	abbey01	1866	15
spawn	abbey01	1864	10
spawn	abbey01	1865	10
spawn	abbey01	1869	9
spawn	abbey01	1036	10
spawn	abbey01	1867	3
spawn	abbey01	1866	2
spawn	abbey01	1864	3
spawn	abbey01	1865	3
spawn	abbey01	1869	2
spawn	abbey01	1036	4
spawn	abbey01	1867	3
spawn	abbey01	1866	1
spawn	abbey01	1864	1
spawn	abbey01	1865	2
spawn	abbey01	1869	1
spawn	abbey01	1036	4
spawn	abbey01	1867	10
spawn	abbey01	1866	5
spawn	abbey01	1864	7
spawn	abbey01	1865	7
spawn	abbey01	1869	3
spawn	abbey01	1036	10
spawn	abbey01	1867	3
spawn	abbey01	1864	3
spawn	abbey01	1865	3
spawn	abbey01	1869	1
spawn	abbey01	1036	10
spawn	abbey01	1864	4
spawn	abbey01	1865	4
spawn	abbey01	1869	3
spawn	abbey01	1036	10
spawn	abbey01	1867	7
spawn	abbey01	1866	1
spawn	abbey01	1864	1
spawn	abbey01	1865	2
spawn	abbey01	1869	1
spawn	abbey01	1036	4
spawn	abbey01	1867	7
spawn	abbey01	1866	1
spawn	abbey01	1864	1
spawn	abbey01	1865	2
spawn	abbey01	1869	1
spawn	abbey01	1036	4
spawn	abbey02	1864	30
spawn	abbey02	1865	10
spawn	abbey02	1869	3
spawn	abbey02	1870	1
spawn	abbey02	1864	30
spawn	abbey02	1865	10
spawn	abbey02	1869	3
spawn	abbey02	1870	1
spawn	abbey02	1864	30
spawn	abbey02	1865	10
spawn	abbey02	1869	3
spawn	abbey02	1870	1
spawn	abbey02	1871	1
spawn	abbey02	1864	30
spawn	abbey02	1865	10
spawn	abbey02	1869	3
spawn	abbey02	1870	1
spawn	abbey02	1864	30
spawn	abbey02	1865	10
spawn	abbey02	1869	3
spawn	abbey02	1870	1
spawn	abbey02	1864	30
spawn	abbey02	1865	10
spawn	abbey02	1869	3
spawn	abbey02	1870	1
spawn	abbey02	1864	30
spawn	abbey02	1865	10
spawn	abbey02	1869	3
spawn	abbey02	1870	1
spawn	abbey03	1873	1
spawn	abbey03	1870	10
spawn	abbey03	1867	10
spawn	abbey03	1869	5
spawn	abbey03	1870	20
spawn	abbey03	1867	10
spawn	abbey03	1869	10
spawn	abbey03	1870	30
spawn	abbey03	1867	10
spawn	abbey03	1869	10
file	npc/pre-re/mobs/dungeons/abyss.txt
spawn	abyss_01	1191	10
spawn	abyss_01	1699	10
spawn	abyss_01	1714	10
spawn	abyss_01	1717	25
spawn	abyss_01	1715	3
spawn	abyss_01	1718	3
spawn	abyss_01	1714	10
spawn	abyss_01	1717	15
spawn	abyss_01	1715	3
spawn	abyss_01	1718	3
spawn	abyss_01	1714	10
spawn	abyss_01	1717	15
spawn	abyss_01	1715	3
spawn	abyss_01	1718	3
spawn	abyss_01	1216	15
spawn	abyss_01	1216	5
spawn	abyss_01	1216	10
spawn	abyss_01	1721	3
spawn	abyss_01	1721	5
spawn	abyss_02	1191	10
spawn	abyss_02	1699	10
spawn	abyss_02	1714	50
spawn	abyss_02	1713	10
spawn	abyss_02	1716	60
spawn	abyss_02	1715	5
spawn	abyss_02	1718	5
spawn	abyss_02	1721	10
spawn	abyss_03	1191	10
spawn	abyss_03	1699	10
spawn	abyss_03	1713	60
spawn	abyss_03	1716	10
spawn	abyss_03	1714	10
spawn	abyss_03	1717	10
spawn	abyss_03	1721	10
spawn	abyss_03	1720	3
spawn	abyss_03	1719	1
file	npc/pre-re/mobs/dungeons/alde_dun.txt
spawn	alde_dun01	1194	50
spawn	alde_dun01	1111	40
spawn	alde_dun02	1213	50
spawn	alde_dun02	1189	20
spawn	alde_dun02	1211	20
spawn	alde_dun02	1194	20
spawn	alde_dun03	1209	25
spawn	alde_dun03	1111	20
spawn	alde_dun03	1209	3
spawn	alde_dun03	1216	45
spawn	alde_dun03	1209	10
spawn	alde_dun03	1111	10
spawn	alde_dun03	1216	3
spawn	alde_dun03	1216	2
spawn	alde_dun03	1216	2
spawn	alde_dun03	1209	5
spawn	alde_dun03	1111	5
spawn	alde_dun03	1216	4
spawn	alde_dun03	1209	10
spawn	alde_dun03	1111	10
spawn	alde_dun03	1216	7
spawn	alde_dun03	1216	2
spawn	alde_dun03	1216	4
spawn	alde_dun03	1216	5
spawn	alde_dun03	1209	3
spawn	alde_dun03	1216	5
spawn	alde_dun03	1216	3
spawn	alde_dun03	1216	3
spawn	alde_dun03	1111	10
spawn	alde_dun04	1102	50
spawn	alde_dun04	1131	10
spawn	alde_dun04	1205	1
spawn	alde_dun04	1203	1
spawn	alde_dun04	1204	1
spawn	alde_dun04	1179	10
file	npc/pre-re/mobs/dungeons/ama_dun.txt
spawn	ama_dun01	1404	65
spawn	ama_dun01	1403	45
spawn	ama_dun01	1401	2
spawn	ama_dun02	1402	35
spawn	ama_dun02	1403	20
spawn	ama_dun02	1404	5
spawn	ama_dun02	1401	2
spawn	ama_dun02	1129	10
spawn	ama_dun02	1375	1
spawn	ama_dun03	1401	35
spawn	ama_dun03	1403	25
spawn	ama_dun03	1404	1
spawn	ama_dun03	1405	40
spawn	ama_dun03	1191	5
spawn	ama_dun03	1375	20
spawn	ama_dun03	1492	1
spawn	ama_dun03	1401	20
spawn	ama_dun03	1405	15
file	npc/pre-re/mobs/dungeons/anthell.txt
spawn	anthell01	1005	20
spawn	anthell01	1095	15
spawn	anthell01	1160	50
spawn	anthell01	1105	40
spawn	anthell01	1176	10
spawn	anthell01	1121	1
spawn	anthell01	1289	1
spawn	anthell01	1097	1
spawn	anthell01	1097	1
spawn	anthell01	1097	1
spawn	anthell01	1097	1
spawn	anthell01	1097	1
spawn	anthell01	1097	1
spawn	anthell01	1097	1
spawn	anthell01	1097	1
spawn	anthell01	1097	1
spawn	anthell01	1097	1
spawn	anthell01	1097	1
spawn	anthell01	1097	1
spawn	anthell01	1097	1
spawn	anthell01	1097	1
spawn	anthell01	1097	1
spawn	anthell01	1097	1
spawn	anthell01	1097	1
spawn	anthell01	1097	1
spawn	anthell01	1097	1
spawn	anthell01	1097	1
spawn	anthell01	1097	1
spawn	anthell01	1097	1
spawn	anthell01	1097	1
spawn	anthell01	1097	1
spawn	anthell01	1097	1
spawn	anthell01	1097	1
spawn	anthell01	1097	1
spawn	anthell01	1097	1
spawn	anthell01	1097	1
spawn	anthell01	1097	1
spawn	anthell01	1097	1
spawn	anthell01	1097	1
spawn	anthell01	1097	1
spawn	anthell01	1097	1
spawn	anthell01	1097	1
spawn	anthell01	1097	1
spawn	anthell01	1097	1
spawn	anthell01	1097	1
spawn	anthell01	1097	1
spawn	anthell01	1097	1
spawn	anthell01	1097	1
spawn	anthell01	1097	1
spawn	anthell01	1097	1
spawn	anthell01	1097	1
spawn	anthell01	1097	1
spawn	anthell01	1097	1
spawn	anthell01	1097	1
spawn	anthell01	1097	1
spawn	anthell01	1097	1
spawn	anthell01	1097	1
spawn	anthell01	1097	1
spawn	anthell01	1097	1
spawn	anthell01	1097	1
spawn	anthell01	1097	1
spawn	anthell01	1097	1
spawn	anthell01	1097	1
spawn	anthell01	1097	1
spawn	anthell01	1097	1
spawn	anthell01	1097	1
spawn	anthell01	1097	1
spawn	anthell01	1097	1
spawn	anthell01	1097	1
spawn	anthell01	1097	1
spawn	anthell01	1097	1
spawn	anthell01	1097	1
spawn	anthell01	1097	1
spawn	anthell01	1097	1
spawn	anthell01	1097	1
spawn	anthell01	1097	1
spawn	anthell01	1097	1
spawn	anthell01	1097	1
spawn	anthell01	1097	1
spawn	anthell01	1097	1
spawn	anthell01	1097	1
spawn	anthell01	1097	1
spawn	anthell01	1097	1
spawn	anthell01	1097	1
spawn	anthell01	1097	1
spawn	anthell01	1097	1
spawn	anthell01	1097	1
spawn	anthell01	1097	1
spawn	anthell01	1097	1
spawn	anthell01	1097	1
spawn	anthell01	1097	1
spawn	anthell01	1097	1
spawn	anthell01	1097	1
spawn	anthell01	1097	1
spawn	anthell02	1097	15
spawn	anthell02	1005	20
spawn	anthell02	1095	50
spawn	anthell02	1160	15
spawn	anthell02	1105	15
spawn	anthell02	1176	30
spawn	anthell02	1121	3
spawn	anthell02	1147	1
file	npc/pre-re/mobs/dungeons/ayo_dun.txt
spawn	ayo_dun01	1586	65
spawn	ayo_dun01	1179	10
spawn	ayo_dun01	1587	5
spawn	ayo_dun01	1036	30
spawn	ayo_dun02	1584	100
spawn	ayo_dun02	1179	20
spawn	ayo_dun02	1587	20
spawn	ayo_dun02	1688	1
file	npc/pre-re/mobs/dungeons/beach_dun.txt
spawn	beach_dun	1148	60
spawn	beach_dun	1264	3
spawn	beach_dun	1255	20
spawn	beach_dun	1256	20
spawn	beach_dun	1583	1
spawn	beach_dun2	1274	15
spawn	beach_dun2	1255	10
spawn	beach_dun2	1278	65
spawn	beach_dun2	1279	20
spawn	beach_dun2	1068	10
spawn	beach_dun3	1255	1
spawn	beach_dun3	1034	50
spawn	beach_dun3	1068	30
spawn	beach_dun3	1064	30
file	npc/pre-re/mobs/dungeons/bra_dun.txt
spawn	bra_dun01	2069	60
spawn	bra_dun01	2070	100
spawn	bra_dun01	1068	10
spawn	bra_dun01	1161	10
spawn	bra_dun01	1141	10
spawn	bra_dun01	1084	10
spawn	bra_dun02	2069	120
spawn	bra_dun02	2070	80
spawn	bra_dun02	1068	20
spawn	bra_dun02	1161	20
spawn	bra_dun02	1141	10
spawn	bra_dun02	1084	10
spawn	bra_dun02	2068	1
file	npc/pre-re/mobs/dungeons/c_tower.txt
spawn	c_tower1	1199	70
spawn	c_tower1	1195	70
spawn	c_tower1	1270	1
spawn	c_tower1	1102	1
spawn	c_tower2	1199	40
spawn	c_tower2	1269	40
spawn	c_tower2	1195	7
spawn	c_tower2	1195	1
spawn	c_tower2	1195	1
spawn	c_tower2	1195	1
spawn	c_tower2	1195	1
spawn	c_tower2	1195	1
spawn	c_tower2	1191	3
spawn	c_tower2	1270	1
spawn	c_tower2	1377	1
spawn	c_tower2	1377	1
spawn	c_tower3	1193	80
spawn	c_tower3	1195	5
spawn	c_tower3	1195	1
spawn	c_tower3	1191	7
spawn	c_tower3	1270	3
spawn	c_tower4	1270	2
spawn	c_tower4	1270	1
spawn	c_tower4	1179	5
spawn	c_tower4	1377	1
spawn	c_tower4	1377	1
spawn	c_tower4	1193	6
spawn	c_tower4	1193	6
spawn	c_tower4	1193	6
spawn	c_tower4	1193	6
spawn	c_tower4	1193	6
spawn	c_tower4	1269	7
spawn	c_tower4	1269	7
spawn	c_tower4	1269	7
spawn	c_tower4	1269	7
spawn	c_tower4	1269	7
spawn	c_tower4	1320	3
spawn	c_tower4	1320	3
spawn	c_tower4	1320	3
spawn	c_tower4	1320	3
spawn	c_tower4	1320	3
spawn	c_tower4	1320	3
spawn	c_tower4	1320	3
spawn	c_tower4	1320	3
spawn	c_tower4	1320	3
spawn	c_tower4	1320	3
spawn	c_tower4	1195	1
spawn	c_tower4	1195	1
spawn	c_tower4	1195	1
spawn	c_tower4	1195	1
spawn	c_tower4	1195	1
spawn	c_tower4	1195	1
spawn	c_tower4	1195	1
spawn	c_tower4	1195	1
spawn	c_tower4	1195	1
spawn	c_tower4	1195	1
spawn	c_tower4	1195	1
spawn	c_tower4	1195	1
spawn	c_tower4	1195	1
spawn	c_tower4	1195	1
spawn	c_tower4	1195	1
spawn	c_tower4	1191	1
spawn	c_tower4	1191	1
spawn	c_tower4	1191	1
spawn	c_tower4	1191	1
spawn	c_tower4	1191	1
spawn	c_tower4	1191	1
spawn	c_tower4	1191	1
spawn	c_tower4	1191	1
spawn	c_tower4	1191	1
spawn	c_tower4	1191	1
spawn	c_tower4	1191	1
spawn	c_tower4	1191	1
spawn	c_tower4	1205	1
file	npc/pre-re/mobs/dungeons/ein_dun.txt
spawn	ein_dun01	1616	70
spawn	ein_dun01	1620	30
spawn	ein_dun01	1619	30
spawn	ein_dun01	1621	10
spawn	ein_dun01	1617	1
spawn	ein_dun01	1618	1
spawn	ein_dun02	1615	10
spawn	ein_dun02	1614	15
spawn	ein_dun02	1615	30
spawn	ein_dun02	1614	35
spawn	ein_dun02	1622	10
spawn	ein_dun02	1622	20
spawn	ein_dun02	1617	10
spawn	ein_dun02	1617	20
spawn	ein_dun02	1623	1
file	npc/pre-re/mobs/dungeons/gef_dun.txt
spawn	gef_dun00	1035	30
spawn	gef_dun00	1031	15
spawn	gef_dun00	1077	25
spawn	gef_dun00	1078	1
spawn	gef_dun00	1081	1
spawn	gef_dun00	1080	1
spawn	gef_dun00	1078	1
spawn	gef_dun00	1083	1
spawn	gef_dun00	1078	10
spawn	gef_dun00	1084	3
spawn	gef_dun00	1084	3
spawn	gef_dun01	1111	20
spawn	gef_dun01	1061	30
spawn	gef_dun01	1204	1
spawn	gef_dun01	1015	25
spawn	gef_dun01	1036	40
spawn	gef_dun01	1130	40
spawn	gef_dun01	1079	1
spawn	gef_dun01	1389	1
spawn	gef_dun01	1084	5
spawn	gef_dun01	1082	3
spawn	gef_dun01	1082	3
spawn	gef_dun01	1082	2
spawn	gef_dun01	1082	2
spawn	gef_dun02	1036	10
spawn	gef_dun02	1179	20
spawn	gef_dun02	1035	10
spawn	gef_dun02	1143	20
spawn	gef_dun02	1109	35
spawn	gef_dun02	1061	40
spawn	gef_dun02	1046	1
spawn	gef_dun02	1082	3
spawn	gef_dun02	1082	3
spawn	gef_dun02	1082	3
spawn	gef_dun02	1082	3
spawn	gef_dun02	1083	1
spawn	gef_dun02	1083	1
spawn	gef_dun03	1626	1
spawn	gef_dun03	1192	8
spawn	gef_dun03	1291	2
spawn	gef_dun03	1263	3
spawn	gef_dun03	1083	3
spawn	gef_dun03	1082	10
file	npc/pre-re/mobs/dungeons/gefenia.txt
spawn	gefenia01	1371	60
spawn	gefenia01	1370	10
spawn	gefenia01	1374	10
spawn	gefenia01	1390	30
spawn	gefenia01	1292	20
spawn	gefenia01	1219	10
spawn	gefenia01	1268	1
spawn	gefenia01	1203	1
spawn	gefenia01	1205	1
spawn	gefenia01	1204	1
spawn	gefenia02	1371	30
spawn	gefenia02	1370	20
spawn	gefenia02	1374	10
spawn	gefenia02	1390	40
spawn	gefenia02	1292	30
spawn	gefenia02	1219	10
spawn	gefenia02	1268	1
spawn	gefenia02	1203	1
spawn	gefenia02	1205	1
spawn	gefenia02	1204	1
spawn	gefenia03	1371	40
spawn	gefenia03	1370	10
spawn	gefenia03	1374	20
spawn	gefenia03	1390	40
spawn	gefenia03	1292	30
spawn	gefenia03	1219	10
spawn	gefenia03	1268	1
spawn	gefenia03	1203	1
spawn	gefenia03	1205	1
spawn	gefenia03	1204	1
spawn	gefenia04	1371	30
spawn	gefenia04	1370	10
spawn	gefenia04	1374	10
spawn	gefenia04	1390	30
spawn	gefenia04	1292	20
spawn	gefenia04	1219	10
spawn	gefenia04	1268	1
spawn	gefenia04	1203	1
spawn	gefenia04	1205	1
spawn	gefenia04	1204	1
file	npc/pre-re/mobs/dungeons/glastheim.txt
spawn	gl_cas01	1281	10
spawn	gl_cas01	1267	50
spawn	gl_cas01	1195	15
spawn	gl_cas01	1260	20
spawn	gl_cas01	1179	10
spawn	gl_cas01	1275	1
spawn	gl_cas01	1204	1
spawn	gl_cas01	1295	6
spawn	gl_cas01	1320	20
spawn	gl_cas02	1208	40
spawn	gl_cas02	1163	30
spawn	gl_cas02	1195	10
spawn	gl_cas02	1276	19
spawn	gl_cas02	1283	2
spawn	gl_cas02	1219	3
spawn	gl_cas02	1163	3
spawn	gl_cas02	1163	3
spawn	gl_cas02	1203	1
spawn	gl_cas02	1185	1
spawn	gl_cas02	1185	1
spawn	gl_cas02	1283	1
spawn	gl_cas02	1195	4
spawn	gl_cas02	1117	4
spawn	gl_cas02	1219	1
spawn	gl_cas02	1219	1
spawn	gl_cas02	1195	15
spawn	gl_cas02	1117	5
spawn	gl_cas02	1132	1
spawn	gl_cas02	1132	1
spawn	gl_cas02	1132	1
spawn	gl_cas02	1132	1
spawn	gl_cas02	1132	1
spawn	gl_cas02	1219	1
spawn	gl_cas02	1219	1
spawn	gl_cas02	1191	1
spawn	gl_cas02	1191	1
spawn	gl_cas02	1204	1
spawn	gl_cas02	1275	1
spawn	gl_cas02	1132	1
spawn	gl_cas02	1208	1
spawn	gl_cas02	1276	1
spawn	gl_in01	1143	5
spawn	gl_in01	1143	5
spawn	gl_in01	1143	5
spawn	gl_in01	1143	5
spawn	gl_in01	1195	2
spawn	gl_in01	1195	1
spawn	gl_in01	1195	3
spawn	gl_in01	1195	2
spawn	gl_in01	1208	1
spawn	gl_in01	1275	1
spawn	gl_in01	1260	3
spawn	gl_in01	1260	2
spawn	gl_in01	1260	2
spawn	gl_in01	1260	3
spawn	gl_in01	1281	3
spawn	gl_in01	1281	5
spawn	gl_in01	1281	3
spawn	gl_in01	1281	3
spawn	gl_prison	1257	20
spawn	gl_prison	1035	10
spawn	gl_prison	1197	30
spawn	gl_prison	1201	15
spawn	gl_prison1	1196	30
spawn	gl_prison1	1209	5
spawn	gl_prison1	1035	10
spawn	gl_prison1	1257	40
spawn	gl_prison1	1200	1
spawn	gl_prison1	1201	10
spawn	gl_prison1	1202	10
spawn	glast_01	1219	2
spawn	glast_01	1253	10
spawn	glast_01	1080	8
spawn	glast_01	1079	2
spawn	glast_01	1083	1
spawn	gl_church	1192	5
spawn	gl_church	1117	60
spawn	gl_church	1036	50
spawn	gl_church	1302	1
spawn	gl_church	1191	5
spawn	gl_church	1191	1
spawn	gl_church	1191	2
spawn	gl_church	1191	1
spawn	gl_chyard	1036	35
spawn	gl_chyard	1015	20
spawn	gl_chyard	1192	45
spawn	gl_chyard	1117	10
spawn	gl_chyard	1035	3
spawn	gl_chyard	1191	3
spawn	gl_chyard	1272	1
spawn	gl_sew01	1253	30
spawn	gl_sew01	1194	10
spawn	gl_sew01	1179	40
spawn	gl_sew02	1253	55
spawn	gl_sew02	1209	15
spawn	gl_sew03	1207	70
spawn	gl_sew03	1253	37
spawn	gl_sew03	1253	1
spawn	gl_sew03	1253	1
spawn	gl_sew03	1253	1
spawn	gl_sew04	1206	100
spawn	gl_sew04	1253	20
spawn	gl_sew04	1111	10
spawn	gl_step	1191	5
spawn	gl_step	1276	10
spawn	gl_step	1263	100
spawn	gl_knt01	1163	60
spawn	gl_knt01	1276	20
spawn	gl_knt01	1132	10
spawn	gl_knt01	1219	10
spawn	gl_knt01	1275	1
spawn	gl_knt01	1186	1
spawn	gl_knt01	1195	1
spawn	gl_knt01	1195	10
spawn	gl_knt01	1195	10
spawn	gl_knt01	1084	1
spawn	gl_knt01	1084	1
spawn	gl_knt01	1084	1
spawn	gl_knt01	1084	1
spawn	gl_knt01	1084	1
spawn	gl_knt01	1084	1
spawn	gl_knt01	1084	1
spawn	gl_knt01	1084	1
spawn	gl_knt01	1084	1
spawn	gl_knt01	1084	1
spawn	gl_knt01	1084	1
spawn	gl_knt01	1084	1
spawn	gl_knt02	1163	50
spawn	gl_knt02	1276	20
spawn	gl_knt02	1132	30
spawn	gl_knt02	1268	1
spawn	gl_knt02	1275	1
spawn	gl_knt02	1203	1
spawn	gl_knt02	1219	5
spawn	gl_knt02	1219	1
spawn	gl_knt02	1132	1
spawn	gl_knt02	1132	1
spawn	gl_knt02	1132	1
spawn	gl_knt02	1132	1
spawn	gl_knt02	1132	1
spawn	gl_knt02	1132	1
spawn	gl_knt02	1132	1
spawn	gl_knt02	1132	1
spawn	gl_knt02	1132	1
spawn	gl_knt02	1132	1
spawn	gl_dun01	1194	50
spawn	gl_dun01	1207	40
spawn	gl_dun02	1310	45
spawn	gl_dun02	1253	15
file	npc/pre-re/mobs/dungeons/gld_dun.txt
spawn	gld_dun01	1290	10
spawn	gld_dun01	1301	20
spawn	gld_dun01	1307	3
spawn	gld_dun01	1309	10
spawn	gld_dun01	1115	1
spawn	gld_dun01	1092	1
spawn	gld_dun02	1295	3
spawn	gld_dun02	1304	10
spawn	gld_dun02	1305	5
spawn	gld_dun02	1294	5
spawn	gld_dun02	1303	10
spawn	gld_dun02	1046	1
spawn	gld_dun03	1289	3
spawn	gld_dun03	1300	20
spawn	gld_dun03	1311	10
spawn	gld_dun03	1293	20
spawn	gld_dun03	1306	20
spawn	gld_dun03	1147	1
spawn	gld_dun04	1291	20
spawn	gld_dun04	1292	20
spawn	gld_dun04	1298	20
spawn	gld_dun04	1302	1
spawn	gld_dun04	1272	1
spawn	gld_dun04	1120	1
file	npc/pre-re/mobs/dungeons/gld_dunSE.txt
spawn	arug_dun01	1974	22
spawn	arug_dun01	1870	18
spawn	arug_dun01	1975	17
spawn	arug_dun01	1797	17
spawn	arug_dun01	1796	17
spawn	schg_dun01	1978	20
spawn	schg_dun01	1979	20
spawn	schg_dun01	1977	15
spawn	schg_dun01	1976	15
file	npc/pre-re/mobs/dungeons/gon_dun.txt
spawn	gon_dun01	1408	55
spawn	gon_dun01	1410	35
spawn	gon_dun01	1417	30
spawn	gon_dun01	1078	5
spawn	gon_dun01	1081	10
spawn	gon_dun01	1082	10
spawn	gon_dun02	1410	2
spawn	gon_dun02	1415	4
spawn	gon_dun02	1410	3
spawn	gon_dun02	1410	1
spawn	gon_dun02	1415	2
spawn	gon_dun02	1412	20
spawn	gon_dun02	1408	20
spawn	gon_dun02	1410	15
spawn	gon_dun02	1081	10
spawn	gon_dun03	1082	10
spawn	gon_dun03	1413	20
spawn	gon_dun03	1416	50
spawn	gon_dun03	1412	30
spawn	gon_dun03	1418	1
file	npc/pre-re/mobs/dungeons/ice_dun.txt
spawn	ice_dun01	1776	75
spawn	ice_dun01	1782	5
spawn	ice_dun01	1778	2
spawn	ice_dun01	1780	5
spawn	ice_dun02	1775	70
spawn	ice_dun02	1776	30
spawn	ice_dun02	1778	15
spawn	ice_dun02	1777	7
spawn	ice_dun02	1789	1
spawn	ice_dun02	1789	2
spawn	ice_dun02	1789	1
spawn	ice_dun02	1789	1
spawn	ice_dun02	1789	1
spawn	ice_dun02	1789	1
spawn	ice_dun02	1789	1
spawn	ice_dun02	1789	2
spawn	ice_dun02	1789	1
spawn	ice_dun02	1789	1
spawn	ice_dun02	1789	1
spawn	ice_dun02	1789	2
spawn	ice_dun02	1789	1
spawn	ice_dun02	1789	1
spawn	ice_dun02	1789	1
spawn	ice_dun02	1789	1
spawn	ice_dun03	1777	12
spawn	ice_dun03	1777	10
spawn	ice_dun03	1778	10
spawn	ice_dun03	1775	15
spawn	ice_dun03	1777	12
spawn	ice_dun03	1778	8
spawn	ice_dun03	1777	12
spawn	ice_dun03	1778	8
spawn	ice_dun03	1777	12
spawn	ice_dun03	1778	8
spawn	ice_dun03	1777	12
spawn	ice_dun03	1778	8
spawn	ice_dun03	1789	2
spawn	ice_dun03	1789	5
spawn	ice_dun03	1789	3
spawn	ice_dun03	1789	3
spawn	ice_dun03	1789	3
spawn	ice_dun03	1789	7
spawn	ice_dun03	1789	6
spawn	ice_dun03	1789	3
file	npc/pre-re/mobs/dungeons/in_sphinx.txt
spawn	in_sphinx1	1111	40
spawn	in_sphinx1	1164	20
spawn	in_sphinx1	1178	20
spawn	in_sphinx1	1146	10
spawn	in_sphinx2	1111	15
spawn	in_sphinx2	1164	50
spawn	in_sphinx2	1178	50
spawn	in_sphinx2	1146	20
spawn	in_sphinx3	1146	15
spawn	in_sphinx3	1154	5
spawn	in_sphinx3	1140	65
spawn	in_sphinx3	1191	5
spawn	in_sphinx4	1149	50
spawn	in_sphinx4	1098	15
spawn	in_sphinx4	1191	4
spawn	in_sphinx4	1154	20
spawn	in_sphinx5	1154	70
spawn	in_sphinx5	1146	10
spawn	in_sphinx5	1037	20
spawn	in_sphinx5	1098	10
spawn	in_sphinx5	1191	7
spawn	in_sphinx5	1157	1
file	npc/pre-re/mobs/dungeons/iz_dun.txt
spawn	iz_dun00	1161	65
spawn	iz_dun00	1141	45
spawn	iz_dun00	1070	15
spawn	iz_dun00	1068	15
spawn	iz_dun00	1066	15
spawn	iz_dun00	1084	5
spawn	iz_dun01	1161	10
spawn	iz_dun01	1141	15
spawn	iz_dun01	1070	50
spawn	iz_dun01	1068	30
spawn	iz_dun01	1066	60
spawn	iz_dun01	1067	15
spawn	iz_dun01	1084	10
spawn	iz_dun02	1068	40
spawn	iz_dun02	1067	60
spawn	iz_dun02	1144	40
spawn	iz_dun02	1044	40
spawn	iz_dun02	1264	1
spawn	iz_dun02	1084	15
spawn	iz_dun03	1068	10
spawn	iz_dun03	1158	45
spawn	iz_dun03	1142	20
spawn	iz_dun03	1069	40
spawn	iz_dun03	1045	40
spawn	iz_dun03	1068	1
spawn	iz_dun03	1068	1
spawn	iz_dun03	1068	1
spawn	iz_dun03	1068	1
spawn	iz_dun03	1068	1
spawn	iz_dun03	1068	1
spawn	iz_dun03	1068	1
spawn	iz_dun03	1068	1
spawn	iz_dun03	1068	1
spawn	iz_dun03	1068	1
spawn	iz_dun03	1068	1
spawn	iz_dun03	1068	1
spawn	iz_dun03	1068	1
spawn	iz_dun03	1068	1
spawn	iz_dun03	1068	1
spawn	iz_dun03	1068	1
spawn	iz_dun03	1068	1
spawn	iz_dun03	1068	1
spawn	iz_dun03	1068	1
spawn	iz_dun03	1068	1
spawn	iz_dun03	1068	1
spawn	iz_dun03	1068	1
spawn	iz_dun03	1068	1
spawn	iz_dun03	1068	1
spawn	iz_dun03	1068	1
spawn	iz_dun03	1068	1
spawn	iz_dun03	1068	1
spawn	iz_dun03	1068	1
spawn	iz_dun03	1068	1
spawn	iz_dun03	1068	1
spawn	iz_dun03	1264	3
spawn	iz_dun04	1142	10
spawn	iz_dun04	1069	10
spawn	iz_dun04	1264	40
spawn	iz_dun04	1065	50
spawn	iz_dun04	1068	1
spawn	iz_dun04	1068	1
spawn	iz_dun04	1068	1
spawn	iz_dun04	1068	1
spawn	iz_dun04	1068	1
spawn	iz_dun04	1068	1
spawn	iz_dun04	1068	1
spawn	iz_dun04	1068	1
spawn	iz_dun04	1068	1
spawn	iz_dun04	1068	1
spawn	iz_dun04	1068	1
spawn	iz_dun04	1068	1
spawn	iz_dun04	1068	1
spawn	iz_dun04	1068	1
spawn	iz_dun04	1068	1
spawn	iz_dun04	1068	1
spawn	iz_dun04	1068	1
spawn	iz_dun04	1068	1
spawn	iz_dun04	1108	3
spawn	iz_dun04	1264	3
spawn	iz_dun04	1264	3
spawn	iz_dun04	1264	3
spawn	iz_dun04	1264	3
file	npc/pre-re/mobs/dungeons/juperos.txt
spawn	juperos_01	1679	15
spawn	juperos_01	1676	25
spawn	juperos_01	1677	20
spawn	juperos_01	1678	25
spawn	juperos_01	1679	35
spawn	juperos_01	1676	45
spawn	juperos_01	1677	50
spawn	juperos_01	1678	45
spawn	juperos_01	1670	5
spawn	juperos_01	1671	5
spawn	juperos_01	1672	5
spawn	juperos_01	1673	5
spawn	juperos_01	1670	5
spawn	juperos_02	1679	50
spawn	juperos_02	1676	65
spawn	juperos_02	1677	65
spawn	juperos_02	1678	65
spawn	juperos_02	1365	70
spawn	jupe_core	1676	25
spawn	jupe_core	1677	25
spawn	jupe_core	1678	25
spawn	jupe_core	1670	40
spawn	jupe_core	1671	40
spawn	jupe_core	1672	40
spawn	jupe_core	1673	40
spawn	jupe_core	1668	40
spawn	jupe_core	1685	1
file	npc/pre-re/mobs/dungeons/kh_dun.txt
spawn	kh_kiehl01	1745	10
spawn	kh_kiehl01	1740	1
spawn	kh_kiehl01	1746	1
spawn	kh_kiehl01	1737	1
spawn	kh_kiehl01	1739	1
spawn	kh_kiehl01	1740	1
spawn	kh_kiehl01	1746	1
spawn	kh_kiehl01	1739	1
spawn	kh_kiehl01	1740	1
spawn	kh_kiehl01	1739	1
spawn	kh_kiehl01	1735	1
spawn	kh_kiehl01	1740	1
spawn	kh_kiehl01	1740	1
spawn	kh_kiehl01	1736	1
spawn	kh_kiehl01	1739	1
spawn	kh_kiehl01	1740	1
spawn	kh_kiehl01	1746	1
spawn	kh_kiehl01	1740	1
spawn	kh_kiehl01	1736	1
spawn	kh_kiehl01	1739	1
spawn	kh_kiehl01	1746	1
spawn	kh_dun01	1275	9
spawn	kh_dun01	1737	15
spawn	kh_dun01	1738	3
spawn	kh_dun01	1275	16
spawn	kh_dun01	1737	30
spawn	kh_dun01	1738	5
spawn	kh_dun01	1745	5
spawn	kh_dun01	1736	3
spawn	kh_dun01	1735	3
spawn	kh_dun02	1736	25
spawn	kh_dun02	1735	30
spawn	kh_dun02	1737	10
spawn	kh_dun02	1738	15
spawn	kh_dun02	1745	5
spawn	kh_dun02	1734	1
file	npc/pre-re/mobs/dungeons/lhz_dun.txt
spawn	lhz_dun01	1613	50
spawn	lhz_dun01	1627	70
spawn	lhz_dun01	1682	100
spawn	lhz_dun01	1652	1
spawn	lhz_dun01	1653	1
spawn	lhz_dun01	1654	1
spawn	lhz_dun01	1655	1
spawn	lhz_dun01	1656	1
spawn	lhz_dun01	1657	1
spawn	lhz_dun01	1652	1
spawn	lhz_dun01	1653	1
spawn	lhz_dun01	1654	1
spawn	lhz_dun01	1655	5
spawn	lhz_dun01	1656	5
spawn	lhz_dun01	1657	5
spawn	lhz_dun01	1652	4
spawn	lhz_dun01	1653	4
spawn	lhz_dun01	1654	4
spawn	lhz_dun01	1655	2
spawn	lhz_dun01	1656	2
spawn	lhz_dun01	1657	2
spawn	lhz_dun01	1652	1
spawn	lhz_dun01	1653	4
spawn	lhz_dun01	1654	1
spawn	lhz_dun01	1655	4
spawn	lhz_dun01	1656	4
spawn	lhz_dun01	1657	2
spawn	lhz_dun01	1652	1
spawn	lhz_dun01	1653	1
spawn	lhz_dun01	1654	1
spawn	lhz_dun01	1655	1
spawn	lhz_dun01	1656	1
spawn	lhz_dun01	1657	1
spawn	lhz_dun01	1681	1
spawn	lhz_dun02	1652	26
spawn	lhz_dun02	1653	26
spawn	lhz_dun02	1654	26
spawn	lhz_dun02	1655	26
spawn	lhz_dun02	1656	26
spawn	lhz_dun02	1657	26
spawn	lhz_dun02	1652	4
spawn	lhz_dun02	1653	4
spawn	lhz_dun02	1654	4
spawn	lhz_dun02	1655	4
spawn	lhz_dun02	1656	4
spawn	lhz_dun02	1657	4
spawn	lhz_dun02	1652	10
spawn	lhz_dun02	1653	10
spawn	lhz_dun02	1654	10
spawn	lhz_dun02	1655	10
spawn	lhz_dun02	1656	10
spawn	lhz_dun02	1657	10
spawn	lhz_dun02	1652	10
spawn	lhz_dun02	1653	10
spawn	lhz_dun02	1654	10
spawn	lhz_dun02	1655	10
spawn	lhz_dun02	1656	10
spawn	lhz_dun02	1657	10
spawn	lhz_dun02	1682	20
spawn	lhz_dun02	1635	1
spawn	lhz_dun02	1681	10
spawn	lhz_dun02	1658	1
spawn	lhz_dun03	1634	4
spawn	lhz_dun03	1635	4
spawn	lhz_dun03	1636	4
spawn	lhz_dun03	1637	4
spawn	lhz_dun03	1638	4
spawn	lhz_dun03	1639	4
spawn	lhz_dun03	1634	1
spawn	lhz_dun03	1635	1
spawn	lhz_dun03	1636	1
spawn	lhz_dun03	1637	1
spawn	lhz_dun03	1638	1
spawn	lhz_dun03	1639	1
spawn	lhz_dun03	1634	1
spawn	lhz_dun03	1635	1
spawn	lhz_dun03	1636	1
spawn	lhz_dun03	1637	1
spawn	lhz_dun03	1638	1
spawn	lhz_dun03	1639	1
spawn	lhz_dun03	1634	7
spawn	lhz_dun03	1635	7
spawn	lhz_dun03	1636	7
spawn	lhz_dun03	1637	7
spawn	lhz_dun03	1638	7
spawn	lhz_dun03	1639	7
spawn	lhz_dun03	1634	1
spawn	lhz_dun03	1635	1
spawn	lhz_dun03	1636	1
spawn	lhz_dun03	1637	1
spawn	lhz_dun03	1638	1
spawn	lhz_dun03	1639	1
spawn	lhz_dun03	1634	1
spawn	lhz_dun03	1635	1
spawn	lhz_dun03	1636	1
spawn	lhz_dun03	1637	1
spawn	lhz_dun03	1638	1
spawn	lhz_dun03	1639	1
spawn	lhz_dun03	1634	1
spawn	lhz_dun03	1635	1
spawn	lhz_dun03	1636	1
spawn	lhz_dun03	1637	1
spawn	lhz_dun03	1638	1
spawn	lhz_dun03	1639	1
spawn	lhz_dun03	1634	5
spawn	lhz_dun03	1635	5
spawn	lhz_dun03	1636	5
spawn	lhz_dun03	1637	5
spawn	lhz_dun03	1638	5
spawn	lhz_dun03	1639	5
spawn	lhz_dun03	1634	5
spawn	lhz_dun03	1635	5
spawn	lhz_dun03	1636	5
spawn	lhz_dun03	1637	5
spawn	lhz_dun03	1638	5
spawn	lhz_dun03	1639	5
spawn	lhz_dun03	1634	3
spawn	lhz_dun03	1635	3
spawn	lhz_dun03	1636	3
spawn	lhz_dun03	1637	3
spawn	lhz_dun03	1638	4
spawn	lhz_dun03	1639	4
spawn	lhz_dun03	1634	7
spawn	lhz_dun03	1635	7
spawn	lhz_dun03	1636	7
spawn	lhz_dun03	1637	7
spawn	lhz_dun03	1638	7
spawn	lhz_dun03	1639	7
spawn	lhz_dun03	1639	1
spawn	lhz_dun03	1638	3
spawn	lhz_dun03	1639	1
spawn	lhz_dun03	1638	3
spawn	lhz_dun03	1639	1
spawn	lhz_dun03	1638	3
spawn	lhz_dun03	1639	1
spawn	lhz_dun03	1638	3
spawn	lhz_dun03	1639	1
spawn	lhz_dun03	1638	3
spawn	lhz_dun03	1639	1
spawn	lhz_dun03	1638	3
spawn	lhz_dun03	1639	1
spawn	lhz_dun03	1638	3
spawn	lhz_dun03	1639	1
spawn	lhz_dun03	1638	3
spawn	lhz_dun03	1634	2
spawn	lhz_dun03	1635	2
spawn	lhz_dun03	1637	2
spawn	lhz_dun03	1638	5
spawn	lhz_dun03	1639	3
spawn	lhz_dun03	1634	2
spawn	lhz_dun03	1636	2
spawn	lhz_dun03	1637	2
spawn	lhz_dun03	1638	5
spawn	lhz_dun03	1639	3
spawn	lhz_dun03	1634	2
spawn	lhz_dun03	1635	2
spawn	lhz_dun03	1636	2
spawn	lhz_dun03	1638	5
spawn	lhz_dun03	1639	3
spawn	lhz_dun03	1635	2
spawn	lhz_dun03	1636	2
spawn	lhz_dun03	1637	2
spawn	lhz_dun03	1638	5
spawn	lhz_dun03	1639	3
spawn	lhz_dun03	1640	1
spawn	lhz_dun03	1642	1
spawn	lhz_dun03	1641	1
spawn	lhz_dun03	1644	1
spawn	lhz_dun03	1643	1
spawn	lhz_dun03	1645	1
file	npc/pre-re/mobs/dungeons/lou_dun.txt
spawn	lou_dun01	1129	15
spawn	lou_dun01	1516	15
spawn	lou_dun01	1037	10
spawn	lou_dun01	1517	25
spawn	lou_dun01	1517	20
spawn	lou_dun01	1381	15
spawn	lou_dun01	1306	1
spawn	lou_dun01	1084	5
spawn	lou_dun01	1083	5
spawn	lou_dun02	1512	40
spawn	lou_dun02	1026	25
spawn	lou_dun02	1514	5
spawn	lou_dun02	1191	5
spawn	lou_dun03	1512	25
spawn	lou_dun03	1514	25
spawn	lou_dun03	1513	15
spawn	lou_dun03	1631	5
spawn	lou_dun03	1630	1
file	npc/pre-re/mobs/dungeons/mag_dun.txt
spawn	mag_dun01	1367	20
spawn	mag_dun01	1366	20
spawn	mag_dun01	1072	20
spawn	mag_dun01	1383	30
spawn	mag_dun01	1381	10
spawn	mag_dun02	1387	10
spawn	mag_dun02	1384	25
spawn	mag_dun02	1385	25
spawn	mag_dun02	1382	10
spawn	mag_dun02	1379	15
spawn	mag_dun02	1379	10
spawn	mag_dun02	1367	5
spawn	mag_dun02	1379	4
spawn	mag_dun02	1367	15
spawn	mag_dun02	1379	10
spawn	mag_dun02	1384	3
spawn	mag_dun02	1384	7
spawn	mag_dun02	1385	10
spawn	mag_dun02	1379	7
spawn	mag_dun02	1384	3
spawn	mag_dun02	1385	5
spawn	mag_dun02	1382	5
file	npc/pre-re/mobs/dungeons/mjo_dun.txt
spawn	mjo_dun01	1005	30
spawn	mjo_dun01	1175	60
spawn	mjo_dun01	1145	20
spawn	mjo_dun02	1145	60
spawn	mjo_dun02	1111	20
spawn	mjo_dun02	1169	20
spawn	mjo_dun02	1121	35
spawn	mjo_dun03	1145	5
spawn	mjo_dun03	1169	70
spawn	mjo_dun03	1121	5
spawn	mjo_dun03	1151	35
spawn	mjo_dun03	1209	2
spawn	mjo_dun03	1209	1
file	npc/pre-re/mobs/dungeons/moc_pryd.txt
spawn	moc_pryd01	1005	50
spawn	moc_pryd01	1031	20
spawn	moc_pryd02	1031	20
spawn	moc_pryd02	1111	20
spawn	moc_pryd02	1041	30
spawn	moc_pryd02	1029	5
spawn	moc_pryd02	1028	30
spawn	moc_pryd02	1016	30
spawn	moc_pryd03	1111	5
spawn	moc_pryd03	1191	5
spawn	moc_pryd03	1146	10
spawn	moc_pryd03	1041	70
spawn	moc_pryd03	1032	20
spawn	moc_pryd04	1041	25
spawn	moc_pryd04	1297	3
spawn	moc_pryd04	1029	50
spawn	moc_pryd04	1191	15
spawn	moc_pryd04	1038	1
spawn	moc_pryd04	1146	20
spawn	moc_pryd05	1149	60
spawn	moc_pryd05	1041	10
spawn	moc_pryd05	1032	50
spawn	moc_pryd06	1032	10
spawn	moc_pryd06	1194	20
spawn	moc_pryd06	1297	20
spawn	moc_pryd06	1191	20
spawn	moc_pryd06	1511	1
file	npc/pre-re/mobs/dungeons/mosk_dun.txt
spawn	mosk_dun01	1880	15
spawn	mosk_dun01	1881	7
spawn	mosk_dun01	1880	15
spawn	mosk_dun01	1881	7
spawn	mosk_dun01	1880	30
spawn	mosk_dun01	1881	15
spawn	mosk_dun01	1880	3
spawn	mosk_dun01	1881	2
spawn	mosk_dun01	1880	3
spawn	mosk_dun01	1881	2
spawn	mosk_dun01	1031	20
spawn	mosk_dun01	1139	10
spawn	mosk_dun02	1880	30
spawn	mosk_dun02	1881	40
spawn	mosk_dun02	1882	20
spawn	mosk_dun02	1883	5
spawn	mosk_dun03	1882	60
spawn	mosk_dun03	1883	35
spawn	mosk_dun03	1884	15
spawn	mosk_dun03	1081	10
spawn	mosk_dun03	1082	10
spawn	mosk_dun03	1083	5
spawn	mosk_dun03	1885	1
file	npc/pre-re/mobs/dungeons/nyd_dun.txt
spawn	nyd_dun01	2013	40
spawn	nyd_dun01	2014	10
spawn	nyd_dun01	2016	20
spawn	nyd_dun01	2015	10
spawn	nyd_dun01	2017	2
spawn	nyd_dun01	2018	2
file	npc/pre-re/mobs/dungeons/odin.txt
spawn	odin_tem01	1692	10
spawn	odin_tem01	1697	3
spawn	odin_tem01	1695	3
spawn	odin_tem01	1696	3
spawn	odin_tem01	1694	3
spawn	odin_tem01	1693	10
spawn	odin_tem01	1753	5
spawn	odin_tem01	1752	5
spawn	odin_tem01	1080	5
spawn	odin_tem01	1081	5
spawn	odin_tem01	1079	5
spawn	odin_tem02	1693	15
spawn	odin_tem02	1754	1
spawn	odin_tem02	1755	1
spawn	odin_tem02	1753	30
spawn	odin_tem02	1752	30
spawn	odin_tem02	1762	1
spawn	odin_tem02	1761	1
spawn	odin_tem02	1762	1
spawn	odin_tem02	1761	1
spawn	odin_tem02	1762	1
spawn	odin_tem02	1765	1
spawn	odin_tem02	1079	10
spawn	odin_tem03	1693	20
spawn	odin_tem03	1754	16
spawn	odin_tem03	1755	16
spawn	odin_tem03	1753	4
spawn	odin_tem03	1752	4
spawn	odin_tem03	1762	1
spawn	odin_tem03	1761	1
spawn	odin_tem03	1762	1
spawn	odin_tem03	1762	1
spawn	odin_tem03	1761	1
spawn	odin_tem03	1761	1
spawn	odin_tem03	1761	1
spawn	odin_tem03	1762	1
spawn	odin_tem03	1761	1
spawn	odin_tem03	1762	1
spawn	odin_tem03	1765	2
spawn	odin_tem03	1751	1
spawn	odin_tem03	1079	15
spawn	odin_tem03	1083	15
file	npc/pre-re/mobs/dungeons/orcsdun.txt
spawn	orcsdun01	1042	10
spawn	orcsdun01	1005	15
spawn	orcsdun01	1111	5
spawn	orcsdun01	1153	10
spawn	orcsdun01	1153	30
spawn	orcsdun01	1153	40
spawn	orcsdun01	1152	10
spawn	orcsdun01	1084	5
spawn	orcsdun01	1084	5
spawn	orcsdun01	1082	2
spawn	orcsdun01	1082	3
spawn	orcsdun02	1042	20
spawn	orcsdun02	1111	20
spawn	orcsdun02	1152	10
spawn	orcsdun02	1152	20
spawn	orcsdun02	1152	20
spawn	orcsdun02	1177	30
spawn	orcsdun02	1177	20
spawn	orcsdun02	1189	5
spawn	orcsdun02	1084	5
spawn	orcsdun02	1082	2
spawn	orcsdun02	1082	3
file	npc/pre-re/mobs/dungeons/pay_dun.txt
spawn	pay_dun00	1005	15
spawn	pay_dun00	1015	20
spawn	pay_dun00	1076	35
spawn	pay_dun00	1031	15
spawn	pay_dun00	1078	15
spawn	pay_dun00	1084	3
spawn	pay_dun01	1111	5
spawn	pay_dun01	1116	15
spawn	pay_dun01	1028	50
spawn	pay_dun01	1016	30
spawn	pay_dun01	1084	7
spawn	pay_dun01	1078	10
spawn	pay_dun02	1028	15
spawn	pay_dun02	1026	40
spawn	pay_dun02	1188	30
spawn	pay_dun02	1031	10
spawn	pay_dun02	1016	20
spawn	pay_dun02	1068	1
spawn	pay_dun02	1068	1
spawn	pay_dun02	1068	1
spawn	pay_dun02	1068	1
spawn	pay_dun02	1068	1
spawn	pay_dun02	1068	1
spawn	pay_dun02	1068	1
spawn	pay_dun02	1068	1
spawn	pay_dun02	1068	1
spawn	pay_dun02	1068	1
spawn	pay_dun02	1068	1
spawn	pay_dun02	1068	1
spawn	pay_dun02	1068	1
spawn	pay_dun02	1068	1
spawn	pay_dun02	1068	1
spawn	pay_dun02	1068	1
spawn	pay_dun02	1068	1
spawn	pay_dun02	1068	1
spawn	pay_dun02	1068	1
spawn	pay_dun02	1068	1
spawn	pay_dun02	1068	1
spawn	pay_dun02	1068	1
spawn	pay_dun02	1068	1
spawn	pay_dun02	1068	1
spawn	pay_dun02	1068	1
spawn	pay_dun02	1068	1
spawn	pay_dun02	1068	1
spawn	pay_dun02	1068	1
spawn	pay_dun02	1068	1
spawn	pay_dun02	1068	1
spawn	pay_dun02	1068	1
spawn	pay_dun02	1020	1
spawn	pay_dun02	1020	1
spawn	pay_dun02	1020	1
spawn	pay_dun02	1078	1
spawn	pay_dun02	1084	1
spawn	pay_dun02	1180	1
spawn	pay_dun02	1084	7
spawn	pay_dun02	1082	3
spawn	pay_dun02	1082	3
spawn	pay_dun02	1078	4
spawn	pay_dun02	1078	4
spawn	pay_dun03	1170	50
spawn	pay_dun03	1026	3
spawn	pay_dun03	1188	3
spawn	pay_dun03	1180	1
spawn	pay_dun03	1180	1
spawn	pay_dun03	1185	1
spawn	pay_dun03	1185	1
spawn	pay_dun03	1185	1
spawn	pay_dun03	1185	1
spawn	pay_dun03	1186	1
spawn	pay_dun03	1068	1
spawn	pay_dun03	1068	1
spawn	pay_dun03	1068	1
spawn	pay_dun03	1068	1
spawn	pay_dun03	1068	1
spawn	pay_dun03	1068	1
spawn	pay_dun03	1068	1
spawn	pay_dun03	1068	1
spawn	pay_dun03	1068	1
spawn	pay_dun03	1068	1
spawn	pay_dun03	1068	1
spawn	pay_dun03	1068	1
spawn	pay_dun03	1068	1
spawn	pay_dun03	1068	1
spawn	pay_dun03	1068	1
spawn	pay_dun03	1068	1
spawn	pay_dun03	1068	1
spawn	pay_dun03	1170	2
spawn	pay_dun03	1170	2
spawn	pay_dun03	1170	2
spawn	pay_dun03	1170	2
spawn	pay_dun03	1170	2
spawn	pay_dun03	1170	2
spawn	pay_dun03	1170	2
spawn	pay_dun03	1170	2
spawn	pay_dun03	1170	2
spawn	pay_dun03	1170	2
spawn	pay_dun03	1078	1
spawn	pay_dun03	1079	1
spawn	pay_dun03	1080	1
spawn	pay_dun03	1081	1
spawn	pay_dun03	1020	1
spawn	pay_dun03	1020	1
spawn	pay_dun03	1020	1
spawn	pay_dun03	1020	1
spawn	pay_dun03	1020	1
spawn	pay_dun03	1020	1
spawn	pay_dun03	1020	1
spawn	pay_dun03	1020	1
spawn	pay_dun03	1020	1
spawn	pay_dun03	1020	1
spawn	pay_dun03	1277	3
spawn	pay_dun03	1078	15
spawn	pay_dun03	1082	3
spawn	pay_dun03	1082	2
spawn	pay_dun04	1110	40
spawn	pay_dun04	1129	30
spawn	pay_dun04	1150	1
spawn	pay_dun04	1277	15
spawn	pay_dun04	1016	15
spawn	pay_dun04	1180	30
spawn	pay_dun04	1290	1
spawn	pay_dun04	1301	1
spawn	pay_dun04	1307	1
spawn	pay_dun04	1083	1
spawn	pay_dun04	1083	1
spawn	pay_dun04	1078	10
spawn	pay_dun04	1082	2
spawn	pay_dun04	1082	2
spawn	pay_dun04	1082	2
file	npc/pre-re/mobs/dungeons/prt_maze.txt
spawn	prt_maze01	1002	5
spawn	prt_maze01	1063	5
spawn	prt_maze01	1007	5
spawn	prt_maze01	1018	1
spawn	prt_maze01	1008	5
spawn	prt_maze01	1031	5
spawn	prt_maze01	1052	5
spawn	prt_maze01	1060	5
spawn	prt_maze01	1056	5
spawn	prt_maze01	1025	5
spawn	prt_maze01	1013	5
spawn	prt_maze01	1099	3
spawn	prt_maze01	1100	3
spawn	prt_maze01	1011	5
spawn	prt_maze01	1128	5
spawn	prt_maze01	1035	3
spawn	prt_maze01	1139	3
spawn	prt_maze01	1174	5
spawn	prt_maze01	1037	3
spawn	prt_maze01	1057	4
spawn	prt_maze01	1214	2
spawn	prt_maze01	1042	5
spawn	prt_maze01	1104	5
spawn	prt_maze01	1103	5
spawn	prt_maze01	1114	5
spawn	prt_maze01	1145	5
spawn	prt_maze01	1166	3
spawn	prt_maze01	1166	5
spawn	prt_maze01	1035	1
spawn	prt_maze01	1092	1
spawn	prt_maze01	1083	1
spawn	prt_maze01	1082	1
spawn	prt_maze01	1082	2
spawn	prt_maze01	1079	1
spawn	prt_maze01	1081	1
spawn	prt_maze01	1083	1
spawn	prt_maze01	1079	1
spawn	prt_maze01	1078	5
spawn	prt_maze01	1079	1
spawn	prt_maze01	1081	1
spawn	prt_maze01	1084	3
spawn	prt_maze01	1084	2
spawn	prt_maze01	1085	3
spawn	prt_maze01	1085	2
spawn	prt_maze02	1031	25
spawn	prt_maze02	1060	5
spawn	prt_maze02	1243	1
spawn	prt_maze02	1306	1
spawn	prt_maze03	1031	45
spawn	prt_maze03	1037	10
spawn	prt_maze03	1035	30
spawn	prt_maze03	1120	1
spawn	prt_maze03	1294	1
spawn	prt_maze03	1037	20
spawn	prt_maze03	1088	1
spawn	prt_maze03	1215	20
spawn	prt_maze03	1092	1
spawn	prt_maze03	1139	30
spawn	prt_maze03	1093	1
spawn	prt_maze03	1090	1
spawn	prt_maze03	1101	25
spawn	prt_maze03	1039	1
spawn	prt_maze03	1083	1
spawn	prt_maze03	1079	1
spawn	prt_maze03	1081	1
spawn	prt_maze03	1083	1
spawn	prt_maze03	1083	1
spawn	prt_maze03	1083	1
spawn	prt_maze03	1083	1
spawn	prt_maze03	1079	1
spawn	prt_maze03	1079	2
spawn	prt_maze03	1079	1
spawn	prt_maze03	1078	5
spawn	prt_maze03	1084	3
spawn	prt_maze03	1084	3
spawn	prt_maze03	1085	2
spawn	prt_maze03	1085	3
file	npc/pre-re/mobs/dungeons/prt_sew.txt
spawn	prt_sewb1	1048	80
spawn	prt_sewb1	1051	30
spawn	prt_sewb1	1005	10
spawn	prt_sewb1	1175	10
spawn	prt_sewb2	1048	20
spawn	prt_sewb2	1051	70
spawn	prt_sewb2	1005	10
spawn	prt_sewb2	1014	20
spawn	prt_sewb2	1161	30
spawn	prt_sewb2	1053	10
spawn	prt_sewb2	1175	60
spawn	prt_sewb3	1048	10
spawn	prt_sewb3	1051	20
spawn	prt_sewb3	1053	65
spawn	prt_sewb3	1054	65
spawn	prt_sewb3	1175	15
spawn	prt_sewb3	1077	15
spawn	prt_sewb3	1005	20
spawn	prt_sewb4	1048	10
spawn	prt_sewb4	1051	20
spawn	prt_sewb4	1053	20
spawn	prt_sewb4	1054	70
spawn	prt_sewb4	1111	20
spawn	prt_sewb4	1209	5
spawn	prt_sewb4	1086	1
file	npc/pre-re/mobs/dungeons/ra_san.txt
spawn	ra_san01	1771	20
spawn	ra_san01	1772	10
spawn	ra_san01	1771	20
spawn	ra_san01	1772	10
spawn	ra_san01	1632	5
spawn	ra_san01	1773	2
spawn	ra_san01	1771	20
spawn	ra_san01	1772	10
spawn	ra_san01	1632	5
spawn	ra_san01	1773	2
spawn	ra_san01	1771	7
spawn	ra_san01	1772	3
spawn	ra_san01	1633	3
spawn	ra_san01	1773	1
spawn	ra_san01	1771	7
spawn	ra_san01	1772	3
spawn	ra_san01	1633	3
spawn	ra_san01	1773	1
spawn	ra_san01	1771	2
spawn	ra_san01	1771	2
spawn	ra_san01	1771	2
spawn	ra_san01	1771	2
spawn	ra_san02	1772	35
spawn	ra_san02	1772	25
spawn	ra_san02	1772	25
spawn	ra_san02	1771	10
spawn	ra_san02	1771	10
spawn	ra_san02	1771	10
spawn	ra_san02	1632	10
spawn	ra_san02	1773	3
spawn	ra_san02	1633	10
spawn	ra_san02	1774	2
spawn	ra_san03	1633	5
spawn	ra_san03	1632	5
spawn	ra_san03	1774	40
spawn	ra_san03	1773	20
spawn	ra_san03	1773	40
spawn	ra_san04	1770	60
spawn	ra_san04	1769	20
spawn	ra_san04	1774	10
spawn	ra_san04	1773	10
spawn	ra_san05	1769	70
spawn	ra_san05	1770	20
spawn	ra_san05	1772	10
spawn	ra_san05	1774	20
spawn	ra_san05	1773	20
spawn	ra_san05	1769	10
spawn	ra_san05	1770	10
spawn	ra_san05	1768	1
file	npc/pre-re/mobs/dungeons/tha_t.txt
spawn	tha_t01	1275	5
spawn	tha_t01	1695	20
spawn	tha_t01	1195	20
spawn	tha_t01	1191	20
spawn	tha_t01	1703	4
spawn	tha_t02	1275	10
spawn	tha_t02	1697	20
spawn	tha_t02	1191	30
spawn	tha_t02	1699	80
spawn	tha_t02	1195	10
spawn	tha_t02	1698	10
spawn	tha_t02	1377	10
spawn	tha_t02	1702	4
spawn	tha_t03	1696	20
spawn	tha_t03	1195	30
spawn	tha_t03	1698	80
spawn	tha_t03	1191	10
spawn	tha_t03	1699	10
spawn	tha_t03	1377	10
spawn	tha_t03	1701	4
spawn	tha_t04	1694	20
spawn	tha_t04	1195	20
spawn	tha_t04	1698	20
spawn	tha_t04	1191	20
spawn	tha_t04	1699	20
spawn	tha_t04	1377	20
spawn	tha_t04	1295	10
spawn	tha_t04	1320	10
spawn	tha_t04	1700	4
spawn	tha_t05	1377	5
spawn	tha_t05	1697	10
spawn	tha_t05	1698	10
spawn	tha_t05	1699	10
spawn	tha_t05	1320	20
spawn	tha_t05	1295	5
spawn	tha_t05	1377	5
spawn	tha_t05	1695	10
spawn	tha_t05	1698	10
spawn	tha_t05	1699	10
spawn	tha_t05	1320	20
spawn	tha_t05	1295	5
spawn	tha_t05	1377	5
spawn	tha_t05	1696	10
spawn	tha_t05	1698	10
spawn	tha_t05	1699	10
spawn	tha_t05	1320	20
spawn	tha_t05	1295	5
spawn	tha_t05	1377	5
spawn	tha_t05	1694	10
spawn	tha_t05	1698	10
spawn	tha_t05	1699	10
spawn	tha_t05	1320	20
spawn	tha_t05	1295	5
spawn	tha_t05	1707	2
spawn	tha_t06	1377	5
spawn	tha_t06	1697	10
spawn	tha_t06	1698	10
spawn	tha_t06	1699	10
spawn	tha_t06	1295	10
spawn	tha_t06	1320	10
spawn	tha_t06	1377	5
spawn	tha_t06	1695	10
spawn	tha_t06	1698	10
spawn	tha_t06	1699	10
spawn	tha_t06	1295	10
spawn	tha_t06	1320	10
spawn	tha_t06	1377	5
spawn	tha_t06	1696	10
spawn	tha_t06	1698	10
spawn	tha_t06	1699	10
spawn	tha_t06	1295	10
spawn	tha_t06	1320	10
spawn	tha_t06	1377	5
spawn	tha_t06	1694	10
spawn	tha_t06	1698	10
spawn	tha_t06	1699	10
spawn	tha_t06	1295	10
spawn	tha_t06	1320	10
spawn	tha_t06	1706	2
spawn	tha_t07	1698	10
spawn	tha_t07	1699	10
spawn	tha_t07	1703	7
spawn	tha_t07	1701	7
spawn	tha_t07	1702	15
spawn	tha_t07	1700	7
spawn	tha_t07	1705	2
spawn	tha_t08	1698	10
spawn	tha_t08	1699	10
spawn	tha_t08	1703	5
spawn	tha_t08	1701	5
spawn	tha_t08	1702	20
spawn	tha_t08	1700	5
spawn	tha_t08	1704	2
spawn	tha_t09	1694	5
spawn	tha_t09	1703	20
spawn	tha_t09	1702	5
spawn	tha_t09	1701	5
spawn	tha_t09	1700	5
spawn	tha_t09	1707	1
spawn	tha_t09	1712	3
spawn	tha_t10	1697	5
spawn	tha_t10	1702	20
spawn	tha_t10	1703	5
spawn	tha_t10	1701	5
spawn	tha_t10	1700	5
spawn	tha_t10	1706	1
spawn	tha_t10	1711	3
spawn	tha_t11	1695	5
spawn	tha_t11	1701	20
spawn	tha_t11	1703	5
spawn	tha_t11	1702	5
spawn	tha_t11	1700	5
spawn	tha_t11	1705	1
spawn	tha_t11	1710	3
spawn	tha_t12	1693	5
spawn	tha_t12	1700	13
spawn	tha_t12	1703	5
spawn	tha_t12	1701	5
spawn	tha_t12	1702	5
spawn	tha_t12	1709	4
file	npc/pre-re/mobs/dungeons/thor_v.txt
spawn	thor_v01	1836	10
spawn	thor_v01	1837	5
spawn	thor_v01	1837	12
spawn	thor_v01	1837	2
spawn	thor_v01	1837	2
spawn	thor_v01	1837	2
spawn	thor_v01	1837	2
spawn	thor_v01	1833	25
spawn	thor_v01	1833	5
spawn	thor_v01	1833	5
spawn	thor_v01	1833	5
spawn	thor_v01	1833	5
spawn	thor_v01	1829	5
spawn	thor_v01	1830	5
spawn	thor_v01	1831	5
spawn	thor_v01	1839	1
spawn	thor_v02	1836	10
spawn	thor_v02	1837	5
spawn	thor_v02	1837	3
spawn	thor_v02	1837	2
spawn	thor_v02	1072	5
spawn	thor_v02	1072	3
spawn	thor_v02	1072	2
spawn	thor_v02	1838	20
spawn	thor_v02	1838	20
spawn	thor_v02	1838	15
spawn	thor_v02	1831	1
spawn	thor_v02	1829	1
spawn	thor_v02	1830	1
spawn	thor_v03	1833	16
spawn	thor_v03	1833	6
spawn	thor_v03	1833	6
spawn	thor_v03	1833	6
spawn	thor_v03	1833	6
spawn	thor_v03	1831	20
spawn	thor_v03	1831	10
spawn	thor_v03	1831	10
spawn	thor_v03	1831	10
spawn	thor_v03	1831	10
spawn	thor_v03	1829	5
spawn	thor_v03	1829	5
spawn	thor_v03	1830	5
spawn	thor_v03	1830	5
spawn	thor_v03	1839	5
spawn	thor_v03	1832	1
file	npc/pre-re/mobs/dungeons/treasure.txt
spawn	treasure01	1070	20
spawn	treasure01	1179	5
spawn	treasure01	1179	5
spawn	treasure01	1077	3
spawn	treasure01	1068	1
spawn	treasure01	1077	3
spawn	treasure01	1068	4
spawn	treasure01	1071	5
spawn	treasure01	1071	5
spawn	treasure01	1071	5
spawn	treasure01	1068	1
spawn	treasure01	1068	1
spawn	treasure01	1068	1
spawn	treasure01	1068	1
spawn	treasure01	1068	1
spawn	treasure01	1068	1
spawn	treasure01	1068	1
spawn	treasure01	1068	1
spawn	treasure01	1068	1
spawn	treasure01	1068	1
spawn	treasure01	1068	1
spawn	treasure01	1068	1
spawn	treasure01	1068	1
spawn	treasure01	1068	1
spawn	treasure01	1068	1
spawn	treasure01	1068	1
spawn	treasure01	1068	1
spawn	treasure01	1068	1
spawn	treasure01	1068	1
spawn	treasure01	1068	1
spawn	treasure01	1068	1
spawn	treasure01	1068	1
spawn	treasure01	1068	1
spawn	treasure01	1068	1
spawn	treasure01	1068	1
spawn	treasure01	1068	1
spawn	treasure01	1077	3
spawn	treasure01	1077	3
spawn	treasure01	1071	2
spawn	treasure01	1071	2
spawn	treasure01	1071	2
spawn	treasure01	1071	3
spawn	treasure01	1068	1
spawn	treasure01	1071	3
spawn	treasure01	1068	1
spawn	treasure01	1071	3
spawn	treasure01	1068	1
spawn	treasure01	1071	3
spawn	treasure01	1068	1
spawn	treasure01	1068	1
spawn	treasure01	1068	1
spawn	treasure01	1068	1
spawn	treasure01	1068	1
spawn	treasure01	1068	1
spawn	treasure01	1068	1
spawn	treasure01	1068	1
spawn	treasure01	1068	1
spawn	treasure01	1179	5
spawn	treasure01	1068	1
spawn	treasure01	1068	1
spawn	treasure01	1068	1
spawn	treasure01	1068	1
spawn	treasure01	1071	10
spawn	treasure01	1068	1
spawn	treasure01	1068	1
spawn	treasure01	1068	1
spawn	treasure01	1068	1
spawn	treasure01	1068	1
spawn	treasure01	1068	1
spawn	treasure01	1068	1
spawn	treasure01	1068	1
spawn	treasure01	1068	1
spawn	treasure01	1068	1
spawn	treasure01	1068	1
spawn	treasure01	1068	1
spawn	treasure01	1068	1
spawn	treasure01	1068	1
spawn	treasure01	1068	1
spawn	treasure01	1068	1
spawn	treasure01	1068	1
spawn	treasure01	1068	1
spawn	treasure01	1068	1
spawn	treasure01	1068	1
spawn	treasure01	1068	1
spawn	treasure01	1068	1
spawn	treasure01	1068	1
spawn	treasure01	1068	1
spawn	treasure02	1120	1
spawn	treasure02	1179	5
spawn	treasure02	1208	1
spawn	treasure02	1216	22
spawn	treasure02	1070	20
spawn	treasure02	1071	5
spawn	treasure02	1191	3
spawn	treasure02	1068	1
spawn	treasure02	1068	1
spawn	treasure02	1068	1
spawn	treasure02	1068	1
spawn	treasure02	1068	1
spawn	treasure02	1068	1
spawn	treasure02	1216	5
spawn	treasure02	1179	1
spawn	treasure02	1179	1
spawn	treasure02	1179	1
spawn	treasure02	1068	1
spawn	treasure02	1068	1
spawn	treasure02	1068	1
spawn	treasure02	1068	1
spawn	treasure02	1068	1
spawn	treasure02	1068	1
spawn	treasure02	1068	1
spawn	treasure02	1068	1
spawn	treasure02	1068	1
spawn	treasure02	1068	1
spawn	treasure02	1068	1
spawn	treasure02	1068	1
spawn	treasure02	1179	2
spawn	treasure02	1112	1
spawn	treasure02	1191	3
spawn	treasure02	1191	2
spawn	treasure02	1216	4
spawn	treasure02	1216	1
spawn	treasure02	1216	1
spawn	treasure02	1071	3
spawn	treasure02	1216	5
spawn	treasure02	1071	1
spawn	treasure02	1071	1
spawn	treasure02	1071	1
spawn	treasure02	1071	6
spawn	treasure02	1071	1
spawn	treasure02	1071	1
spawn	treasure02	1071	1
spawn	treasure02	1179	1
spawn	treasure02	1179	1
spawn	treasure02	1179	1
spawn	treasure02	1179	1
spawn	treasure02	1143	1
file	npc/pre-re/mobs/dungeons/tur_dun.txt
spawn	tur_dun01	1321	25
spawn	tur_dun01	1322	25
spawn	tur_dun01	1034	10
spawn	tur_dun01	1314	10
spawn	tur_dun01	1256	15
spawn	tur_dun02	1314	40
spawn	tur_dun02	1316	40
spawn	tur_dun02	1319	20
spawn	tur_dun02	1256	15
spawn	tur_dun03	1314	15
spawn	tur_dun03	1319	40
spawn	tur_dun03	1315	35
spawn	tur_dun03	1318	10
spawn	tur_dun04	1208	1
spawn	tur_dun04	1312	1
spawn	tur_dun04	1318	3
spawn	tur_dun04	1315	10
spawn	tur_dun04	1319	5
spawn	tur_dun04	1208	1
spawn	tur_dun04	1315	1
spawn	tur_dun04	1315	1
spawn	tur_dun04	1208	1
spawn	tur_dun04	1315	1
spawn	tur_dun04	1315	1
spawn	tur_dun04	1208	1
spawn	tur_dun04	1315	1
spawn	tur_dun04	1315	1
spawn	tur_dun04	1208	1
spawn	tur_dun04	1315	1
spawn	tur_dun04	1315	1
spawn	tur_dun04	1208	2
spawn	tur_dun04	1318	10
spawn	tur_dun04	1318	20
spawn	tur_dun04	1315	23
spawn	tur_dun04	1319	5
spawn	tur_dun04	1319	5
spawn	tur_dun04	1314	2
spawn	tur_dun04	1314	2
spawn	tur_dun05	1314	3
spawn	tur_dun05	1319	5
spawn	tur_dun05	1315	1
file	npc/pre-re/mobs/dungeons/um_dun.txt
spawn	um_dun01	1495	70
spawn	um_dun01	1499	10
spawn	um_dun01	1498	10
spawn	um_dun01	1081	5
spawn	um_dun01	1080	5
spawn	um_dun02	1497	50
spawn	um_dun02	1497	2
spawn	um_dun02	1497	2
spawn	um_dun02	1497	2
spawn	um_dun02	1497	2
spawn	um_dun02	1497	2
spawn	um_dun02	1497	2
spawn	um_dun02	1497	2
spawn	um_dun02	1497	2
spawn	um_dun02	1497	2
spawn	um_dun02	1497	2
spawn	um_dun02	1497	2
spawn	um_dun02	1497	2
spawn	um_dun02	1497	2
spawn	um_dun02	1497	2
spawn	um_dun02	1497	2
spawn	um_dun02	1497	2
spawn	um_dun02	1380	5
spawn	um_dun02	1498	10
spawn	um_dun02	1498	2
spawn	um_dun02	1498	3
spawn	um_dun02	1498	1
spawn	um_dun02	1498	1
spawn	um_dun02	1498	1
spawn	um_dun02	1498	1
spawn	um_dun02	1498	1
spawn	um_dun02	1493	25
spawn	um_dun02	1081	5
spawn	um_dun02	1078	5
spawn	um_dun02	1083	6
file	npc/pre-re/mobs/dungeons/xmas_dun.txt
spawn	xmas_dun01	1242	20
spawn	xmas_dun01	1002	10
spawn	xmas_dun01	1113	10
spawn	xmas_dun01	1031	20
spawn	xmas_dun01	1265	40
spawn	xmas_dun01	1246	40
spawn	xmas_dun01	1249	5
spawn	xmas_dun01	1250	1
spawn	xmas_dun01	1090	1
spawn	xmas_dun01	1096	1
spawn	xmas_dun02	1246	20
spawn	xmas_dun02	1265	20
spawn	xmas_dun02	1248	35
spawn	xmas_dun02	1249	50
spawn	xmas_dun02	1515	1
spawn	xmas_dun02	1251	1
file	npc/pre-re/mobs/dungeons/yggdrasil.txt
spawn	yggdrasil01	1079	5
spawn	yggdrasil01	1083	1
spawn	yggdrasil01	1083	5
spawn	yggdrasil01	1081	5
spawn	yggdrasil01	1082	5
spawn	yggdrasil01	1079	5
spawn	yggdrasil01	1083	1
spawn	yggdrasil01	1079	5
spawn	yggdrasil01	1083	1
spawn	yggdrasil01	1083	1
spawn	yggdrasil01	1083	1
spawn	yggdrasil01	1080	1
spawn	yggdrasil01	1083	1
spawn	yggdrasil01	1083	1
spawn	yggdrasil01	1083	1
spawn	yggdrasil01	1083	3
spawn	yggdrasil01	1083	10
spawn	yggdrasil01	1080	25
spawn	yggdrasil01	1078	15
file	npc/pre-re/mobs/fields/amatsu.txt
spawn	ama_fild01	1400	50
spawn	ama_fild01	1406	5
spawn	ama_fild01	1406	5
spawn	ama_fild01	1406	5
spawn	ama_fild01	1406	5
spawn	ama_fild01	1068	1
spawn	ama_fild01	1068	1
spawn	ama_fild01	1068	1
spawn	ama_fild01	1068	1
spawn	ama_fild01	1068	1
spawn	ama_fild01	1068	1
spawn	ama_fild01	1068	1
spawn	ama_fild01	1068	1
spawn	ama_fild01	1068	1
spawn	ama_fild01	1068	1
spawn	ama_fild01	1068	1
spawn	ama_fild01	1068	1
spawn	ama_fild01	1068	1
spawn	ama_fild01	1068	1
spawn	ama_fild01	1406	20
spawn	ama_fild01	1406	10
spawn	ama_fild01	1404	2
spawn	ama_fild01	1402	1
spawn	ama_fild01	1031	15
spawn	ama_fild01	1060	15
file	npc/pre-re/mobs/fields/ayothaya.txt
spawn	ayo_fild01	1104	30
spawn	ayo_fild01	1057	30
spawn	ayo_fild01	1056	30
spawn	ayo_fild01	1586	3
spawn	ayo_fild01	1080	10
spawn	ayo_fild02	1586	50
spawn	ayo_fild02	1499	20
spawn	ayo_fild02	1494	30
spawn	ayo_fild02	1081	10
file	npc/pre-re/mobs/fields/brasilis.txt
spawn	brasilis	2081	5
spawn	brasilis	2081	4
spawn	brasilis	2081	4
spawn	brasilis	2081	5
spawn	bra_fild01	2071	40
spawn	bra_fild01	2074	80
spawn	bra_fild01	1110	20
spawn	bra_fild01	2072	10
spawn	bra_fild01	1166	20
spawn	bra_fild01	2073	10
spawn	bra_fild01	1085	3
file	npc/pre-re/mobs/fields/comodo.txt
spawn	cmd_fild01	1271	60
spawn	cmd_fild01	1166	30
spawn	cmd_fild01	1031	30
spawn	cmd_fild01	1077	20
spawn	cmd_fild01	1083	1
spawn	cmd_fild01	1079	1
spawn	cmd_fild01	1079	2
spawn	cmd_fild01	1079	2
spawn	cmd_fild01	1079	1
spawn	cmd_fild01	1080	5
spawn	cmd_fild02	1266	5
spawn	cmd_fild02	1266	5
spawn	cmd_fild02	1073	20
spawn	cmd_fild02	1271	10
spawn	cmd_fild02	1254	30
spawn	cmd_fild02	1254	2
spawn	cmd_fild02	1067	5
spawn	cmd_fild02	1067	10
spawn	cmd_fild02	1074	35
spawn	cmd_fild02	1074	5
spawn	cmd_fild02	1313	1
spawn	cmd_fild02	1317	18
spawn	cmd_fild02	1317	2
spawn	cmd_fild02	1391	20
spawn	cmd_fild03	1262	1
spawn	cmd_fild03	1256	30
spawn	cmd_fild03	1031	10
spawn	cmd_fild03	1206	90
spawn	cmd_fild03	1089	1
spawn	cmd_fild03	1083	1
spawn	cmd_fild03	1083	1
spawn	cmd_fild03	1083	1
spawn	cmd_fild04	1266	45
spawn	cmd_fild04	1271	40
spawn	cmd_fild04	1073	20
spawn	cmd_fild04	1254	20
spawn	cmd_fild04	1074	20
spawn	cmd_fild04	1323	20
spawn	cmd_fild05	1119	45
spawn	cmd_fild05	1271	20
spawn	cmd_fild05	1215	5
spawn	cmd_fild05	1031	10
spawn	cmd_fild05	1256	5
spawn	cmd_fild05	1083	1
spawn	cmd_fild05	1081	3
spawn	cmd_fild05	1081	3
spawn	cmd_fild05	1080	5
spawn	cmd_fild06	1282	5
spawn	cmd_fild06	1282	5
spawn	cmd_fild06	1282	2
spawn	cmd_fild06	1282	2
spawn	cmd_fild06	1282	4
spawn	cmd_fild06	1282	4
spawn	cmd_fild06	1282	1
spawn	cmd_fild06	1282	1
spawn	cmd_fild06	1282	1
spawn	cmd_fild06	1282	1
spawn	cmd_fild06	1282	1
spawn	cmd_fild06	1258	10
spawn	cmd_fild06	1258	10
spawn	cmd_fild06	1258	3
spawn	cmd_fild06	1258	3
spawn	cmd_fild06	1258	4
spawn	cmd_fild06	1258	4
spawn	cmd_fild06	1258	3
spawn	cmd_fild06	1258	1
spawn	cmd_fild06	1258	1
spawn	cmd_fild06	1258	1
spawn	cmd_fild06	1258	1
spawn	cmd_fild06	1258	1
spawn	cmd_fild06	1258	1
spawn	cmd_fild06	1258	1
spawn	cmd_fild06	1258	1
spawn	cmd_fild06	1258	1
spawn	cmd_fild06	1258	1
spawn	cmd_fild06	1113	20
spawn	cmd_fild06	1376	1
spawn	cmd_fild06	1081	2
spawn	cmd_fild06	1081	3
spawn	cmd_fild07	1266	2
spawn	cmd_fild07	1266	3
spawn	cmd_fild07	1073	3
spawn	cmd_fild07	1073	2
spawn	cmd_fild07	1254	1
spawn	cmd_fild07	1254	1
spawn	cmd_fild07	1254	1
spawn	cmd_fild07	1254	1
spawn	cmd_fild07	1113	20
spawn	cmd_fild07	1074	2
spawn	cmd_fild07	1074	3
spawn	cmd_fild08	1282	5
spawn	cmd_fild08	1282	5
spawn	cmd_fild08	1282	5
spawn	cmd_fild08	1282	5
spawn	cmd_fild08	1282	5
spawn	cmd_fild08	1282	1
spawn	cmd_fild08	1282	1
spawn	cmd_fild08	1282	1
spawn	cmd_fild08	1282	1
spawn	cmd_fild08	1282	1
spawn	cmd_fild08	1282	1
spawn	cmd_fild08	1282	1
spawn	cmd_fild08	1282	1
spawn	cmd_fild08	1282	2
spawn	cmd_fild08	1282	10
spawn	cmd_fild08	1282	7
spawn	cmd_fild08	1282	8
spawn	cmd_fild08	1282	1
spawn	cmd_fild08	1282	1
spawn	cmd_fild08	1282	1
spawn	cmd_fild08	1282	1
spawn	cmd_fild08	1282	1
spawn	cmd_fild08	1282	1
spawn	cmd_fild08	1282	1
spawn	cmd_fild08	1282	1
spawn	cmd_fild08	1282	1
spawn	cmd_fild08	1258	5
spawn	cmd_fild08	1258	5
spawn	cmd_fild08	1258	5
spawn	cmd_fild08	1258	5
spawn	cmd_fild08	1258	1
spawn	cmd_fild08	1258	1
spawn	cmd_fild08	1258	1
spawn	cmd_fild08	1258	1
spawn	cmd_fild08	1258	1
spawn	cmd_fild08	1258	1
spawn	cmd_fild08	1258	1
spawn	cmd_fild08	1258	1
spawn	cmd_fild08	1215	5
spawn	cmd_fild08	1215	10
spawn	cmd_fild08	1215	2
spawn	cmd_fild08	1215	3
spawn	cmd_fild08	1215	1
spawn	cmd_fild08	1215	1
spawn	cmd_fild08	1215	1
spawn	cmd_fild08	1215	1
spawn	cmd_fild08	1215	1
spawn	cmd_fild08	1113	10
spawn	cmd_fild08	1165	15
spawn	cmd_fild08	1282	10
spawn	cmd_fild08	1037	2
spawn	cmd_fild08	1037	3
spawn	cmd_fild08	1037	15
spawn	cmd_fild08	1259	1
spawn	cmd_fild08	1081	4
spawn	cmd_fild08	1081	4
spawn	cmd_fild09	1042	20
spawn	cmd_fild09	1113	20
spawn	cmd_fild09	1030	60
spawn	cmd_fild09	1009	20
spawn	cmd_fild09	1127	3
spawn	cmd_fild09	1253	2
file	npc/pre-re/mobs/fields/einbroch.txt
spawn	ein_fild01	1378	30
spawn	ein_fild01	1378	20
spawn	ein_fild01	1378	5
spawn	ein_fild01	1199	25
spawn	ein_fild01	1199	20
spawn	ein_fild01	1199	5
spawn	ein_fild02	1380	10
spawn	ein_fild02	1380	15
spawn	ein_fild02	1380	10
spawn	ein_fild02	1380	10
spawn	ein_fild02	1378	30
spawn	ein_fild02	1618	1
spawn	ein_fild03	1613	30
spawn	ein_fild03	1368	5
spawn	ein_fild03	1628	40
spawn	ein_fild03	1368	10
spawn	ein_fild03	1368	5
spawn	ein_fild03	1103	10
spawn	ein_fild03	1128	5
spawn	ein_fild03	1081	15
spawn	ein_fild03	1080	15
spawn	ein_fild04	1613	50
spawn	ein_fild04	1368	30
spawn	ein_fild04	1628	5
spawn	ein_fild04	1368	40
spawn	ein_fild04	1368	5
spawn	ein_fild04	1368	5
spawn	ein_fild04	1121	10
spawn	ein_fild04	1628	15
spawn	ein_fild04	1614	5
spawn	ein_fild04	1078	10
spawn	ein_fild04	1081	10
spawn	ein_fild04	1080	10
spawn	ein_fild05	1614	10
spawn	ein_fild05	1614	15
spawn	ein_fild05	1614	10
spawn	ein_fild05	1615	5
spawn	ein_fild05	1615	7
spawn	ein_fild05	1615	5
spawn	ein_fild05	1627	30
spawn	ein_fild05	1378	10
spawn	ein_fild05	1368	10
spawn	ein_fild06	1372	55
spawn	ein_fild06	1008	10
spawn	ein_fild06	1376	5
spawn	ein_fild06	1121	2
spawn	ein_fild06	1078	10
spawn	ein_fild06	1081	10
spawn	ein_fild06	1084	5
spawn	ein_fild07	1002	40
spawn	ein_fild07	1031	20
spawn	ein_fild07	1613	60
spawn	ein_fild07	1118	20
spawn	ein_fild07	1368	20
spawn	ein_fild07	1078	10
spawn	ein_fild07	1081	10
spawn	ein_fild07	1085	10
spawn	ein_fild07	1618	1
spawn	ein_fild08	1002	25
spawn	ein_fild08	1113	25
spawn	ein_fild08	1031	25
spawn	ein_fild08	1613	25
spawn	ein_fild08	1619	10
spawn	ein_fild08	1051	30
spawn	ein_fild08	1078	10
spawn	ein_fild08	1081	10
spawn	ein_fild08	1085	10
spawn	ein_fild09	1613	10
spawn	ein_fild09	1619	70
spawn	ein_fild09	1051	20
spawn	ein_fild09	1048	3
spawn	ein_fild09	1078	10
spawn	ein_fild09	1081	10
spawn	ein_fild09	1085	10
spawn	ein_fild09	1118	5
spawn	ein_fild10	1368	5
spawn	ein_fild10	1619	20
spawn	ein_fild10	1619	10
spawn	ein_fild10	1078	20
spawn	ein_fild10	1081	20
spawn	ein_fild10	1079	20
spawn	ein_fild10	1057	6
spawn	ein_fild10	1057	4
spawn	ein_fild10	1118	10
spawn	ein_fild10	1118	10
file	npc/pre-re/mobs/fields/geffen.txt
spawn	gef_fild00	1002	50
spawn	gef_fild00	1007	50
spawn	gef_fild00	1008	20
spawn	gef_fild00	1031	10
spawn	gef_fild00	1079	1
spawn	gef_fild00	1079	1
spawn	gef_fild00	1080	3
spawn	gef_fild00	1080	3
spawn	gef_fild01	1012	50
spawn	gef_fild01	1031	20
spawn	gef_fild01	1089	1
spawn	gef_fild01	1080	5
spawn	gef_fild02	1057	10
spawn	gef_fild02	1023	60
spawn	gef_fild02	1104	10
spawn	gef_fild02	1056	10
spawn	gef_fild02	1214	1
spawn	gef_fild02	1087	1
spawn	gef_fild02	1080	8
spawn	gef_fild02	1085	5
spawn	gef_fild02	1079	2
spawn	gef_fild02	1079	1
spawn	gef_fild02	1079	1
spawn	gef_fild02	1083	1
spawn	gef_fild03	1023	60
spawn	gef_fild03	1213	1
spawn	gef_fild03	1166	40
spawn	gef_fild03	1031	20
spawn	gef_fild03	1080	1
spawn	gef_fild03	1080	1
spawn	gef_fild03	1080	1
spawn	gef_fild03	1080	1
spawn	gef_fild03	1080	1
spawn	gef_fild03	1080	1
spawn	gef_fild03	1080	1
spawn	gef_fild03	1080	1
spawn	gef_fild03	1080	1
spawn	gef_fild03	1080	1
spawn	gef_fild03	1080	1
spawn	gef_fild03	1080	1
spawn	gef_fild03	1080	1
spawn	gef_fild03	1080	1
spawn	gef_fild03	1080	1
spawn	gef_fild03	1080	1
spawn	gef_fild03	1080	1
spawn	gef_fild03	1080	1
spawn	gef_fild03	1080	1
spawn	gef_fild03	1080	1
spawn	gef_fild03	1080	1
spawn	gef_fild04	1002	30
spawn	gef_fild04	1011	30
spawn	gef_fild04	1008	60
spawn	gef_fild04	1007	20
spawn	gef_fild04	1012	20
spawn	gef_fild04	1080	3
spawn	gef_fild04	1080	3
spawn	gef_fild05	1002	30
spawn	gef_fild05	1282	10
spawn	gef_fild05	1261	50
spawn	gef_fild05	1114	30
spawn	gef_fild05	1078	1
spawn	gef_fild05	1078	1
spawn	gef_fild05	1078	1
spawn	gef_fild05	1078	1
spawn	gef_fild05	1078	1
spawn	gef_fild05	1078	1
spawn	gef_fild05	1078	1
spawn	gef_fild05	1078	1
spawn	gef_fild05	1078	1
spawn	gef_fild05	1078	1
spawn	gef_fild05	1078	1
spawn	gef_fild05	1078	1
spawn	gef_fild05	1078	1
spawn	gef_fild05	1078	1
spawn	gef_fild05	1078	1
spawn	gef_fild06	1133	20
spawn	gef_fild06	1134	10
spawn	gef_fild06	1135	10
spawn	gef_fild06	1156	50
spawn	gef_fild06	1031	10
spawn	gef_fild06	1139	20
spawn	gef_fild06	1083	4
spawn	gef_fild07	1002	20
spawn	gef_fild07	1011	30
spawn	gef_fild07	1008	10
spawn	gef_fild07	1007	60
spawn	gef_fild07	1080	3
spawn	gef_fild07	1083	1
spawn	gef_fild07	1079	1
spawn	gef_fild07	1080	3
spawn	gef_fild08	1133	20
spawn	gef_fild08	1134	40
spawn	gef_fild08	1135	20
spawn	gef_fild08	1040	40
spawn	gef_fild08	1042	20
spawn	gef_fild08	1077	20
spawn	gef_fild08	1079	1
spawn	gef_fild08	1079	1
spawn	gef_fild08	1079	1
spawn	gef_fild08	1079	1
spawn	gef_fild08	1079	1
spawn	gef_fild08	1079	1
spawn	gef_fild08	1079	1
spawn	gef_fild08	1079	1
spawn	gef_fild09	1094	60
spawn	gef_fild09	1031	10
spawn	gef_fild09	1077	10
spawn	gef_fild09	1085	1
spawn	gef_fild09	1085	1
spawn	gef_fild09	1085	1
spawn	gef_fild09	1085	1
spawn	gef_fild09	1085	1
spawn	gef_fild09	1085	1
spawn	gef_fild09	1085	1
spawn	gef_fild09	1085	1
spawn	gef_fild09	1085	1
spawn	gef_fild09	1085	1
spawn	gef_fild09	1079	3
spawn	gef_fild10	1190	1
spawn	gef_fild10	1023	20
spawn	gef_fild10	1273	70
spawn	gef_fild10	1031	15
spawn	gef_fild10	1686	5
spawn	gef_fild10	1079	3
spawn	gef_fild10	1079	3
spawn	gef_fild10	1080	3
spawn	gef_fild11	1299	1
spawn	gef_fild11	1122	30
spawn	gef_fild11	1123	20
spawn	gef_fild11	1124	20
spawn	gef_fild11	1125	20
spawn	gef_fild11	1126	20
spawn	gef_fild11	1258	20
spawn	gef_fild11	1031	15
spawn	gef_fild11	1392	10
spawn	gef_fild11	1084	3
spawn	gef_fild11	1084	3
spawn	gef_fild11	1084	3
spawn	gef_fild11	1084	3
spawn	gef_fild11	1084	3
spawn	gef_fild11	1084	3
spawn	gef_fild11	1084	3
spawn	gef_fild12	1133	20
spawn	gef_fild12	1134	30
spawn	gef_fild12	1135	30
spawn	gef_fild12	1282	40
spawn	gef_fild12	1031	20
spawn	gef_fild12	1296	1
spawn	gef_fild13	1031	20
spawn	gef_fild13	1018	40
spawn	gef_fild13	1094	30
spawn	gef_fild14	1273	20
spawn	gef_fild14	1087	1
spawn	gef_fild14	1023	10
spawn	gef_fild14	1189	30
spawn	gef_fild14	1213	70
file	npc/pre-re/mobs/fields/gonryun.txt
spawn	gon_fild01	1415	40
spawn	gon_fild01	1417	20
spawn	gon_fild01	1031	20
spawn	gon_fild01	1409	30
spawn	gon_fild01	1413	2
spawn	gon_fild01	1080	5
spawn	gon_fild01	1083	1
file	npc/pre-re/mobs/fields/hugel.txt
spawn	hu_fild01	1692	5
spawn	hu_fild01	1697	5
spawn	hu_fild01	1695	5
spawn	hu_fild01	1696	5
spawn	hu_fild01	1694	5
spawn	hu_fild01	1693	5
spawn	hu_fild01	1368	30
spawn	hu_fild01	1378	30
spawn	hu_fild02	1627	30
spawn	hu_fild02	1715	20
spawn	hu_fild02	1718	40
spawn	hu_fild02	1692	10
spawn	hu_fild02	1368	10
spawn	hu_fild02	1687	20
spawn	hu_fild02	1378	3
spawn	hu_fild02	1715	1
spawn	hu_fild02	1718	1
spawn	hu_fild03	1687	70
spawn	hu_fild03	1715	30
spawn	hu_fild03	1031	20
spawn	hu_fild03	1051	10
spawn	hu_fild03	1085	2
spawn	hu_fild03	1085	3
spawn	hu_fild03	1085	2
spawn	hu_fild03	1085	3
spawn	hu_fild03	1084	3
spawn	hu_fild03	1084	3
spawn	hu_fild03	1084	2
spawn	hu_fild03	1084	2
spawn	hu_fild04	1692	20
spawn	hu_fild04	1384	10
spawn	hu_fild04	1385	10
spawn	hu_fild04	1155	10
spawn	hu_fild04	1156	60
spawn	hu_fild04	1715	20
spawn	hu_fild04	1718	10
spawn	hu_fild04	1627	30
spawn	hu_fild04	1687	20
spawn	hu_fild04	1386	7
spawn	hu_fild04	1080	10
spawn	hu_fild04	1081	10
spawn	hu_fild04	1079	4
spawn	hu_fild04	1079	2
spawn	hu_fild05	1627	3
spawn	hu_fild05	1687	15
spawn	hu_fild05	1715	2
spawn	hu_fild05	1718	2
spawn	hu_fild05	1627	10
spawn	hu_fild05	1262	1
spawn	hu_fild05	1687	15
spawn	hu_fild05	1715	2
spawn	hu_fild05	1718	1
spawn	hu_fild05	1627	10
spawn	hu_fild05	1262	1
spawn	hu_fild05	1687	15
spawn	hu_fild05	1715	2
spawn	hu_fild05	1718	2
spawn	hu_fild05	1627	10
spawn	hu_fild05	1262	1
spawn	hu_fild05	1687	15
spawn	hu_fild05	1715	2
spawn	hu_fild05	1718	1
spawn	hu_fild05	1627	10
spawn	hu_fild05	1262	1
spawn	hu_fild05	1627	10
spawn	hu_fild05	1721	1
spawn	hu_fild05	1721	1
spawn	hu_fild05	1721	1
spawn	hu_fild05	1721	1
spawn	hu_fild06	1628	50
spawn	hu_fild06	1103	20
spawn	hu_fild06	1002	10
spawn	hu_fild06	1031	10
spawn	hu_fild06	1613	10
spawn	hu_fild06	1080	10
spawn	hu_fild06	1081	10
spawn	hu_fild07	1692	10
spawn	hu_fild07	1384	10
spawn	hu_fild07	1385	10
spawn	hu_fild07	1155	60
spawn	hu_fild07	1156	20
spawn	hu_fild07	1715	10
spawn	hu_fild07	1718	10
spawn	hu_fild07	1627	30
spawn	hu_fild07	1687	10
spawn	hu_fild07	1368	20
spawn	hu_fild07	1378	10
spawn	hu_fild07	1081	20
file	npc/pre-re/mobs/fields/lighthalzen.txt
spawn	lhz_fild01	1613	70
spawn	lhz_fild01	1628	30
spawn	lhz_fild01	1103	20
spawn	lhz_fild01	1078	10
spawn	lhz_fild01	1081	10
spawn	lhz_fild01	1080	10
spawn	lhz_fild02	1613	50
spawn	lhz_fild02	1103	30
spawn	lhz_fild02	1128	10
spawn	lhz_fild02	1628	10
spawn	lhz_fild02	1627	10
spawn	lhz_fild02	1081	15
spawn	lhz_fild02	1080	15
spawn	lhz_fild03	1215	50
spawn	lhz_fild03	1613	20
spawn	lhz_fild03	1103	20
spawn	lhz_fild03	1128	10
spawn	lhz_fild03	1162	5
spawn	lhz_fild03	1627	20
spawn	lhz_fild03	1680	10
spawn	lhz_fild03	1078	10
spawn	lhz_fild03	1080	10
file	npc/pre-re/mobs/fields/louyang.txt
spawn	lou_fild01	1060	7
spawn	lou_fild01	1060	4
spawn	lou_fild01	1060	4
spawn	lou_fild01	1103	7
spawn	lou_fild01	1103	7
spawn	lou_fild01	1103	7
spawn	lou_fild01	1139	10
spawn	lou_fild01	1139	10
spawn	lou_fild01	1139	10
spawn	lou_fild01	1516	8
spawn	lou_fild01	1516	15
spawn	lou_fild01	1516	7
spawn	lou_fild01	1030	2
spawn	lou_fild01	1030	1
spawn	lou_fild01	1030	2
spawn	lou_fild01	1084	5
spawn	lou_fild01	1081	10
file	npc/pre-re/mobs/fields/lutie.txt
spawn	xmas_fild01	1242	35
spawn	xmas_fild01	1243	20
spawn	xmas_fild01	1515	1
spawn	xmas_fild01	1252	1
file	npc/pre-re/mobs/fields/manuk.txt
spawn	man_fild01	1988	105
spawn	man_fild01	1989	10
spawn	man_fild01	1999	30
spawn	man_fild01	1987	2
spawn	man_fild02	2024	50
spawn	man_fild02	1987	35
spawn	man_fild02	1986	25
spawn	man_fild03	1989	25
spawn	man_fild03	1986	25
spawn	man_fild03	1987	25
spawn	man_fild03	1990	1
file	npc/pre-re/mobs/fields/mjolnir.txt
spawn	mjolnir_01	1128	20
spawn	mjolnir_01	1018	20
spawn	mjolnir_01	1104	70
spawn	mjolnir_01	1174	20
spawn	mjolnir_01	1103	40
spawn	mjolnir_01	1083	1
spawn	mjolnir_01	1083	1
spawn	mjolnir_01	1080	5
spawn	mjolnir_01	1080	5
spawn	mjolnir_01	1079	5
spawn	mjolnir_02	1004	30
spawn	mjolnir_02	1018	20
spawn	mjolnir_02	1155	50
spawn	mjolnir_02	1031	10
spawn	mjolnir_02	1118	30
spawn	mjolnir_02	1080	1
spawn	mjolnir_02	1080	1
spawn	mjolnir_02	1080	1
spawn	mjolnir_02	1080	1
spawn	mjolnir_02	1080	1
spawn	mjolnir_02	1079	1
spawn	mjolnir_02	1078	1
spawn	mjolnir_02	1080	1
spawn	mjolnir_02	1080	1
spawn	mjolnir_02	1080	1
spawn	mjolnir_02	1080	1
spawn	mjolnir_02	1080	1
spawn	mjolnir_02	1080	1
spawn	mjolnir_02	1078	1
spawn	mjolnir_02	1079	1
spawn	mjolnir_02	1080	1
spawn	mjolnir_02	1080	1
spawn	mjolnir_02	1080	1
spawn	mjolnir_02	1080	1
spawn	mjolnir_02	1080	1
spawn	mjolnir_02	1080	1
spawn	mjolnir_02	1080	1
spawn	mjolnir_02	1078	1
spawn	mjolnir_02	1079	1
spawn	mjolnir_02	1078	1
spawn	mjolnir_02	1080	1
spawn	mjolnir_02	1080	1
spawn	mjolnir_02	1078	1
spawn	mjolnir_02	1079	1
spawn	mjolnir_02	1078	1
spawn	mjolnir_02	1080	1
spawn	mjolnir_02	1080	1
spawn	mjolnir_02	1080	1
spawn	mjolnir_02	1079	2
spawn	mjolnir_03	1139	30
spawn	mjolnir_03	1018	10
spawn	mjolnir_03	1156	70
spawn	mjolnir_03	1031	10
spawn	mjolnir_03	1118	10
spawn	mjolnir_03	1100	20
spawn	mjolnir_03	1083	1
spawn	mjolnir_03	1083	1
spawn	mjolnir_03	1080	1
spawn	mjolnir_03	1080	1
spawn	mjolnir_03	1080	1
spawn	mjolnir_03	1080	1
spawn	mjolnir_03	1080	1
spawn	mjolnir_03	1080	1
spawn	mjolnir_03	1080	1
spawn	mjolnir_03	1080	1
spawn	mjolnir_03	1080	1
spawn	mjolnir_03	1080	1
spawn	mjolnir_03	1080	1
spawn	mjolnir_03	1080	1
spawn	mjolnir_03	1080	1
spawn	mjolnir_04	1139	20
spawn	mjolnir_04	1004	70
spawn	mjolnir_04	1031	10
spawn	mjolnir_04	1118	30
spawn	mjolnir_04	1099	20
spawn	mjolnir_04	1059	1
spawn	mjolnir_04	1083	3
spawn	mjolnir_04	1080	1
spawn	mjolnir_04	1080	1
spawn	mjolnir_04	1080	1
spawn	mjolnir_04	1080	1
spawn	mjolnir_04	1080	1
spawn	mjolnir_04	1080	1
spawn	mjolnir_04	1080	1
spawn	mjolnir_04	1080	1
spawn	mjolnir_04	1080	1
spawn	mjolnir_04	1080	1
spawn	mjolnir_04	1080	1
spawn	mjolnir_04	1080	1
spawn	mjolnir_04	1080	1
spawn	mjolnir_04	1080	1
spawn	mjolnir_04	1080	1
spawn	mjolnir_04	1080	1
spawn	mjolnir_04	1080	1
spawn	mjolnir_05	1139	40
spawn	mjolnir_05	1031	10
spawn	mjolnir_05	1118	20
spawn	mjolnir_05	1099	70
spawn	mjolnir_05	1100	20
spawn	mjolnir_05	1079	3
spawn	mjolnir_05	1083	1
spawn	mjolnir_05	1079	3
spawn	mjolnir_05	1079	3
spawn	mjolnir_05	1078	10
spawn	mjolnir_06	1174	70
spawn	mjolnir_06	1128	20
spawn	mjolnir_06	1104	20
spawn	mjolnir_06	1031	20
spawn	mjolnir_06	1103	30
spawn	mjolnir_06	1079	1
spawn	mjolnir_06	1079	1
spawn	mjolnir_06	1085	1
spawn	mjolnir_06	1085	1
spawn	mjolnir_06	1085	1
spawn	mjolnir_06	1085	1
spawn	mjolnir_06	1085	1
spawn	mjolnir_06	1085	1
spawn	mjolnir_06	1085	1
spawn	mjolnir_06	1085	1
spawn	mjolnir_07	1077	60
spawn	mjolnir_07	1094	30
spawn	mjolnir_07	1104	20
spawn	mjolnir_07	1128	20
spawn	mjolnir_07	1031	20
spawn	mjolnir_07	1004	20
spawn	mjolnir_07	1080	1
spawn	mjolnir_07	1080	1
spawn	mjolnir_07	1080	1
spawn	mjolnir_07	1080	1
spawn	mjolnir_07	1085	1
spawn	mjolnir_07	1085	1
spawn	mjolnir_07	1080	1
spawn	mjolnir_07	1080	1
spawn	mjolnir_07	1080	1
spawn	mjolnir_07	1079	2
spawn	mjolnir_08	1139	60
spawn	mjolnir_08	1099	30
spawn	mjolnir_08	1100	20
spawn	mjolnir_08	1031	20
spawn	mjolnir_08	1002	10
spawn	mjolnir_08	1079	2
spawn	mjolnir_08	1080	1
spawn	mjolnir_08	1080	1
spawn	mjolnir_08	1080	1
spawn	mjolnir_08	1080	1
spawn	mjolnir_08	1080	1
spawn	mjolnir_08	1080	1
spawn	mjolnir_09	1104	10
spawn	mjolnir_09	1174	20
spawn	mjolnir_09	1128	70
spawn	mjolnir_09	1031	20
spawn	mjolnir_09	1013	30
spawn	mjolnir_09	1085	1
spawn	mjolnir_09	1085	1
spawn	mjolnir_09	1085	1
spawn	mjolnir_09	1085	1
spawn	mjolnir_09	1085	1
spawn	mjolnir_09	1085	1
spawn	mjolnir_09	1085	1
spawn	mjolnir_09	1085	1
spawn	mjolnir_09	1085	1
spawn	mjolnir_09	1085	1
spawn	mjolnir_09	1085	1
spawn	mjolnir_10	1139	20
spawn	mjolnir_10	1118	30
spawn	mjolnir_10	1100	60
spawn	mjolnir_10	1031	20
spawn	mjolnir_10	1155	10
spawn	mjolnir_10	1083	1
spawn	mjolnir_10	1080	10
spawn	mjolnir_11	1099	10
spawn	mjolnir_11	1020	50
spawn	mjolnir_11	1118	60
spawn	mjolnir_11	1031	10
spawn	mjolnir_11	1054	30
spawn	mjolnir_11	1080	1
spawn	mjolnir_11	1080	1
spawn	mjolnir_11	1080	1
spawn	mjolnir_11	1080	1
spawn	mjolnir_11	1080	1
spawn	mjolnir_11	1080	1
spawn	mjolnir_11	1079	1
spawn	mjolnir_11	1080	1
spawn	mjolnir_11	1080	1
spawn	mjolnir_11	1080	1
spawn	mjolnir_11	1079	1
spawn	mjolnir_11	1080	1
spawn	mjolnir_11	1080	1
spawn	mjolnir_12	1215	20
spawn	mjolnir_12	1114	50
spawn	mjolnir_12	1053	20
file	npc/pre-re/mobs/fields/morocc.txt
spawn	moc_fild01	1107	70
spawn	moc_fild01	1097	20
spawn	moc_fild01	1047	20
spawn	moc_fild01	1049	10
spawn	moc_fild01	1113	30
spawn	moc_fild01	1002	10
spawn	moc_fild01	1081	10
spawn	moc_fild02	1019	70
spawn	moc_fild02	1097	10
spawn	moc_fild02	1047	40
spawn	moc_fild02	1049	10
spawn	moc_fild02	1113	30
spawn	moc_fild02	1081	1
spawn	moc_fild02	1081	1
spawn	moc_fild02	1081	1
spawn	moc_fild02	1081	1
spawn	moc_fild02	1081	1
spawn	moc_fild02	1081	1
spawn	moc_fild02	1081	1
spawn	moc_fild02	1080	1
spawn	moc_fild02	1080	1
spawn	moc_fild02	1080	1
spawn	moc_fild02	1080	1
spawn	moc_fild02	1080	1
spawn	moc_fild02	1080	1
spawn	moc_fild02	1080	1
spawn	moc_fild03	1033	70
spawn	moc_fild03	1277	30
spawn	moc_fild03	1031	20
spawn	moc_fild03	1116	10
spawn	moc_fild03	1010	20
spawn	moc_fild03	1092	1
spawn	moc_fild03	1080	2
spawn	moc_fild03	1080	2
spawn	moc_fild03	1080	2
spawn	moc_fild03	1080	2
spawn	moc_fild03	1080	2
spawn	moc_fild03	1080	2
spawn	moc_fild03	1080	2
spawn	moc_fild07	1113	70
spawn	moc_fild07	1047	50
spawn	moc_fild07	1050	30
spawn	moc_fild07	1049	30
spawn	moc_fild07	1081	5
spawn	moc_fild11	1127	10
spawn	moc_fild11	1040	70
spawn	moc_fild11	1095	10
spawn	moc_fild11	1105	10
spawn	moc_fild11	1160	10
spawn	moc_fild11	1097	10
spawn	moc_fild11	1138	20
spawn	moc_fild11	1055	20
spawn	moc_fild11	1083	1
spawn	moc_fild12	1050	50
spawn	moc_fild12	1049	50
spawn	moc_fild12	1047	35
spawn	moc_fild12	1113	35
spawn	moc_fild12	1081	10
spawn	moc_fild13	1106	30
spawn	moc_fild13	1030	75
spawn	moc_fild13	1025	30
spawn	moc_fild13	1037	5
spawn	moc_fild13	1031	20
spawn	moc_fild13	1113	10
spawn	moc_fild13	1085	1
spawn	moc_fild13	1085	1
spawn	moc_fild13	1085	1
spawn	moc_fild13	1085	1
spawn	moc_fild13	1085	1
spawn	moc_fild13	1085	1
spawn	moc_fild13	1085	1
spawn	moc_fild13	1085	1
spawn	moc_fild13	1085	1
spawn	moc_fild13	1085	1
spawn	moc_fild13	1085	1
spawn	moc_fild13	1085	1
spawn	moc_fild13	1085	1
spawn	moc_fild13	1081	1
spawn	moc_fild13	1081	1
spawn	moc_fild13	1081	1
spawn	moc_fild13	1081	1
spawn	moc_fild13	1081	1
spawn	moc_fild13	1081	1
spawn	moc_fild13	1081	3
spawn	moc_fild13	1081	3
spawn	moc_fild13	1081	3
spawn	moc_fild16	1165	70
spawn	moc_fild16	1127	30
spawn	moc_fild16	1138	25
spawn	moc_fild16	1095	10
spawn	moc_fild16	1105	20
spawn	moc_fild16	1097	10
spawn	moc_fild17	1127	100
spawn	moc_fild17	1042	30
spawn	moc_fild17	1138	15
spawn	moc_fild17	1119	25
spawn	moc_fild17	1097	10
spawn	moc_fild17	1001	5
spawn	moc_fild17	1159	1
spawn	moc_fild17	1081	1
spawn	moc_fild17	1081	1
spawn	moc_fild17	1081	1
spawn	moc_fild17	1079	1
spawn	moc_fild17	1081	1
spawn	moc_fild17	1081	1
spawn	moc_fild17	1081	1
spawn	moc_fild18	1042	70
spawn	moc_fild18	1011	40
spawn	moc_fild18	1055	80
spawn	moc_fild18	1058	10
spawn	moc_fild18	1097	5
spawn	moc_fild18	1091	1
spawn	moc_fild18	1035	1
spawn	moc_fild18	1081	1
spawn	moc_fild18	1081	1
spawn	moc_fild18	1081	1
spawn	moc_fild18	1081	1
spawn	moc_fild18	1081	1
spawn	moc_fild18	1081	1
spawn	moc_fild18	1081	1
spawn	moc_fild18	1081	1
spawn	moc_fild20	1097	10
spawn	moc_fild20	1095	20
spawn	moc_fild20	1105	20
spawn	moc_fild20	1160	20
spawn	moc_fild20	1058	20
spawn	moc_fild20	1113	30
spawn	moc_fild20	1001	70
spawn	moc_fild20	1050	50
spawn	moc_fild20	1049	50
spawn	moc_fild20	1918	1
spawn	moc_fild20	1919	1
spawn	moc_fild20	1920	1
spawn	moc_fild20	1921	1
spawn	moc_fild21	1040	61
spawn	moc_fild21	1278	46
spawn	moc_fild21	1366	46
spawn	moc_fild21	1918	46
spawn	moc_fild21	1919	46
spawn	moc_fild21	1920	46
spawn	moc_fild21	1921	34
spawn	moc_fild22	1918	60
spawn	moc_fild22	1919	60
spawn	moc_fild22	1920	60
spawn	moc_fild22	1921	25
spawn	moc_fild22	1917	1
file	npc/pre-re/mobs/fields/moscovia.txt
spawn	mosk_fild02	1060	40
spawn	mosk_fild02	1103	20
spawn	mosk_fild02	1139	30
spawn	mosk_fild02	1002	10
spawn	mosk_fild02	1081	5
spawn	mosk_fild02	1082	5
file	npc/pre-re/mobs/fields/niflheim.txt
spawn	nif_fild01	1506	20
spawn	nif_fild01	1506	30
spawn	nif_fild01	1504	7
spawn	nif_fild01	1504	13
spawn	nif_fild01	1503	10
spawn	nif_fild01	1510	10
spawn	nif_fild01	1508	30
spawn	nif_fild02	1509	10
spawn	nif_fild02	1507	1
spawn	nif_fild02	1507	1
spawn	nif_fild02	1507	1
spawn	nif_fild02	1507	1
spawn	nif_fild02	1507	7
spawn	nif_fild02	1505	2
spawn	nif_fild02	1510	4
spawn	nif_fild02	1503	5
spawn	nif_fild02	1503	5
spawn	nif_fild02	1505	19
spawn	nif_fild02	1504	5
spawn	nif_fild02	1504	5
spawn	nif_fild02	1510	6
spawn	nif_fild02	1503	10
spawn	niflheim	1504	5
spawn	niflheim	1503	10
spawn	niflheim	1510	10
spawn	niflheim	1508	20
spawn	niflheim	1509	20
file	npc/pre-re/mobs/fields/payon.txt
spawn	pay_fild01	1010	10
spawn	pay_fild01	1031	10
spawn	pay_fild01	1002	10
spawn	pay_fild01	1014	100
spawn	pay_fild01	1084	1
spawn	pay_fild01	1084	1
spawn	pay_fild01	1084	1
spawn	pay_fild01	1084	1
spawn	pay_fild01	1084	1
spawn	pay_fild01	1084	1
spawn	pay_fild01	1084	1
spawn	pay_fild01	1084	1
spawn	pay_fild01	1084	1
spawn	pay_fild01	1084	1
spawn	pay_fild01	1084	1
spawn	pay_fild01	1084	1
spawn	pay_fild01	1084	1
spawn	pay_fild01	1084	1
spawn	pay_fild01	1084	1
spawn	pay_fild01	1080	5
spawn	pay_fild02	1025	30
spawn	pay_fild02	1013	70
spawn	pay_fild02	1014	10
spawn	pay_fild02	1031	20
spawn	pay_fild02	1080	4
spawn	pay_fild02	1085	4
spawn	pay_fild03	1002	30
spawn	pay_fild03	1010	30
spawn	pay_fild03	1008	50
spawn	pay_fild03	1063	50
spawn	pay_fild03	1085	6
spawn	pay_fild03	1080	4
spawn	pay_fild04	1002	40
spawn	pay_fild04	1113	40
spawn	pay_fild04	1031	40
spawn	pay_fild04	1242	10
spawn	pay_fild04	1120	1
spawn	pay_fild04	1090	1
spawn	pay_fild04	1096	1
spawn	pay_fild04	1582	1
spawn	pay_fild04	1083	1
spawn	pay_fild04	1080	5
spawn	pay_fild05	1321	5
spawn	pay_fild05	1031	20
spawn	pay_fild05	1077	65
spawn	pay_fild05	1080	4
spawn	pay_fild05	1080	4
spawn	pay_fild06	1024	90
spawn	pay_fild06	1014	20
spawn	pay_fild06	1031	20
spawn	pay_fild06	1053	40
spawn	pay_fild06	1085	8
spawn	pay_fild06	1080	10
spawn	pay_fild06	1083	1
spawn	pay_fild07	1033	70
spawn	pay_fild07	1116	40
spawn	pay_fild07	1031	20
spawn	pay_fild07	1010	20
spawn	pay_fild07	1060	30
spawn	pay_fild07	1080	8
spawn	pay_fild08	1002	30
spawn	pay_fild08	1010	50
spawn	pay_fild08	1008	20
spawn	pay_fild08	1014	70
spawn	pay_fild08	1080	10
spawn	pay_fild08	1083	1
spawn	pay_fild09	1031	20
spawn	pay_fild09	1056	80
spawn	pay_fild09	1060	70
spawn	pay_fild09	1080	10
spawn	pay_fild09	1083	1
spawn	pay_fild10	1277	65
spawn	pay_fild10	1110	70
spawn	pay_fild10	1077	20
spawn	pay_fild10	1180	2
spawn	pay_fild10	1180	1
spawn	pay_fild10	1180	1
spawn	pay_fild10	1080	5
spawn	pay_fild10	1080	5
spawn	pay_fild10	1080	5
spawn	pay_fild10	1079	1
spawn	pay_fild10	1079	1
spawn	pay_fild10	1079	1
spawn	pay_fild11	1277	30
spawn	pay_fild11	1180	60
spawn	pay_fild11	1321	50
spawn	pay_fild11	1115	1
spawn	pay_fild11	1085	3
spawn	pay_fild11	1085	3
file	npc/pre-re/mobs/fields/prontera.txt
spawn	prt_fild00	1018	10
spawn	prt_fild00	1007	20
spawn	prt_fild00	1008	30
spawn	prt_fild00	1063	30
spawn	prt_fild00	1002	40
spawn	prt_fild00	1004	70
spawn	prt_fild00	1083	1
spawn	prt_fild00	1080	5
spawn	prt_fild01	1051	30
spawn	prt_fild01	1007	20
spawn	prt_fild01	1008	10
spawn	prt_fild01	1063	80
spawn	prt_fild01	1002	30
spawn	prt_fild01	1080	3
spawn	prt_fild01	1079	1
spawn	prt_fild02	1020	70
spawn	prt_fild02	1007	50
spawn	prt_fild02	1008	20
spawn	prt_fild02	1063	10
spawn	prt_fild02	1002	30
spawn	prt_fild02	1093	1
spawn	prt_fild02	1083	1
spawn	prt_fild02	1083	2
spawn	prt_fild03	1057	80
spawn	prt_fild03	1056	40
spawn	prt_fild03	1214	1
spawn	prt_fild03	1031	10
spawn	prt_fild03	1080	5
spawn	prt_fild03	1079	2
spawn	prt_fild03	1080	5
spawn	prt_fild03	1080	5
spawn	prt_fild03	1080	5
spawn	prt_fild04	1052	70
spawn	prt_fild04	1018	40
spawn	prt_fild04	1008	10
spawn	prt_fild04	1002	30
spawn	prt_fild04	1088	1
spawn	prt_fild04	1080	5
spawn	prt_fild05	1002	70
spawn	prt_fild05	1048	20
spawn	prt_fild05	1063	30
spawn	prt_fild05	1008	30
spawn	prt_fild05	1051	10
spawn	prt_fild05	1080	6
spawn	prt_fild05	1079	1
spawn	prt_fild06	1063	60
spawn	prt_fild06	1048	20
spawn	prt_fild06	1051	10
spawn	prt_fild06	1008	20
spawn	prt_fild06	1002	60
spawn	prt_fild06	1080	15
spawn	prt_fild07	1052	80
spawn	prt_fild07	1031	30
spawn	prt_fild07	1088	1
spawn	prt_fild07	1084	3
spawn	prt_fild08	1063	40
spawn	prt_fild08	1008	20
spawn	prt_fild08	1002	70
spawn	prt_fild08	1113	10
spawn	prt_fild09	1167	70
spawn	prt_fild09	1107	20
spawn	prt_fild09	1047	20
spawn	prt_fild09	1049	20
spawn	prt_fild09	1009	10
spawn	prt_fild09	1081	3
spawn	prt_fild10	1166	70
spawn	prt_fild10	1167	40
spawn	prt_fild10	1031	20
spawn	prt_fild10	1051	10
spawn	prt_fild10	1085	15
spawn	prt_fild10	1083	1
spawn	prt_fild11	1122	10
spawn	prt_fild11	1123	20
spawn	prt_fild11	1124	20
spawn	prt_fild11	1125	30
spawn	prt_fild11	1126	30
spawn	prt_fild11	1258	10
spawn	prt_fild11	1308	1
spawn	prt_fild11	1280	30
spawn	prt_fild11	1085	10
file	npc/pre-re/mobs/fields/rachel.txt
spawn	ra_fild01	1780	60
spawn	ra_fild01	1368	30
spawn	ra_fild01	1781	20
spawn	ra_fild01	1783	5
spawn	ra_fild01	1259	3
spawn	ra_fild02	1780	60
spawn	ra_fild02	1781	20
spawn	ra_fild02	1783	15
spawn	ra_fild02	1785	1
spawn	ra_fild03	1783	35
spawn	ra_fild03	1781	10
spawn	ra_fild03	1782	10
spawn	ra_fild03	1784	10
spawn	ra_fild03	1785	1
spawn	ra_fild04	1782	60
spawn	ra_fild04	1784	20
spawn	ra_fild04	1261	10
spawn	ra_fild04	1783	3
spawn	ra_fild04	1785	1
spawn	ra_fild05	1680	70
spawn	ra_fild05	1781	20
spawn	ra_fild05	1368	10
spawn	ra_fild06	1680	50
spawn	ra_fild06	1627	20
spawn	ra_fild06	1781	10
spawn	ra_fild07	1782	50
spawn	ra_fild07	1783	20
spawn	ra_fild07	1784	10
spawn	ra_fild08	1784	100
spawn	ra_fild08	1113	40
spawn	ra_fild08	1781	20
spawn	ra_fild09	1781	60
spawn	ra_fild09	1613	20
spawn	ra_fild09	1680	10
spawn	ra_fild09	1376	1
spawn	ra_fild10	1784	30
spawn	ra_fild10	1783	20
spawn	ra_fild10	1782	10
spawn	ra_fild11	1113	100
spawn	ra_fild11	1784	40
spawn	ra_fild11	1782	2
spawn	ra_fild11	1081	15
spawn	ra_fild11	1078	5
spawn	ra_fild12	1113	100
spawn	ra_fild12	1784	40
spawn	ra_fild12	1031	5
spawn	ra_fild12	1081	15
spawn	ra_fild12	1078	5
spawn	ra_fild13	1784	60
spawn	ra_fild13	1113	40
spawn	ra_fild13	1782	5
file	npc/pre-re/mobs/fields/splendide.txt
spawn	spl_fild01	1995	50
spawn	spl_fild01	1993	35
spawn	spl_fild01	1992	25
spawn	spl_fild02	1995	95
spawn	spl_fild02	1994	15
spawn	spl_fild03	1994	35
spawn	spl_fild03	1992	25
spawn	spl_fild03	1993	20
spawn	spl_fild03	1991	1
file	npc/pre-re/mobs/fields/umbala.txt
spawn	um_fild01	1499	10
spawn	um_fild01	1215	15
spawn	um_fild01	1376	2
spawn	um_fild01	1493	65
spawn	um_fild01	1114	10
spawn	um_fild01	1080	10
spawn	um_fild01	1081	10
spawn	um_fild01	1083	6
spawn	um_fild02	1104	10
spawn	um_fild02	1214	5
spawn	um_fild02	1494	30
spawn	um_fild02	1114	20
spawn	um_fild02	1499	26
spawn	um_fild02	1495	13
spawn	um_fild02	1495	1
spawn	um_fild02	1499	2
spawn	um_fild02	1495	1
spawn	um_fild02	1499	2
spawn	um_fild02	1495	1
spawn	um_fild02	1499	2
spawn	um_fild02	1495	1
spawn	um_fild02	1499	2
spawn	um_fild02	1495	1
spawn	um_fild02	1499	2
spawn	um_fild02	1495	1
spawn	um_fild02	1499	2
spawn	um_fild02	1495	1
spawn	um_fild02	1499	2
spawn	um_fild02	1495	1
spawn	um_fild02	1499	2
spawn	um_fild02	1495	1
spawn	um_fild02	1499	2
spawn	um_fild02	1495	1
spawn	um_fild02	1499	2
spawn	um_fild02	1495	1
spawn	um_fild02	1499	2
spawn	um_fild02	1495	1
spawn	um_fild02	1499	2
spawn	um_fild02	1118	3
spawn	um_fild02	1078	5
spawn	um_fild02	1081	5
spawn	um_fild03	1500	95
spawn	um_fild03	1321	20
spawn	um_fild03	1271	10
spawn	um_fild03	1259	1
spawn	um_fild03	1079	5
spawn	um_fild03	1080	10
spawn	um_fild03	1083	2
spawn	um_fild04	1494	30
spawn	um_fild04	1128	15
spawn	um_fild04	1214	2
spawn	um_fild04	1498	7
spawn	um_fild04	1128	2
spawn	um_fild04	1494	4
spawn	um_fild04	1494	2
spawn	um_fild04	1494	2
spawn	um_fild04	1494	2
spawn	um_fild04	1494	2
spawn	um_fild04	1494	2
spawn	um_fild04	1128	1
spawn	um_fild04	1494	2
spawn	um_fild04	1128	1
spawn	um_fild04	1494	2
spawn	um_fild04	1128	1
spawn	um_fild04	1494	2
spawn	um_fild04	1128	1
spawn	um_fild04	1498	1
spawn	um_fild04	1498	1
spawn	um_fild04	1498	1
spawn	um_fild04	1078	5
spawn	um_fild04	1081	5
file	npc/pre-re/mobs/fields/veins.txt
spawn	ve_fild01	1113	10
spawn	ve_fild01	1784	20
spawn	ve_fild01	1055	70
spawn	ve_fild01	1037	10
spawn	ve_fild01	1785	1
spawn	ve_fild01	1078	10
spawn	ve_fild01	1081	10
spawn	ve_fild01	1079	4
spawn	ve_fild01	1083	1
spawn	ve_fild02	1784	20
spawn	ve_fild02	1166	30
spawn	ve_fild02	1166	30
spawn	ve_fild02	1782	2
spawn	ve_fild02	1782	18
spawn	ve_fild02	1037	1
spawn	ve_fild02	1037	4
spawn	ve_fild02	1785	1
spawn	ve_fild02	1078	10
spawn	ve_fild02	1081	10
spawn	ve_fild03	1784	10
spawn	ve_fild03	1836	10
spawn	ve_fild03	1165	20
spawn	ve_fild03	1165	25
spawn	ve_fild03	1386	5
spawn	ve_fild03	1078	10
spawn	ve_fild03	1081	10
spawn	ve_fild04	1784	20
spawn	ve_fild04	1106	60
spawn	ve_fild04	1782	20
spawn	ve_fild04	1780	10
spawn	ve_fild04	1081	10
spawn	ve_fild04	1079	3
spawn	ve_fild05	1782	15
spawn	ve_fild05	1783	5
spawn	ve_fild05	1781	10
spawn	ve_fild05	1165	10
spawn	ve_fild05	1165	7
spawn	ve_fild05	1165	11
spawn	ve_fild05	1165	2
spawn	ve_fild05	1386	10
spawn	ve_fild05	1386	15
spawn	ve_fild05	1386	25
spawn	ve_fild05	1386	5
spawn	ve_fild05	1082	5
spawn	ve_fild05	1083	1
spawn	ve_fild06	1784	2
spawn	ve_fild06	1784	1
spawn	ve_fild06	1083	1
spawn	ve_fild07	1784	30
spawn	ve_fild07	1266	3
spawn	ve_fild07	1266	7
spawn	ve_fild07	1074	3
spawn	ve_fild07	1074	7
spawn	ve_fild07	1254	24
spawn	ve_fild07	1254	4
spawn	ve_fild07	1254	7
spawn	ve_fild07	1037	70
spawn	ve_fild07	1082	10
file	npc/pre-re/mobs/fields/yuno.txt
spawn	yuno_fild01	1114	50
spawn	yuno_fild01	1002	20
spawn	yuno_fild01	1031	20
spawn	yuno_fild01	1369	3
spawn	yuno_fild01	1078	15
spawn	yuno_fild01	1079	2
spawn	yuno_fild01	1083	1
spawn	yuno_fild01	1081	2
spawn	yuno_fild01	1081	6
spawn	yuno_fild01	1083	2
spawn	yuno_fild01	1081	15
spawn	yuno_fild01	1080	20
spawn	yuno_fild02	1494	40
spawn	yuno_fild02	1128	40
spawn	yuno_fild02	1114	20
spawn	yuno_fild02	1035	10
spawn	yuno_fild02	1261	5
spawn	yuno_fild02	1715	2
spawn	yuno_fild02	1718	2
spawn	yuno_fild02	1078	10
spawn	yuno_fild02	1081	10
spawn	yuno_fild02	1080	10
spawn	yuno_fild03	1031	50
spawn	yuno_fild03	1113	40
spawn	yuno_fild03	1002	30
spawn	yuno_fild03	1242	20
spawn	yuno_fild03	1368	15
spawn	yuno_fild03	1037	1
spawn	yuno_fild03	1096	1
spawn	yuno_fild03	1582	1
spawn	yuno_fild03	1078	15
spawn	yuno_fild03	1081	15
spawn	yuno_fild03	1080	15
spawn	yuno_fild03	1083	1
spawn	yuno_fild03	1079	4
spawn	yuno_fild04	1002	60
spawn	yuno_fild04	1113	40
spawn	yuno_fild04	1009	20
spawn	yuno_fild04	1008	10
spawn	yuno_fild04	1090	1
spawn	yuno_fild04	1078	10
spawn	yuno_fild04	1081	10
spawn	yuno_fild04	1080	10
spawn	yuno_fild05	1162	70
spawn	yuno_fild05	1114	30
spawn	yuno_fild05	1128	30
spawn	yuno_fild05	1494	10
spawn	yuno_fild05	1388	1
spawn	yuno_fild05	1078	10
spawn	yuno_fild05	1080	10
spawn	yuno_fild05	1081	10
spawn	yuno_fild05	1079	2
spawn	yuno_fild05	1079	2
spawn	yuno_fild06	1386	70
spawn	yuno_fild06	1372	40
spawn	yuno_fild06	1378	20
spawn	yuno_fild06	1078	10
spawn	yuno_fild06	1081	10
spawn	yuno_fild06	1080	10
spawn	yuno_fild07	1372	10
spawn	yuno_fild07	1368	20
spawn	yuno_fild07	1380	10
spawn	yuno_fild07	1376	40
spawn	yuno_fild07	1078	10
spawn	yuno_fild07	1080	10
spawn	yuno_fild07	1081	10
spawn	yuno_fild08	1261	5
spawn	yuno_fild08	1369	30
spawn	yuno_fild08	1369	20
spawn	yuno_fild08	1369	30
spawn	yuno_fild08	1368	12
spawn	yuno_fild08	1368	6
spawn	yuno_fild08	1368	12
spawn	yuno_fild08	1114	7
spawn	yuno_fild08	1114	6
spawn	yuno_fild08	1114	7
spawn	yuno_fild08	1078	10
spawn	yuno_fild08	1080	10
spawn	yuno_fild08	1081	10
spawn	yuno_fild09	1494	40
spawn	yuno_fild09	1128	40
spawn	yuno_fild09	1174	20
spawn	yuno_fild09	1114	20
spawn	yuno_fild09	1035	10
spawn	yuno_fild09	1261	5
spawn	yuno_fild09	1078	10
spawn	yuno_fild09	1080	10
spawn	yuno_fild09	1081	10
spawn	yuno_fild10	1494	40
spawn	yuno_fild10	1174	20
spawn	yuno_fild10	1114	20
spawn	yuno_fild10	1368	20
spawn	yuno_fild10	1035	10
spawn	yuno_fild11	1386	10
spawn	yuno_fild11	1378	10
spawn	yuno_fild11	1368	15
spawn	yuno_fild11	1386	3
spawn	yuno_fild11	1368	2
spawn	yuno_fild11	1386	30
spawn	yuno_fild11	1368	15
spawn	yuno_fild11	1078	10
spawn	yuno_fild11	1080	10
spawn	yuno_fild11	1081	10
spawn	yuno_fild12	1114	30
spawn	yuno_fild12	1378	20
spawn	yuno_fild12	1031	15
spawn	yuno_fild12	1368	5
file	npc/quests/okolnir.txt
spawn	que_qaru01	1932	1
spawn	que_qaru01	1932	1
spawn	que_qaru01	1932	1
spawn	que_qaru01	1932	1
spawn	que_qaru01	1932	1
spawn	que_qaru01	1932	1
spawn	que_qaru01	1932	1
spawn	que_qaru01	1932	1
spawn	que_qaru01	1932	1
spawn	que_qaru01	1932	1
spawn	que_qaru01	1932	1
spawn	que_qaru01	1932	1
spawn	que_qaru01	1932	1
spawn	que_qaru01	1932	1
spawn	que_qaru01	1932	1
spawn	que_qaru01	1932	1
spawn	que_qaru01	1932	1
spawn	que_qaru01	1933	1
spawn	que_qaru01	1933	1
spawn	que_qaru01	1933	1
spawn	que_qaru01	1933	1
spawn	que_qaru01	1933	1
spawn	que_qaru01	1933	1
spawn	que_qaru01	1933	1
spawn	que_qaru01	1933	1
spawn	que_qaru01	1933	1
spawn	que_qaru01	1933	1
spawn	que_qaru01	1933	1
spawn	que_qaru01	1933	1
spawn	que_qaru01	1933	1
spawn	que_qaru01	1933	1
spawn	que_qaru01	1933	1
spawn	que_qaru01	1933	1
spawn	que_qaru01	1933	1
spawn	que_qaru01	1933	1
spawn	que_qaru01	1933	1
spawn	que_qaru01	1933	1
spawn	que_qaru01	1933	1
spawn	que_qaru01	1933	1
spawn	que_qaru01	1933	1
spawn	que_qaru01	1933	1
spawn	que_qaru01	1933	1
spawn	que_qaru01	1933	1
spawn	que_qaru01	1933	1
spawn	que_qaru01	1933	1
spawn	que_qaru02	1932	1
spawn	que_qaru02	1932	1
spawn	que_qaru02	1932	1
spawn	que_qaru02	1932	1
spawn	que_qaru02	1932	1
spawn	que_qaru02	1932	1
spawn	que_qaru02	1932	1
spawn	que_qaru02	1932	1
spawn	que_qaru02	1932	1
spawn	que_qaru02	1932	1
spawn	que_qaru02	1932	1
spawn	que_qaru02	1932	1
spawn	que_qaru02	1932	1
spawn	que_qaru02	1932	1
spawn	que_qaru02	1932	1
spawn	que_qaru02	1932	1
spawn	que_qaru02	1932	1
spawn	que_qaru02	1933	1
spawn	que_qaru02	1933	1
spawn	que_qaru02	1933	1
spawn	que_qaru02	1933	1
spawn	que_qaru02	1933	1
spawn	que_qaru02	1933	1
spawn	que_qaru02	1933	1
spawn	que_qaru02	1933	1
spawn	que_qaru02	1933	1
spawn	que_qaru02	1933	1
spawn	que_qaru02	1933	1
spawn	que_qaru02	1933	1
spawn	que_qaru02	1933	1
spawn	que_qaru02	1933	1
spawn	que_qaru02	1933	1
spawn	que_qaru02	1933	1
spawn	que_qaru02	1933	1
spawn	que_qaru02	1933	1
spawn	que_qaru02	1933	1
spawn	que_qaru02	1933	1
spawn	que_qaru02	1933	1
spawn	que_qaru02	1933	1
spawn	que_qaru02	1933	1
spawn	que_qaru02	1933	1
spawn	que_qaru02	1933	1
spawn	que_qaru02	1933	1
spawn	que_qaru02	1933	1
spawn	que_qaru02	1933	1
spawn	que_qaru03	1932	1
spawn	que_qaru03	1932	1
spawn	que_qaru03	1932	1
spawn	que_qaru03	1932	1
spawn	que_qaru03	1932	1
spawn	que_qaru03	1932	1
spawn	que_qaru03	1932	1
spawn	que_qaru03	1932	1
spawn	que_qaru03	1932	1
spawn	que_qaru03	1932	1
spawn	que_qaru03	1932	1
spawn	que_qaru03	1932	1
spawn	que_qaru03	1932	1
spawn	que_qaru03	1932	1
spawn	que_qaru03	1932	1
spawn	que_qaru03	1932	1
spawn	que_qaru03	1932	1
spawn	que_qaru03	1933	1
spawn	que_qaru03	1933	1
spawn	que_qaru03	1933	1
spawn	que_qaru03	1933	1
spawn	que_qaru03	1933	1
spawn	que_qaru03	1933	1
spawn	que_qaru03	1933	1
spawn	que_qaru03	1933	1
spawn	que_qaru03	1933	1
spawn	que_qaru03	1933	1
spawn	que_qaru03	1933	1
spawn	que_qaru03	1933	1
spawn	que_qaru03	1933	1
spawn	que_qaru03	1933	1
spawn	que_qaru03	1933	1
spawn	que_qaru03	1933	1
spawn	que_qaru03	1933	1
spawn	que_qaru03	1933	1
spawn	que_qaru03	1933	1
spawn	que_qaru03	1933	1
spawn	que_qaru03	1933	1
spawn	que_qaru03	1933	1
spawn	que_qaru03	1933	1
spawn	que_qaru03	1933	1
spawn	que_qaru03	1933	1
spawn	que_qaru03	1933	1
spawn	que_qaru03	1933	1
spawn	que_qaru03	1933	1
spawn	que_qaru04	1932	1
spawn	que_qaru04	1932	1
spawn	que_qaru04	1932	1
spawn	que_qaru04	1932	1
spawn	que_qaru04	1932	1
spawn	que_qaru04	1932	1
spawn	que_qaru04	1932	1
spawn	que_qaru04	1932	1
spawn	que_qaru04	1932	1
spawn	que_qaru04	1932	1
spawn	que_qaru04	1932	1
spawn	que_qaru04	1932	1
spawn	que_qaru04	1932	1
spawn	que_qaru04	1932	1
spawn	que_qaru04	1932	1
spawn	que_qaru04	1932	1
spawn	que_qaru04	1932	1
spawn	que_qaru04	1933	1
spawn	que_qaru04	1933	1
spawn	que_qaru04	1933	1
spawn	que_qaru04	1933	1
spawn	que_qaru04	1933	1
spawn	que_qaru04	1933	1
spawn	que_qaru04	1933	1
spawn	que_qaru04	1933	1
spawn	que_qaru04	1933	1
spawn	que_qaru04	1933	1
spawn	que_qaru04	1933	1
spawn	que_qaru04	1933	1
spawn	que_qaru04	1933	1
spawn	que_qaru04	1933	1
spawn	que_qaru04	1933	1
spawn	que_qaru04	1933	1
spawn	que_qaru04	1933	1
spawn	que_qaru04	1933	1
spawn	que_qaru04	1933	1
spawn	que_qaru04	1933	1
spawn	que_qaru04	1933	1
spawn	que_qaru04	1933	1
spawn	que_qaru04	1933	1
spawn	que_qaru04	1933	1
spawn	que_qaru04	1933	1
spawn	que_qaru04	1933	1
spawn	que_qaru04	1933	1
spawn	que_qaru04	1933	1
spawn	que_qaru05	1932	1
spawn	que_qaru05	1932	1
spawn	que_qaru05	1932	1
spawn	que_qaru05	1932	1
spawn	que_qaru05	1932	1
spawn	que_qaru05	1932	1
spawn	que_qaru05	1932	1
spawn	que_qaru05	1932	1
spawn	que_qaru05	1932	1
spawn	que_qaru05	1932	1
spawn	que_qaru05	1932	1
spawn	que_qaru05	1932	1
spawn	que_qaru05	1932	1
spawn	que_qaru05	1932	1
spawn	que_qaru05	1932	1
spawn	que_qaru05	1932	1
spawn	que_qaru05	1932	1
spawn	que_qaru05	1933	1
spawn	que_qaru05	1933	1
spawn	que_qaru05	1933	1
spawn	que_qaru05	1933	1
spawn	que_qaru05	1933	1
spawn	que_qaru05	1933	1
spawn	que_qaru05	1933	1
spawn	que_qaru05	1933	1
spawn	que_qaru05	1933	1
spawn	que_qaru05	1933	1
spawn	que_qaru05	1933	1
spawn	que_qaru05	1933	1
spawn	que_qaru05	1933	1
spawn	que_qaru05	1933	1
spawn	que_qaru05	1933	1
spawn	que_qaru05	1933	1
spawn	que_qaru05	1933	1
spawn	que_qaru05	1933	1
spawn	que_qaru05	1933	1
spawn	que_qaru05	1933	1
spawn	que_qaru05	1933	1
spawn	que_qaru05	1933	1
spawn	que_qaru05	1933	1
spawn	que_qaru05	1933	1
spawn	que_qaru05	1933	1
spawn	que_qaru05	1933	1
spawn	que_qaru05	1933	1
spawn	que_qaru05	1933	1
spawn	que_qsch01	1932	1
spawn	que_qsch01	1932	1
spawn	que_qsch01	1932	1
spawn	que_qsch01	1932	1
spawn	que_qsch01	1932	1
spawn	que_qsch01	1932	1
spawn	que_qsch01	1932	1
spawn	que_qsch01	1932	1
spawn	que_qsch01	1932	1
spawn	que_qsch01	1932	1
spawn	que_qsch01	1932	1
spawn	que_qsch01	1932	1
spawn	que_qsch01	1932	1
spawn	que_qsch01	1932	1
spawn	que_qsch01	1932	1
spawn	que_qsch01	1932	1
spawn	que_qsch01	1932	1
spawn	que_qsch01	1933	1
spawn	que_qsch01	1933	1
spawn	que_qsch01	1933	1
spawn	que_qsch01	1933	1
spawn	que_qsch01	1933	1
spawn	que_qsch01	1933	1
spawn	que_qsch01	1933	1
spawn	que_qsch01	1933	1
spawn	que_qsch01	1933	1
spawn	que_qsch01	1933	1
spawn	que_qsch01	1933	1
spawn	que_qsch01	1933	1
spawn	que_qsch01	1933	1
spawn	que_qsch01	1933	1
spawn	que_qsch01	1933	1
spawn	que_qsch01	1933	1
spawn	que_qsch01	1933	1
spawn	que_qsch01	1933	1
spawn	que_qsch01	1933	1
spawn	que_qsch01	1933	1
spawn	que_qsch01	1933	1
spawn	que_qsch01	1933	1
spawn	que_qsch01	1933	1
spawn	que_qsch01	1933	1
spawn	que_qsch01	1933	1
spawn	que_qsch01	1933	1
spawn	que_qsch01	1933	1
spawn	que_qsch01	1933	1
spawn	que_qsch02	1932	1
spawn	que_qsch02	1932	1
spawn	que_qsch02	1932	1
spawn	que_qsch02	1932	1
spawn	que_qsch02	1932	1
spawn	que_qsch02	1932	1
spawn	que_qsch02	1932	1
spawn	que_qsch02	1932	1
spawn	que_qsch02	1932	1
spawn	que_qsch02	1932	1
spawn	que_qsch02	1932	1
spawn	que_qsch02	1932	1
spawn	que_qsch02	1932	1
spawn	que_qsch02	1932	1
spawn	que_qsch02	1932	1
spawn	que_qsch02	1932	1
spawn	que_qsch02	1932	1
spawn	que_qsch02	1933	1
spawn	que_qsch02	1933	1
spawn	que_qsch02	1933	1
spawn	que_qsch02	1933	1
spawn	que_qsch02	1933	1
spawn	que_qsch02	1933	1
spawn	que_qsch02	1933	1
spawn	que_qsch02	1933	1
spawn	que_qsch02	1933	1
spawn	que_qsch02	1933	1
spawn	que_qsch02	1933	1
spawn	que_qsch02	1933	1
spawn	que_qsch02	1933	1
spawn	que_qsch02	1933	1
spawn	que_qsch02	1933	1
spawn	que_qsch02	1933	1
spawn	que_qsch02	1933	1
spawn	que_qsch02	1933	1
spawn	que_qsch02	1933	1
spawn	que_qsch02	1933	1
spawn	que_qsch02	1933	1
spawn	que_qsch02	1933	1
spawn	que_qsch02	1933	1
spawn	que_qsch02	1933	1
spawn	que_qsch02	1933	1
spawn	que_qsch02	1933	1
spawn	que_qsch02	1933	1
spawn	que_qsch02	1933	1
spawn	que_qsch03	1932	1
spawn	que_qsch03	1932	1
spawn	que_qsch03	1932	1
spawn	que_qsch03	1932	1
spawn	que_qsch03	1932	1
spawn	que_qsch03	1932	1
spawn	que_qsch03	1932	1
spawn	que_qsch03	1932	1
spawn	que_qsch03	1932	1
spawn	que_qsch03	1932	1
spawn	que_qsch03	1932	1
spawn	que_qsch03	1932	1
spawn	que_qsch03	1932	1
spawn	que_qsch03	1932	1
spawn	que_qsch03	1932	1
spawn	que_qsch03	1932	1
spawn	que_qsch03	1932	1
spawn	que_qsch03	1933	1
spawn	que_qsch03	1933	1
spawn	que_qsch03	1933	1
spawn	que_qsch03	1933	1
spawn	que_qsch03	1933	1
spawn	que_qsch03	1933	1
spawn	que_qsch03	1933	1
spawn	que_qsch03	1933	1
spawn	que_qsch03	1933	1
spawn	que_qsch03	1933	1
spawn	que_qsch03	1933	1
spawn	que_qsch03	1933	1
spawn	que_qsch03	1933	1
spawn	que_qsch03	1933	1
spawn	que_qsch03	1933	1
spawn	que_qsch03	1933	1
spawn	que_qsch03	1933	1
spawn	que_qsch03	1933	1
spawn	que_qsch03	1933	1
spawn	que_qsch03	1933	1
spawn	que_qsch03	1933	1
spawn	que_qsch03	1933	1
spawn	que_qsch03	1933	1
spawn	que_qsch03	1933	1
spawn	que_qsch03	1933	1
spawn	que_qsch03	1933	1
spawn	que_qsch03	1933	1
spawn	que_qsch03	1933	1
spawn	que_qsch04	1932	1
spawn	que_qsch04	1932	1
spawn	que_qsch04	1932	1
spawn	que_qsch04	1932	1
spawn	que_qsch04	1932	1
spawn	que_qsch04	1932	1
spawn	que_qsch04	1932	1
spawn	que_qsch04	1932	1
spawn	que_qsch04	1932	1
spawn	que_qsch04	1932	1
spawn	que_qsch04	1932	1
spawn	que_qsch04	1932	1
spawn	que_qsch04	1932	1
spawn	que_qsch04	1932	1
spawn	que_qsch04	1932	1
spawn	que_qsch04	1932	1
spawn	que_qsch04	1932	1
spawn	que_qsch04	1933	1
spawn	que_qsch04	1933	1
spawn	que_qsch04	1933	1
spawn	que_qsch04	1933	1
spawn	que_qsch04	1933	1
spawn	que_qsch04	1933	1
spawn	que_qsch04	1933	1
spawn	que_qsch04	1933	1
spawn	que_qsch04	1933	1
spawn	que_qsch04	1933	1
spawn	que_qsch04	1933	1
spawn	que_qsch04	1933	1
spawn	que_qsch04	1933	1
spawn	que_qsch04	1933	1
spawn	que_qsch04	1933	1
spawn	que_qsch04	1933	1
spawn	que_qsch04	1933	1
spawn	que_qsch04	1933	1
spawn	que_qsch04	1933	1
spawn	que_qsch04	1933	1
spawn	que_qsch04	1933	1
spawn	que_qsch04	1933	1
spawn	que_qsch04	1933	1
spawn	que_qsch04	1933	1
spawn	que_qsch04	1933	1
spawn	que_qsch04	1933	1
spawn	que_qsch04	1933	1
spawn	que_qsch04	1933	1
spawn	que_qsch05	1932	1
spawn	que_qsch05	1932	1
spawn	que_qsch05	1932	1
spawn	que_qsch05	1932	1
spawn	que_qsch05	1932	1
spawn	que_qsch05	1932	1
spawn	que_qsch05	1932	1
spawn	que_qsch05	1932	1
spawn	que_qsch05	1932	1
spawn	que_qsch05	1932	1
spawn	que_qsch05	1932	1
spawn	que_qsch05	1932	1
spawn	que_qsch05	1932	1
spawn	que_qsch05	1932	1
spawn	que_qsch05	1932	1
spawn	que_qsch05	1932	1
spawn	que_qsch05	1932	1
spawn	que_qsch05	1933	1
spawn	que_qsch05	1933	1
spawn	que_qsch05	1933	1
spawn	que_qsch05	1933	1
spawn	que_qsch05	1933	1
spawn	que_qsch05	1933	1
spawn	que_qsch05	1933	1
spawn	que_qsch05	1933	1
spawn	que_qsch05	1933	1
spawn	que_qsch05	1933	1
spawn	que_qsch05	1933	1
spawn	que_qsch05	1933	1
spawn	que_qsch05	1933	1
spawn	que_qsch05	1933	1
spawn	que_qsch05	1933	1
spawn	que_qsch05	1933	1
spawn	que_qsch05	1933	1
spawn	que_qsch05	1933	1
spawn	que_qsch05	1933	1
spawn	que_qsch05	1933	1
spawn	que_qsch05	1933	1
spawn	que_qsch05	1933	1
spawn	que_qsch05	1933	1
spawn	que_qsch05	1933	1
spawn	que_qsch05	1933	1
spawn	que_qsch05	1933	1
spawn	que_qsch05	1933	1
spawn	que_qsch05	1933	1
file	npc/quests/quests_moscovia.txt
spawn	mosk_que	1887	10
spawn	mosk_que	1888	3
spawn	mosk_que	1243	15
file	npc/quests/the_sign_quest.txt
spawn	que_sign02	1522	8
spawn	que_sign02	1435	8
spawn	que_sign02	1423	20
spawn	que_sign02	1580	8
spawn	que_sign02	1446	8
spawn	que_sign02	1479	15
spawn	que_sign02	1480	15
spawn	que_sign02	1475	15
spawn	que_sign02	1566	8
file	npc/re/custom/lasagna/lasa_dun.txt
spawn	lasa_dun01	3501	30
spawn	lasa_dun01	3502	60
spawn	lasa_dun01	3505	1
spawn	lasa_dun02	3503	60
spawn	lasa_dun02	3506	30
spawn	lasa_dun03	3504	110
spawn	lasa_dun03	3507	60
spawn	lasa_dun_q	3502	70
spawn	lasa_dun_q	3501	30
file	npc/re/custom/lasagna/lasa_fild.txt
spawn	lasa_fild01	3495	30
spawn	lasa_fild01	3496	30
spawn	lasa_fild01	3497	30
spawn	lasa_fild01	3495	50
spawn	lasa_fild01	3496	50
spawn	lasa_fild01	3497	50
spawn	lasa_fild01	1078	5
spawn	lasa_fild02	3498	90
spawn	lasa_fild02	3499	100
spawn	lasa_fild02	3500	100
spawn	lasa_fild02	3502	10
file	npc/re/jobs/3-1/mechanic.txt
spawn	jupe_core2	1669	100
file	npc/re/jobs/3-1/warlock.txt
spawn	spl_fild02	2049	20
spawn	spl_fild02	2047	20
file	npc/re/jobs/3-2/genetic.txt
spawn	job3_gen01	1428	1
spawn	job3_gen01	1428	1
spawn	job3_gen01	1428	1
spawn	job3_gen01	1428	1
spawn	job3_gen01	1428	1
spawn	job3_gen01	1428	1
spawn	job3_gen01	1428	1
spawn	job3_gen01	1428	1
spawn	job3_gen01	1428	1
spawn	job3_gen01	1428	1
spawn	job3_gen01	1428	1
spawn	job3_gen01	1428	1
spawn	job3_gen01	1428	1
spawn	job3_gen01	1428	1
spawn	job3_gen01	1428	1
spawn	job3_gen01	1428	1
spawn	job3_gen01	1428	1
spawn	job3_gen01	1428	1
file	npc/re/jobs/3-2/shadow_chaser.txt
spawn	tur_dun03	2076	1
spawn	ice_dun02	2077	1
spawn	niflheim	2078	1
file	npc/re/jobs/novice/academy.txt
spawn	iz_ac01	2413	1
spawn	iz_ac01	2413	1
spawn	iz_ac01	2408	1
spawn	iz_ac01	2408	1
spawn	iz_ac01_a	2413	1
spawn	iz_ac01_a	2413	1
spawn	iz_ac01_a	2408	1
spawn	iz_ac01_a	2408	1
spawn	iz_ac01_b	2413	1
spawn	iz_ac01_b	2413	1
spawn	iz_ac01_b	2408	1
spawn	iz_ac01_b	2408	1
spawn	iz_ac01_c	2413	1
spawn	iz_ac01_c	2413	1
spawn	iz_ac01_c	2408	1
spawn	iz_ac01_c	2408	1
spawn	iz_ac01_d	2413	1
spawn	iz_ac01_d	2413	1
spawn	iz_ac01_d	2408	1
spawn	iz_ac01_d	2408	1
spawn	new_1-3	2398	30
file	npc/re/jobs/novice/novice.txt
spawn	new_1-3	1002	20
spawn	new_1-3	1113	10
spawn	new_1-3	1063	20
spawn	new_2-3	1011	10
spawn	new_2-3	1063	15
spawn	new_2-3	1010	10
spawn	new_2-3	1002	15
spawn	new_3-3	1011	10
spawn	new_3-3	1063	15
spawn	new_3-3	1010	10
spawn	new_3-3	1002	5
spawn	new_4-3	1004	5
spawn	new_4-3	1010	15
spawn	new_4-3	1184	5
spawn	new_4-3	1049	15
spawn	new_5-3	1004	5
spawn	new_5-3	1010	15
spawn	new_5-3	1184	5
spawn	new_5-3	1049	15
file	npc/re/mobs/academy.txt
spawn	prt_fild08	1002	110
spawn	prt_fild08	1063	100
spawn	prt_fild08	1007	100
spawn	prt_fild08	2398	30
spawn	prt_fild08a	1002	110
spawn	prt_fild08a	1063	100
spawn	prt_fild08a	1007	100
spawn	prt_fild08a	2398	30
spawn	prt_fild08b	1002	110
spawn	prt_fild08b	1063	100
spawn	prt_fild08b	1007	100
spawn	prt_fild08b	2398	30
spawn	prt_fild08c	1002	110
spawn	prt_fild08c	1063	100
spawn	prt_fild08c	1007	100
spawn	prt_fild08c	2398	30
spawn	prt_fild08d	1002	110
spawn	prt_fild08d	1063	100
spawn	prt_fild08d	1007	100
spawn	prt_fild08d	2398	30
spawn	treasure_n1	1085	10
spawn	treasure_n1	1084	10
spawn	treasure_n1	1085	10
spawn	treasure_n1	1084	10
spawn	treasure_n1	2404	10
spawn	treasure_n1	1078	5
spawn	treasure_n1	1080	5
spawn	treasure_n1	1081	5
spawn	treasure_n1	1079	5
spawn	treasure_n1	1082	5
spawn	treasure_n1	1015	1
spawn	treasure_n1	1015	1
spawn	treasure_n1	2405	4
spawn	treasure_n1	1012	3
spawn	treasure_n1	1012	6
spawn	treasure_n1	1014	3
spawn	treasure_n1	1014	3
spawn	treasure_n1	1012	3
spawn	treasure_n1	1012	3
spawn	treasure_n1	2404	5
spawn	treasure_n1	2404	7
spawn	treasure_n1	1014	4
spawn	treasure_n1	1014	2
spawn	treasure_n1	2405	3
spawn	treasure_n1	2405	5
spawn	treasure_n1	1015	1
spawn	treasure_n2	1085	10
spawn	treasure_n2	1084	10
spawn	treasure_n2	2406	3
spawn	treasure_n2	2405	5
spawn	treasure_n2	1078	5
spawn	treasure_n2	1080	5
spawn	treasure_n2	1081	5
spawn	treasure_n2	1079	5
spawn	treasure_n2	1082	5
spawn	treasure_n2	2405	7
spawn	treasure_n2	2404	5
spawn	treasure_n2	2406	3
spawn	treasure_n2	2405	5
spawn	treasure_n2	1015	2
spawn	treasure_n2	2404	4
spawn	treasure_n2	2405	10
spawn	treasure_n2	2406	5
spawn	treasure_n2	2405	5
spawn	treasure_n2	2406	3
spawn	treasure_n2	1015	3
spawn	treasure_n2	2405	5
spawn	treasure_n2	2404	7
spawn	treasure_n2	1015	3
spawn	treasure_n2	2406	2
spawn	treasure_n2	2406	5
spawn	treasure_n2	2405	7
spawn	treasure_n2	2404	4
spawn	new_1-3	2398	30
file	npc/re/mobs/championmobs.txt
spawn	abbey01	2887	3
spawn	abbey02	2603	3
spawn	abbey03	2736	2
spawn	abyss_01	2832	2
spawn	abyss_02	2913	2
spawn	abyss_03	2912	2
spawn	alde_dun01	2894	1
spawn	alde_dun02	2805	2
spawn	alde_dun03	2717	2
spawn	alde_dun04	2885	1
spawn	ama_dun01	2746	2
spawn	ama_dun02	2704	1
spawn	ama_dun03	2664	2
spawn	ama_fild01	2789	2
spawn	anthell01	2857	3
spawn	anthell02	2902	2
spawn	arug_dun01	2886	2
spawn	ayo_dun01	2781	2
spawn	ayo_dun02	2639	2
spawn	ayo_fild01	2654	2
spawn	ayo_fild02	2609	1
spawn	beach_dun	2759	2
spawn	beach_dun2	2644	2
spawn	beach_dun3	2635	2
spawn	bif_fild01	2751	2
spawn	bif_fild02	2777	2
spawn	bra_dun01	2709	2
spawn	bra_dun02	2795	3
spawn	bra_fild01	2630	3
spawn	c_tower1	2682	2
spawn	c_tower2	2871	1
spawn	c_tower3	2910	1
spawn	c_tower4	2870	2
spawn	cmd_fild01	2808	2
spawn	cmd_fild02	2829	3
spawn	cmd_fild03	2907	3
spawn	cmd_fild04	2668	2
spawn	cmd_fild06	2812	2
spawn	cmd_fild07	2694	2
spawn	cmd_fild08	2857	2
spawn	cmd_fild09	2754	2
spawn	dew_dun01	2867	2
spawn	dew_dun02	2888	2
spawn	dew_fild01	2906	2
spawn	dic_dun01	2799	2
spawn	dic_dun02	2896	2
spawn	dic_dun03	2693	2
spawn	dic_fild01	2873	2
spawn	dic_fild02	2850	2
spawn	ecl_fild01	2758	1
spawn	ecl_tdun01	2874	1
spawn	ecl_tdun02	2898	1
spawn	ecl_tdun03	2897	1
spawn	ein_dun01	2708	2
spawn	ein_dun02	2750	2
spawn	ein_fild02	2629	2
spawn	ein_fild03	2636	2
spawn	ein_fild04	2624	2
spawn	ein_fild05	2727	2
spawn	ein_fild06	2745	2
spawn	ein_fild07	2756	2
spawn	ein_fild08	2755	2
spawn	ein_fild09	2700	2
spawn	gef_dun00	2797	1
spawn	gef_dun01	2823	2
spawn	gef_dun02	2854	2
spawn	gef_dun03	2614	1
spawn	gef_fild00	2872	2
spawn	gef_fild01	2679	2
spawn	gef_fild02	2869	3
spawn	gef_fild03	2725	3
spawn	gef_fild04	2765	2
spawn	gef_fild05	2863	2
spawn	gef_fild06	2715	2
spawn	gef_fild07	2699	2
spawn	gef_fild08	2714	2
spawn	gef_fild09	2868	2
spawn	gef_fild10	2722	2
spawn	gef_fild11	2814	3
spawn	gefenia01	2834	2
spawn	gefenia02	2623	2
spawn	gefenia03	2622	2
spawn	gefenia04	2621	2
spawn	gl_cas01	2877	2
spawn	gl_cas02_	2734	2
spawn	gl_cas02	2620	2
spawn	gl_church	2838	2
spawn	gl_chyard_	2733	2
spawn	gl_chyard	2861	2
spawn	gl_dun01	2893	1
spawn	gl_dun02	2767	1
spawn	gl_in01	2761	1
spawn	gl_knt01	2691	2
spawn	gl_knt02	2690	2
spawn	gl_prison	2604	1
spawn	gl_prison1	2792	2
spawn	gl_sew01	2618	1
spawn	gl_sew02	2827	1
spawn	gl_sew03	2640	2
spawn	gl_sew04	2899	2
spawn	gl_step	2614	2
spawn	glast_01	2826	1
spawn	gld_dun01_2	2659	2
spawn	gld_dun01	2780	2
spawn	gld_dun02_2	2901	2
spawn	gld_dun02	2821	2
spawn	gld_dun03_2	2818	2
spawn	gld_dun03	2876	2
spawn	gld_dun04_2	2820	2
spawn	gld_dun04	2605	2
spawn	gld2_ald	2900	2
spawn	gld2_gef	2819	2
spawn	gld2_pay	2658	2
spawn	gld2_prt	2817	2
spawn	gon_dun01	2883	2
spawn	gon_dun02	2775	1
spawn	gon_dun03	2617	2
spawn	gon_fild01	2683	2
spawn	hu_fild01	2731	2
spawn	hu_fild02	2730	2
spawn	hu_fild04	2729	2
spawn	hu_fild05	2728	2
spawn	hu_fild06	2666	1
spawn	ice_dun01	2661	1
spawn	ice_dun02	2652	2
spawn	ice_dun03	2794	2
spawn	in_sphinx1	2847	1
spawn	in_sphinx2	2687	2
spawn	in_sphinx3	2763	1
spawn	in_sphinx4	2749	1
spawn	in_sphinx5	2719	2
spawn	iz_dun00	2707	2
spawn	iz_dun01	2628	2
spawn	iz_dun02	2864	2
spawn	iz_dun03	2713	2
spawn	iz_dun04	2757	2
spawn	iz_dun05	2669	2
spawn	jupe_core	2853	3
spawn	juperos_01	2625	3
spawn	juperos_02	2895	3
spawn	kh_dun01	2908	1
spawn	kh_dun02	2909	1
spawn	kh_kiehl01	2866	2
spawn	lhz_dun01	2688	3
spawn	lhz_dun02	2692	3
spawn	lhz_dun03	2667	3
spawn	lhz_dun04	2875	3
spawn	lhz_fild01	2695	3
spawn	lhz_fild01	2696	2
spawn	lhz_fild01	2697	2
spawn	lhz_fild01	2698	2
spawn	lhz_fild02	2641	2
spawn	lhz_fild03	2881	3
spawn	lou_dun01	2778	2
spawn	lou_dun02	2796	1
spawn	lou_dun03	2862	1
spawn	lou_fild01	2793	1
spawn	ma_dun01	2766	2
spawn	ma_fild01	2631	2
spawn	ma_fild02	2879	2
spawn	mag_dun01	2837	1
spawn	mag_dun02	2732	2
spawn	mal_dun01	2689	2
spawn	man_fild01	2735	2
spawn	man_fild02	2882	2
spawn	man_fild03	2637	1
spawn	mjo_dun01	2638	2
spawn	mjo_dun02	2760	2
spawn	mjo_dun03	2660	2
spawn	mjolnir_01	2878	2
spawn	mjolnir_02	2840	3
spawn	mjolnir_03	2663	2
spawn	mjolnir_04	2846	3
spawn	mjolnir_05	2892	2
spawn	mjolnir_06	2705	3
spawn	mjolnir_07	2673	3
spawn	mjolnir_08	2787	2
spawn	mjolnir_09	2671	2
spawn	mjolnir_10	2890	2
spawn	mjolnir_11	2891	2
spawn	mjolnir_12	2842	2
spawn	moc_fild01	2741	3
spawn	moc_fild02	2718	2
spawn	moc_fild03	2613	2
spawn	moc_fild07	2845	3
spawn	moc_fild11	2856	3
spawn	moc_fild12	2712	2
spawn	moc_fild13	2642	3
spawn	moc_fild16	2674	2
spawn	moc_fild17	2802	2
spawn	moc_fild18	2670	3
spawn	moc_fild20	2744	1
spawn	moc_fild21	2743	2
spawn	moc_fild22	2742	3
spawn	moc_pryd02	2740	2
spawn	moc_pryd03	2739	2
spawn	moc_pryd04	2790	2
spawn	moc_pryd05	2748	2
spawn	moc_pryd06	2753	2
spawn	moc_prydn1	2747	2
spawn	moc_prydn2	2752	2
spawn	mosk_dun01	2612	2
spawn	mosk_dun02	2779	1
spawn	mosk_dun03	2626	2
spawn	mosk_fild02	2662	1
spawn	nameless_n	2822	1
spawn	new_1-3	2776	2
spawn	nif_fild01	2852	2
spawn	nif_fild02	2774	1
spawn	niflheim	2772	1
spawn	nyd_dun01	2849	2
spawn	odin_tem01	2880	1
spawn	odin_tem02	2657	1
spawn	odin_tem03	2706	2
spawn	orcsdun01	2723	2
spawn	orcsdun02	2724	2
spawn	pay_dun00	2606	2
spawn	pay_dun01	2649	2
spawn	pay_dun02	2648	3
spawn	pay_dun03	2651	2
spawn	pay_dun04	2851	2
spawn	pay_fild01	2615	2
spawn	pay_fild02	2653	3
spawn	pay_fild03	2836	3
spawn	pay_fild04	2703	2
spawn	pay_fild06	2610	3
spawn	pay_fild07	2884	2
spawn	pay_fild09	2800	2
spawn	pay_fild10	2809	2
spawn	prt_fild00	2678	2
spawn	prt_fild01	2771	2
spawn	prt_fild02	2645	3
spawn	prt_fild03	2608	2
spawn	prt_fild04	2905	2
spawn	prt_fild05	2798	2
spawn	prt_fild06	2835	2
spawn	prt_fild07	2680	3
spawn	prt_fild08	2770	1
spawn	prt_fild08	2696	1
spawn	prt_fild08	2697	1
spawn	prt_fild08	2698	1
spawn	prt_fild08	2699	1
spawn	prt_fild09	2768	2
spawn	prt_fild10	2839	3
spawn	prt_fild11	2813	3
spawn	prt_maze01	2672	2
spawn	prt_maze02	2702	2
spawn	prt_maze03	2701	2
spawn	prt_maze03	2764	2
spawn	prt_sewb1	2833	1
spawn	prt_sewb2	2634	2
spawn	prt_sewb3	2633	3
spawn	prt_sewb4	2632	2
spawn	ra_fild01	2855	2
spawn	ra_fild03	2804	3
spawn	ra_fild04	2803	3
spawn	ra_fild05	2785	3
spawn	ra_fild06	2784	3
spawn	ra_fild08	2904	2
spawn	ra_fild12	2677	2
spawn	ra_san01	2627	2
spawn	ra_san02	2791	2
spawn	ra_san03	2801	2
spawn	ra_san04	2841	1
spawn	ra_san05	2911	2
spawn	schg_dun01	2607	2
spawn	spl_fild01	2710	2
spawn	spl_fild02	2711	2
spawn	spl_fild03	2773	1
spawn	teg_dun01	2783	2
spawn	teg_dun02	2782	2
spawn	tha_t01	2681	2
spawn	tha_t02	2903	2
spawn	tha_t03	2860	2
spawn	tha_t04	2859	2
spawn	tha_t05	2721	2
spawn	tha_t06	2858	2
spawn	tha_t07	2686	2
spawn	tha_t08	2685	2
spawn	tha_t09	2650	2
spawn	tha_t10	2684	2
spawn	tha_t11	2665	2
spawn	tha_t12	2726	2
spawn	thor_v01	2788	2
spawn	thor_v02	2786	1
spawn	thor_v03	2675	2
spawn	treasure_n1	2646	2
spawn	treasure_n2	2619	2
spawn	treasure02	2676	1
spawn	treasure02	2716	2
spawn	tur_dun01	2848	1
spawn	tur_dun02	2647	2
spawn	tur_dun03	2831	1
spawn	tur_dun04	2889	1
spawn	tur_dun05	2830	1
spawn	um_fild01	2843	2
spawn	um_fild02	2611	1
spawn	um_fild03	2720	1
spawn	um_fild04	2616	1
spawn	ve_fild01	2828	1
spawn	ve_fild02	2844	2
spawn	ve_fild03	2769	2
spawn	ve_fild04	2738	2
spawn	ve_fild07	2643	2
spawn	xmas_dun01	2865	2
spawn	xmas_dun02	2737	2
spawn	xmas_fild01	2762	1
spawn	yuno_fild01	2825	2
spawn	yuno_fild02	2656	2
spawn	yuno_fild03	2807	3
spawn	yuno_fild04	2806	3
spawn	yuno_fild06	2655	1
spawn	yuno_fild07	2816	2
spawn	yuno_fild08	2811	2
spawn	yuno_fild09	2810	2
spawn	yuno_fild11	2815	2
spawn	yuno_fild12	2824	1
file	npc/re/mobs/dungeons/abbey.txt
spawn	nameless_n	1036	40
spawn	nameless_n	1866	17
spawn	nameless_n	1867	16
spawn	nameless_n	1865	12
spawn	nameless_n	1864	12
spawn	nameless_n	1869	3
spawn	abbey01	1867	96
spawn	abbey01	1036	57
spawn	abbey01	1865	34
spawn	abbey01	1864	30
spawn	abbey01	1866	25
spawn	abbey01	1869	21
spawn	abbey02	1864	210
spawn	abbey02	1865	70
spawn	abbey02	1869	21
spawn	abbey02	1870	7
spawn	abbey02	1871	1
spawn	abbey03	1870	60
spawn	abbey03	1867	30
spawn	abbey03	1869	25
spawn	abbey03	1873	1
file	npc/re/mobs/dungeons/abyss.txt
spawn	abyss_01	1717	55
spawn	abyss_01	1216	30
spawn	abyss_01	1714	30
spawn	abyss_01	1191	10
spawn	abyss_01	1699	10
spawn	abyss_01	1715	9
spawn	abyss_01	1718	9
spawn	abyss_01	1721	8
spawn	abyss_02	1716	60
spawn	abyss_02	1714	50
spawn	abyss_02	1721	10
spawn	abyss_02	1191	10
spawn	abyss_02	1713	10
spawn	abyss_02	1699	10
spawn	abyss_02	1715	5
spawn	abyss_02	1718	5
spawn	abyss_03	1713	60
spawn	abyss_03	1721	10
spawn	abyss_03	1191	10
spawn	abyss_03	1716	10
spawn	abyss_03	1699	10
spawn	abyss_03	1714	10
spawn	abyss_03	1717	10
spawn	abyss_03	1720	3
spawn	abyss_03	1719	1
spawn	abyss_04	20612	25
spawn	abyss_04	20613	15
spawn	abyss_04	20614	35
spawn	abyss_04	20615	35
spawn	abyss_04	20616	50
spawn	abyss_04	20617	50
spawn	abyss_04	20618	1
file	npc/re/mobs/dungeons/alde_dun.txt
spawn	alde_dun01	1194	58
spawn	alde_dun01	1111	47
spawn	alde_dun02	1213	50
spawn	alde_dun02	1211	20
spawn	alde_dun02	1194	20
spawn	alde_dun02	1189	20
spawn	alde_dun03	1216	85
spawn	alde_dun03	1209	56
spawn	alde_dun03	1111	55
spawn	alde_dun04	1102	57
spawn	alde_dun04	1179	11
spawn	alde_dun04	1131	11
file	npc/re/mobs/dungeons/ama_dun.txt
spawn	ama_dun01	1404	91
spawn	ama_dun01	1403	63
spawn	ama_dun01	1401	2
spawn	ama_dun02	1402	35
spawn	ama_dun02	1403	20
spawn	ama_dun02	1129	10
spawn	ama_dun02	1404	5
spawn	ama_dun02	1401	2
spawn	ama_dun02	1375	1
spawn	ama_dun03	1401	65
spawn	ama_dun03	1405	65
spawn	ama_dun03	1403	29
spawn	ama_dun03	1375	23
spawn	ama_dun03	1191	5
spawn	ama_dun03	1404	1
spawn	ama_dun03	1492	1
file	npc/re/mobs/dungeons/amicitia.txt
spawn	amicitia1	20924	55
spawn	amicitia1	20925	55
spawn	amicitia1	20926	55
spawn	amicitia1	20927	55
spawn	amicitia2	20920	65
spawn	amicitia2	20921	65
spawn	amicitia2	20922	65
spawn	amicitia2	20923	65
spawn	amicitia2	20928	1
file	npc/re/mobs/dungeons/anthell.txt
spawn	anthell01	1160	50
spawn	anthell01	1105	40
spawn	anthell01	1005	20
spawn	anthell01	1095	15
spawn	anthell01	1176	10
spawn	anthell01	1121	1
spawn	anthell01	1097	1
spawn	anthell01	1097	1
spawn	anthell01	1097	1
spawn	anthell01	1097	1
spawn	anthell01	1097	1
spawn	anthell01	1097	1
spawn	anthell01	1097	1
spawn	anthell01	1097	1
spawn	anthell01	1097	1
spawn	anthell01	1097	1
spawn	anthell01	1097	1
spawn	anthell01	1097	1
spawn	anthell01	1097	1
spawn	anthell01	1097	1
spawn	anthell01	1097	1
spawn	anthell01	1097	1
spawn	anthell01	1097	1
spawn	anthell01	1097	1
spawn	anthell01	1097	1
spawn	anthell01	1097	1
spawn	anthell01	1097	1
spawn	anthell01	1097	1
spawn	anthell01	1097	1
spawn	anthell01	1097	1
spawn	anthell01	1097	1
spawn	anthell01	1097	1
spawn	anthell01	1097	1
spawn	anthell01	1097	1
spawn	anthell01	1097	1
spawn	anthell01	1097	1
spawn	anthell01	1097	1
spawn	anthell01	1097	1
spawn	anthell01	1097	1
spawn	anthell01	1097	1
spawn	anthell01	1097	1
spawn	anthell01	1097	1
spawn	anthell01	1097	1
spawn	anthell01	1097	1
spawn	anthell01	1097	1
spawn	anthell01	1097	1
spawn	anthell01	1097	1
spawn	anthell01	1097	1
spawn	anthell01	1097	1
spawn	anthell01	1097	1
spawn	anthell01	1097	1
spawn	anthell01	1097	1
spawn	anthell01	1097	1
spawn	anthell01	1097	1
spawn	anthell01	1097	1
spawn	anthell01	1097	1
spawn	anthell01	1097	1
spawn	anthell01	1097	1
spawn	anthell01	1097	1
spawn	anthell01	1097	1
spawn	anthell01	1097	1
spawn	anthell01	1097	1
spawn	anthell01	1097	1
spawn	anthell01	1097	1
spawn	anthell01	1097	1
spawn	anthell01	1097	1
spawn	anthell01	1097	1
spawn	anthell01	1097	1
spawn	anthell01	1097	1
spawn	anthell01	1097	1
spawn	anthell01	1097	1
spawn	anthell01	1097	1
spawn	anthell01	1097	1
spawn	anthell01	1097	1
spawn	anthell01	1097	1
spawn	anthell01	1097	1
spawn	anthell01	1097	1
spawn	anthell01	1097	1
spawn	anthell01	1097	1
spawn	anthell01	1097	1
spawn	anthell01	1097	1
spawn	anthell01	1097	1
spawn	anthell01	1097	1
spawn	anthell01	1097	1
spawn	anthell01	1097	1
spawn	anthell01	1097	1
spawn	anthell01	1097	1
spawn	anthell01	1097	1
spawn	anthell01	1097	1
spawn	anthell01	1097	1
spawn	anthell01	1097	1
spawn	anthell01	1097	1
spawn	anthell01	1097	1
spawn	anthell02	1095	50
spawn	anthell02	1176	30
spawn	anthell02	1005	20
spawn	anthell02	1097	15
spawn	anthell02	1105	15
spawn	anthell02	1160	15
spawn	anthell02	1121	3
spawn	anthell02	1147	1
spawn	ant_d02_i	21386	30
spawn	ant_d02_i	21388	20
spawn	ant_d02_i	21391	20
spawn	ant_d02_i	21389	30
spawn	ant_d02_i	21393	25
spawn	ant_d02_i	21392	15
spawn	ant_d02_i	21390	30
spawn	ant_d02_i	21387	15
spawn	ant_d02_i	21394	15
file	npc/re/mobs/dungeons/ayo_dun.txt
spawn	ayo_dun01	1586	104
spawn	ayo_dun01	1036	48
spawn	ayo_dun01	1179	16
spawn	ayo_dun01	1587	8
spawn	ayo_dun02	1584	116
spawn	ayo_dun02	1179	23
spawn	ayo_dun02	1587	23
spawn	ayo_dun02	1688	1
file	npc/re/mobs/dungeons/ba_2whs.txt
spawn	ba_2whs01	20639	30
spawn	ba_2whs01	20641	90
spawn	ba_2whs01	20682	70
spawn	ba_2whs02	20637	80
spawn	ba_2whs02	20639	80
spawn	ba_2whs02	20641	20
file	npc/re/mobs/dungeons/ba_bath.txt
spawn	ba_bath	20633	30
spawn	ba_bath	20634	30
spawn	ba_bath	20643	70
spawn	ba_bath	20644	50
spawn	ba_bath	20645	50
spawn	ba_bath	20646	70
file	npc/re/mobs/dungeons/ba_lib.txt
spawn	ba_lib	20630	10
spawn	ba_lib	20680	15
spawn	ba_lib	20683	80
spawn	ba_lib	20684	70
file	npc/re/mobs/dungeons/ba_pw.txt
spawn	ba_pw01	20630	15
spawn	ba_pw01	20680	15
spawn	ba_pw01	20688	90
spawn	ba_pw01	20689	80
spawn	ba_pw01	20690	50
spawn	ba_pw02	20680	15
spawn	ba_pw02	20685	60
spawn	ba_pw02	20686	80
spawn	ba_pw02	20687	60
spawn	ba_pw02	20688	60
spawn	ba_pw03	20691	80
spawn	ba_pw03	20692	80
spawn	ba_pw03	20693	70
spawn	ba_pw03	20694	70
file	npc/re/mobs/dungeons/beach_dun.txt
spawn	beach_dun	1148	60
spawn	beach_dun	1255	20
spawn	beach_dun	1256	20
spawn	beach_dun	1264	3
spawn	beach_dun	1583	1
spawn	beach_dun2	1278	65
spawn	beach_dun2	1279	20
spawn	beach_dun2	1274	15
spawn	beach_dun2	1068	10
spawn	beach_dun2	1255	3
spawn	beach_dun3	1034	50
spawn	beach_dun3	1064	30
spawn	beach_dun3	1068	30
spawn	beach_dun3	1255	1
file	npc/re/mobs/dungeons/bra_dun.txt
spawn	bra_dun01	2070	80
spawn	bra_dun01	2069	30
spawn	bra_dun01	1084	5
spawn	bra_dun01	1141	20
spawn	bra_dun01	1070	10
spawn	bra_dun01	1161	10
spawn	bra_dun01	1068	15
spawn	bra_dun02	2070	60
spawn	bra_dun02	2069	110
spawn	bra_dun02	1141	10
spawn	bra_dun02	1070	10
spawn	bra_dun02	1161	10
spawn	bra_dun02	1068	15
spawn	bra_dun02	1083	2
spawn	bra_dun02	1084	5
spawn	bra_dun02	2068	1
file	npc/re/mobs/dungeons/c_tower.txt
spawn	c_tower1	1195	107
spawn	c_tower1	1199	107
spawn	c_tower1	1102	1
spawn	c_tower1	1270	1
spawn	c_tower2	1269	55
spawn	c_tower2	1199	55
spawn	c_tower2	1195	16
spawn	c_tower2	1191	4
spawn	c_tower2	1377	2
spawn	c_tower2	1270	1
spawn	c_tower3	1193	109
spawn	c_tower3	1191	9
spawn	c_tower3	1195	8
spawn	c_tower3	1270	4
spawn	c_tower4	1269	35
spawn	c_tower4	1320	30
spawn	c_tower4	1193	30
spawn	c_tower4	1195	15
spawn	c_tower4	1191	12
spawn	c_tower4	1179	5
spawn	c_tower4	1270	3
spawn	c_tower4	1377	2
spawn	c_tower2_	2479	4
spawn	c_tower2_	2478	16
spawn	c_tower2_	2919	55
spawn	c_tower2_	2916	55
spawn	c_tower2_	2918	1
spawn	c_tower2_	2920	2
spawn	c_tower2_	2921	1
spawn	c_tower3_	2479	9
spawn	c_tower3_	2478	8
spawn	c_tower3_	2917	109
spawn	c_tower3_	2918	2
spawn	c_tower3_	2921	3
spawn	c_tower3_	2923	3
spawn	c_tower3_	3074	1
file	npc/re/mobs/dungeons/dew_dun.txt
spawn	dew_dun01	2152	100
spawn	dew_dun01	2156	1
spawn	dew_dun02	2154	70
spawn	dew_dun02	2155	40
file	npc/re/mobs/dungeons/dic_dun.txt
spawn	dic_dun01	2083	50
spawn	dic_dun01	2084	45
spawn	dic_dun01	2088	15
spawn	dic_dun01	2089	15
spawn	dic_dun02	2085	50
spawn	dic_dun02	2086	45
spawn	dic_dun02	2090	15
spawn	dic_dun02	2091	15
spawn	dic_dun02	2087	1
spawn	dic_dun03	2166	10
spawn	dic_dun03	2167	10
spawn	dic_dun03	2168	10
spawn	dic_dun03	2169	10
spawn	dic_dun03	2161	30
spawn	dic_dun03	2162	30
spawn	dic_dun03	2163	40
spawn	dic_dun03	2164	40
spawn	dic_dun03	2165	1
file	npc/re/mobs/dungeons/ecl_tdun.txt
spawn	ecl_tdun01	2365	15
spawn	ecl_tdun01	2366	10
spawn	ecl_tdun01	2367	5
spawn	ecl_tdun01	2368	5
spawn	ecl_tdun02	2365	15
spawn	ecl_tdun02	2366	15
spawn	ecl_tdun02	2368	5
spawn	ecl_tdun02	2369	5
spawn	ecl_tdun03	2366	15
spawn	ecl_tdun03	2368	5
spawn	ecl_tdun03	2370	5
spawn	ecl_tdun03	2371	3
file	npc/re/mobs/dungeons/ein_dun.txt
spawn	ein_dun01	1616	70
spawn	ein_dun01	1620	30
spawn	ein_dun01	1619	30
spawn	ein_dun01	1621	10
spawn	ein_dun01	1617	1
spawn	ein_dun01	1618	1
spawn	ein_dun02	1614	50
spawn	ein_dun02	1615	40
spawn	ein_dun02	1617	30
spawn	ein_dun02	1622	30
spawn	ein_dun02	1623	1
spawn	ein_dun03	20592	35
spawn	ein_dun03	20593	35
spawn	ein_dun03	20594	40
spawn	ein_dun03	20595	40
spawn	ein_dun03	20596	40
spawn	ein_dun03	20597	40
spawn	ein_dun03	20603	20
spawn	ein_dun03	20602	22
spawn	ein_dun03	20598	20
spawn	ein_dun03	20600	3
spawn	ein_dun03	20601	1
spawn	ein_d02_i	20255	25
spawn	ein_d02_i	20256	25
spawn	ein_d02_i	20257	25
spawn	ein_d02_i	20258	20
spawn	ein_d02_i	20259	20
spawn	ein_d02_i	20261	20
spawn	ein_d02_i	20262	15
spawn	ein_d02_i	20263	15
file	npc/re/mobs/dungeons/for_dun.txt
spawn	for_dun01	22192	12
spawn	for_dun01	22193	16
spawn	for_dun01	22194	18
spawn	for_dun01	22196	12
spawn	for_dun01	22197	16
spawn	for_dun01	22198	18
spawn	for_dun01	22200	12
spawn	for_dun01	22201	16
spawn	for_dun01	22202	18
spawn	for_dun01	22204	12
spawn	for_dun01	22205	16
spawn	for_dun01	22206	18
spawn	for_dun01	22195	4
spawn	for_dun01	22199	4
spawn	for_dun01	22203	4
spawn	for_dun01	22207	4
spawn	for_dun02	22216	24
spawn	for_dun02	22217	28
spawn	for_dun02	22218	32
spawn	for_dun02	22220	24
spawn	for_dun02	22221	28
spawn	for_dun02	22222	32
spawn	for_dun02	22224	24
spawn	for_dun02	22225	28
spawn	for_dun02	22226	32
spawn	for_dun02	22228	24
spawn	for_dun02	22229	28
spawn	for_dun02	22230	32
spawn	for_dun02	22219	7
spawn	for_dun02	22223	7
spawn	for_dun02	22227	7
spawn	for_dun02	22231	7
file	npc/re/mobs/dungeons/gef_dun.txt
spawn	gef_dun00	1035	30
spawn	gef_dun00	1077	25
spawn	gef_dun00	1031	15
spawn	gef_dun00	1078	1
spawn	gef_dun00	1081	1
spawn	gef_dun00	1080	1
spawn	gef_dun00	1078	1
spawn	gef_dun00	1083	1
spawn	gef_dun00	1078	10
spawn	gef_dun00	1084	3
spawn	gef_dun00	1084	3
spawn	gef_dun01	1036	40
spawn	gef_dun01	1130	40
spawn	gef_dun01	1061	30
spawn	gef_dun01	1015	25
spawn	gef_dun01	1111	20
spawn	gef_dun01	1389	1
spawn	gef_dun01	1079	1
spawn	gef_dun01	1084	5
spawn	gef_dun01	1082	3
spawn	gef_dun01	1082	3
spawn	gef_dun01	1082	2
spawn	gef_dun01	1082	2
spawn	gef_dun02	1109	45
spawn	gef_dun02	1143	30
spawn	gef_dun02	1061	20
spawn	gef_dun02	1179	20
spawn	gef_dun02	1036	10
spawn	gef_dun02	1035	10
spawn	gef_dun02	1046	1
spawn	gef_dun02	1082	3
spawn	gef_dun02	1082	3
spawn	gef_dun02	1082	3
spawn	gef_dun02	1082	3
spawn	gef_dun02	1083	1
spawn	gef_dun02	1083	1
spawn	gef_dun03	1192	14
spawn	gef_dun03	1263	5
spawn	gef_dun03	1626	1
spawn	gef_dun03	1083	5
spawn	gef_dun03	1082	18
spawn	gef_d01_i	1082	12
spawn	gef_d01_i	1079	2
spawn	gef_d01_i	3750	25
spawn	gef_d01_i	3751	10
spawn	gef_d01_i	3752	20
spawn	gef_d01_i	3753	30
spawn	gef_d01_i	3754	25
spawn	gef_d01_i	3755	15
file	npc/re/mobs/dungeons/gefenia.txt
spawn	gefenia01	1371	63
spawn	gefenia01	1390	31
spawn	gefenia01	1292	21
spawn	gefenia01	1219	10
spawn	gefenia01	1374	10
spawn	gefenia01	1370	10
spawn	gefenia01	1268	1
spawn	gefenia01	1203	1
spawn	gefenia01	1205	1
spawn	gefenia01	1204	1
spawn	gefenia02	1390	40
spawn	gefenia02	1292	30
spawn	gefenia02	1371	30
spawn	gefenia02	1370	20
spawn	gefenia02	1219	10
spawn	gefenia02	1374	10
spawn	gefenia02	1268	1
spawn	gefenia02	1204	1
spawn	gefenia02	1203	1
spawn	gefenia02	1205	1
spawn	gefenia03	1371	42
spawn	gefenia03	1390	42
spawn	gefenia03	1292	31
spawn	gefenia03	1374	21
spawn	gefenia03	1219	10
spawn	gefenia03	1370	10
spawn	gefenia03	1268	1
spawn	gefenia03	1205	1
spawn	gefenia03	1203	1
spawn	gefenia03	1204	1
spawn	gefenia04	1371	30
spawn	gefenia04	1390	30
spawn	gefenia04	1292	20
spawn	gefenia04	1219	10
spawn	gefenia04	1374	10
spawn	gefenia04	1370	10
spawn	gefenia04	1268	1
spawn	gefenia04	1203	1
spawn	gefenia04	1205	1
spawn	gefenia04	1204	1
file	npc/re/mobs/dungeons/glastheim.txt
spawn	glast_01	1253	10
spawn	glast_01	1080	8
spawn	glast_01	1219	2
spawn	glast_01	1083	1
spawn	glast_01	1080	8
spawn	glast_01	1079	2
spawn	gl_cas01	1267	50
spawn	gl_cas01	1260	35
spawn	gl_cas01	1320	35
spawn	gl_cas01	1195	26
spawn	gl_cas01	1281	17
spawn	gl_cas01	1179	17
spawn	gl_cas01	1295	10
spawn	gl_cas01	1275	1
spawn	gl_cas02	1208	41
spawn	gl_cas02	1163	36
spawn	gl_cas02	1195	29
spawn	gl_cas02	1276	20
spawn	gl_cas02	1117	9
spawn	gl_cas02	1219	7
spawn	gl_cas02	1132	6
spawn	gl_cas02	1283	3
spawn	gl_cas02	1191	2
spawn	gl_cas02	1275	1
spawn	gl_cas02	1185	1
spawn	gl_cas02	1203	1
spawn	gl_cas02	1204	1
spawn	gl_church	1117	85
spawn	gl_church	1192	78
spawn	gl_church	1191	12
spawn	gl_chyard	1198	95
spawn	gl_chyard	1192	55
spawn	gl_chyard	1117	15
spawn	gl_chyard	1191	4
spawn	gl_chyard	1035	4
spawn	gl_chyard	1272	1
spawn	gl_chyard	1302	1
spawn	gl_dun01	1194	53
spawn	gl_dun01	1207	43
spawn	gl_dun02	1310	52
spawn	gl_dun02	1253	17
spawn	gl_in01	1143	25
spawn	gl_in01	1281	17
spawn	gl_in01	1260	12
spawn	gl_in01	1195	10
spawn	gl_in01	1208	1
spawn	gl_in01	1275	1
spawn	gl_knt01	1163	126
spawn	gl_knt01	1195	29
spawn	gl_knt01	1276	14
spawn	gl_knt01	1219	14
spawn	gl_knt01	1132	14
spawn	gl_knt01	1275	1
spawn	gl_knt01	1186	1
spawn	gl_knt01	1084	1
spawn	gl_knt01	1084	1
spawn	gl_knt01	1084	1
spawn	gl_knt01	1084	1
spawn	gl_knt01	1084	1
spawn	gl_knt01	1084	1
spawn	gl_knt01	1084	1
spawn	gl_knt01	1084	1
spawn	gl_knt01	1084	1
spawn	gl_knt01	1084	1
spawn	gl_knt01	1084	1
spawn	gl_knt01	1084	1
spawn	gl_knt02	1163	101
spawn	gl_knt02	1132	50
spawn	gl_knt02	1276	38
spawn	gl_knt02	1219	7
spawn	gl_knt02	1275	1
spawn	gl_knt02	1203	1
spawn	gl_knt02	1268	1
spawn	gl_prison	1197	38
spawn	gl_prison	1257	25
spawn	gl_prison	1201	19
spawn	gl_prison	1035	12
spawn	gl_prison1	1257	40
spawn	gl_prison1	1196	30
spawn	gl_prison1	1201	10
spawn	gl_prison1	1202	10
spawn	gl_prison1	1035	10
spawn	gl_prison1	1209	5
spawn	gl_prison1	1200	1
spawn	gl_sew01	1179	66
spawn	gl_sew01	1253	49
spawn	gl_sew01	1194	16
spawn	gl_sew02	1253	89
spawn	gl_sew02	1209	24
spawn	gl_sew03	1207	99
spawn	gl_sew03	1253	56
spawn	gl_sew04	1206	126
spawn	gl_sew04	1253	25
spawn	gl_sew04	1111	12
spawn	gl_step	1263	138
spawn	gl_step	1276	13
spawn	gl_step	1191	6
spawn	gl_cas02_	2480	4
spawn	gl_cas02_	2485	1
spawn	gl_cas02_	2479	19
spawn	gl_cas02_	2478	10
spawn	gl_cas02_	2477	60
spawn	gl_cas02_	1203	1
spawn	gl_cas02_	1275	1
spawn	gl_cas02_	1185	1
spawn	gl_cas02_	2483	1
spawn	gl_chyard_	2481	91
spawn	gl_chyard_	1291	31
spawn	gl_chyard_	2480	22
spawn	gl_chyard_	2479	34
spawn	gl_chyard_	1272	1
spawn	gl_cas01_	20367	49
spawn	gl_cas01_	20368	77
spawn	gl_cas01_	20369	27
spawn	gl_cas01_	20370	26
spawn	gl_cas01_	20371	32
spawn	gl_cas01_	20379	42
spawn	gl_cas01_	20380	41
spawn	gl_cas01_	20420	33
spawn	gl_cas01_	20421	1
spawn	gl_cas01_	20422	1
file	npc/re/mobs/dungeons/gld_dunSE.txt
spawn	schg_dun01	1978	20
spawn	schg_dun01	1979	20
spawn	schg_dun01	1977	15
spawn	schg_dun01	1976	15
spawn	arug_dun01	1974	22
spawn	arug_dun01	1975	22
spawn	arug_dun01	1796	22
spawn	arug_dun01	1870	18
spawn	arug_dun01	1797	5
file	npc/re/mobs/dungeons/gld_re.txt
spawn	gld_dun01	1311	30
spawn	gld_dun01	1306	55
spawn	gld_dun01	1307	3
spawn	gld_dun01	1150	1
spawn	gld_dun01_2	1290	50
spawn	gld_dun01_2	1301	15
spawn	gld_dun01_2	1309	20
spawn	gld_dun01_2	1115	1
spawn	gld2_pay	1290	60
spawn	gld2_pay	1301	25
spawn	gld2_pay	1309	30
spawn	gld2_pay	2253	1
spawn	gld2_pay	2254	1
spawn	gld_dun02	1303	30
spawn	gld_dun02	1305	25
spawn	gld_dun02	1304	15
spawn	gld_dun02	1059	1
spawn	gld_dun02_2	1294	30
spawn	gld_dun02_2	2133	40
spawn	gld_dun02_2	1289	3
spawn	gld_dun02_2	1147	1
spawn	gld2_ald	1294	60
spawn	gld2_ald	2133	70
spawn	gld2_ald	1289	3
spawn	gld2_ald	2251	1
spawn	gld2_ald	2252	1
spawn	gld_dun03	1300	35
spawn	gld_dun03	1293	35
spawn	gld_dun03	1039	1
spawn	gld_dun03_2	2284	13
spawn	gld_dun03_2	2285	23
spawn	gld_dun03_2	2286	23
spawn	gld_dun03_2	2287	23
spawn	gld_dun03_2	1296	1
spawn	gld_dun03_2	1785	1
spawn	gld2_prt	2284	25
spawn	gld2_prt	2285	35
spawn	gld2_prt	2286	35
spawn	gld2_prt	2287	35
spawn	gld2_prt	2249	1
spawn	gld2_prt	2250	1
spawn	gld_dun04	1292	10
spawn	gld_dun04	1298	55
spawn	gld_dun04	1291	25
spawn	gld_dun04	1120	1
spawn	gld_dun04	1046	1
spawn	gld_dun04_2	2282	15
spawn	gld_dun04_2	2283	15
spawn	gld_dun04_2	2281	45
spawn	gld_dun04_2	1302	1
spawn	gld_dun04_2	1272	1
spawn	gld2_gef	2282	20
spawn	gld2_gef	2283	20
spawn	gld2_gef	2281	80
spawn	gld2_gef	1302	1
spawn	gld2_gef	2255	1
spawn	gld2_gef	2256	1
spawn	gld2_pay	2288	5
spawn	gld2_ald	2288	5
spawn	gld2_prt	2288	5
spawn	gld2_gef	2288	5
file	npc/re/mobs/dungeons/gon_dun.txt
spawn	gon_dun01	1408	60
spawn	gon_dun01	1410	38
spawn	gon_dun01	1417	33
spawn	gon_dun01	1081	11
spawn	gon_dun01	1082	11
spawn	gon_dun01	1078	5
spawn	gon_dun02	1410	27
spawn	gon_dun02	1412	26
spawn	gon_dun02	1408	26
spawn	gon_dun02	1415	7
spawn	gon_dun02	1081	13
spawn	gon_dun03	1416	67
spawn	gon_dun03	1412	40
spawn	gon_dun03	1413	26
spawn	gon_dun03	1418	1
spawn	gon_dun03	1082	13
file	npc/re/mobs/dungeons/ice_dun.txt
spawn	ice_dun01	1776	76
spawn	ice_dun01	1782	5
spawn	ice_dun01	1780	5
spawn	ice_dun01	1778	2
spawn	ice_dun02	1775	70
spawn	ice_dun02	1776	30
spawn	ice_dun02	1789	19
spawn	ice_dun02	1778	15
spawn	ice_dun02	1777	7
spawn	ice_dun03	1777	70
spawn	ice_dun03	1778	42
spawn	ice_dun03	1789	32
spawn	ice_dun03	1775	15
spawn	ice_d03_i	3792	30
spawn	ice_d03_i	3793	30
spawn	ice_d03_i	3794	20
spawn	ice_d03_i	3795	20
file	npc/re/mobs/dungeons/in_sphinx.txt
spawn	in_sphinx1	1111	76
spawn	in_sphinx1	1164	38
spawn	in_sphinx1	1178	38
spawn	in_sphinx1	1146	19
spawn	in_sphinx2	1164	80
spawn	in_sphinx2	1178	80
spawn	in_sphinx2	1146	32
spawn	in_sphinx2	1111	24
spawn	in_sphinx3	1140	82
spawn	in_sphinx3	1146	18
spawn	in_sphinx3	1191	6
spawn	in_sphinx3	1154	6
spawn	in_sphinx4	1149	77
spawn	in_sphinx4	1154	30
spawn	in_sphinx4	1098	23
spawn	in_sphinx4	1191	6
spawn	in_sphinx5	1154	79
spawn	in_sphinx5	1037	22
spawn	in_sphinx5	1146	11
spawn	in_sphinx5	1098	11
spawn	in_sphinx5	1191	7
spawn	in_sphinx5	1157	1
file	npc/re/mobs/dungeons/iz_dun.txt
spawn	iz_dun00	1161	88
spawn	iz_dun00	1141	61
spawn	iz_dun00	1066	20
spawn	iz_dun00	1070	20
spawn	iz_dun00	1068	20
spawn	iz_dun00	1084	6
spawn	iz_dun01	1066	60
spawn	iz_dun01	1070	50
spawn	iz_dun01	1068	30
spawn	iz_dun01	1141	15
spawn	iz_dun01	1067	15
spawn	iz_dun01	1161	10
spawn	iz_dun01	1084	10
spawn	iz_dun02	1067	60
spawn	iz_dun02	1144	40
spawn	iz_dun02	1044	40
spawn	iz_dun02	1068	40
spawn	iz_dun02	1264	1
spawn	iz_dun02	1084	15
spawn	iz_dun03	1158	45
spawn	iz_dun03	1045	40
spawn	iz_dun03	1069	40
spawn	iz_dun03	1142	20
spawn	iz_dun03	1264	3
spawn	iz_dun03	1068	1
spawn	iz_dun03	1068	1
spawn	iz_dun03	1068	1
spawn	iz_dun03	1068	1
spawn	iz_dun03	1068	1
spawn	iz_dun03	1068	1
spawn	iz_dun03	1068	1
spawn	iz_dun03	1068	1
spawn	iz_dun03	1068	1
spawn	iz_dun03	1068	1
spawn	iz_dun03	1068	1
spawn	iz_dun03	1068	1
spawn	iz_dun03	1068	1
spawn	iz_dun03	1068	1
spawn	iz_dun03	1068	1
spawn	iz_dun03	1068	1
spawn	iz_dun03	1068	1
spawn	iz_dun03	1068	1
spawn	iz_dun03	1068	1
spawn	iz_dun03	1068	1
spawn	iz_dun03	1068	1
spawn	iz_dun03	1068	1
spawn	iz_dun03	1068	1
spawn	iz_dun03	1068	1
spawn	iz_dun03	1068	1
spawn	iz_dun03	1068	1
spawn	iz_dun03	1068	1
spawn	iz_dun03	1068	1
spawn	iz_dun03	1068	1
spawn	iz_dun03	1068	1
spawn	iz_dun04	1264	61
spawn	iz_dun04	1065	58
spawn	iz_dun04	1142	11
spawn	iz_dun04	1069	11
spawn	iz_dun04	1108	3
spawn	iz_dun04	1068	1
spawn	iz_dun04	1068	1
spawn	iz_dun04	1068	1
spawn	iz_dun04	1068	1
spawn	iz_dun04	1068	1
spawn	iz_dun04	1068	1
spawn	iz_dun04	1068	1
spawn	iz_dun04	1068	1
spawn	iz_dun04	1068	1
spawn	iz_dun04	1068	1
spawn	iz_dun04	1068	1
spawn	iz_dun04	1068	1
spawn	iz_dun04	1068	1
spawn	iz_dun04	1068	1
spawn	iz_dun04	1068	1
spawn	iz_dun04	1068	1
spawn	iz_dun04	1068	1
spawn	iz_dun04	1068	1
spawn	iz_dun05	2201	50
spawn	iz_dun05	2204	60
spawn	iz_dun05	2203	30
spawn	iz_dun05	2198	25
spawn	iz_dun05	2202	1
spawn	iz_d04_i	20801	45
spawn	iz_d04_i	20802	45
spawn	iz_d04_i	20805	45
spawn	iz_d04_i	20804	45
spawn	iz_d04_i	20803	45
spawn	iz_d05_i	20808	45
spawn	iz_d05_i	20807	45
spawn	iz_d05_i	20809	45
spawn	iz_d05_i	20806	45
spawn	iz_d05_i	20810	45
file	npc/re/mobs/dungeons/juperos.txt
spawn	juperos_01	1676	70
spawn	juperos_01	1677	70
spawn	juperos_01	1678	70
spawn	juperos_01	1679	50
spawn	juperos_01	1670	10
spawn	juperos_01	1671	5
spawn	juperos_01	1672	5
spawn	juperos_01	1673	5
spawn	juperos_02	1365	70
spawn	juperos_02	1676	65
spawn	juperos_02	1677	65
spawn	juperos_02	1678	65
spawn	juperos_02	1679	50
spawn	jupe_core	1670	40
spawn	jupe_core	1671	40
spawn	jupe_core	1672	40
spawn	jupe_core	1673	40
spawn	jupe_core	1668	40
spawn	jupe_core	1676	25
spawn	jupe_core	1677	25
spawn	jupe_core	1678	25
spawn	jupe_core	1685	1
file	npc/re/mobs/dungeons/kh_dun.txt
spawn	kh_dun01	1737	55
spawn	kh_dun01	1275	30
spawn	kh_dun01	1738	9
spawn	kh_dun01	1745	6
spawn	kh_dun01	1735	3
spawn	kh_dun01	1736	3
spawn	kh_dun02	1735	41
spawn	kh_dun02	1736	34
spawn	kh_dun02	1738	20
spawn	kh_dun02	1737	13
spawn	kh_dun02	1745	6
spawn	kh_dun02	1734	1
spawn	kh_kiehl01	1745	10
spawn	kh_kiehl01	1740	1
spawn	kh_kiehl01	1736	1
spawn	kh_kiehl01	1739	1
spawn	kh_kiehl01	1740	1
spawn	kh_kiehl01	1746	1
spawn	kh_kiehl01	1740	1
spawn	kh_kiehl01	1736	1
spawn	kh_kiehl01	1739	1
spawn	kh_kiehl01	1740	1
spawn	kh_kiehl01	1735	1
spawn	kh_kiehl01	1739	1
spawn	kh_kiehl01	1740	1
spawn	kh_kiehl01	1746	1
spawn	kh_kiehl01	1737	1
spawn	kh_kiehl01	1739	1
spawn	kh_kiehl01	1740	1
spawn	kh_kiehl01	1746	1
spawn	kh_kiehl01	1739	1
spawn	kh_kiehl01	1740	1
spawn	kh_kiehl01	1746	1
file	npc/re/mobs/dungeons/lhz_dun.txt
spawn	lhz_dun01	1682	101
spawn	lhz_dun01	1627	70
spawn	lhz_dun01	1613	50
spawn	lhz_dun01	1656	13
spawn	lhz_dun01	1655	13
spawn	lhz_dun01	1657	11
spawn	lhz_dun01	1653	11
spawn	lhz_dun01	1654	8
spawn	lhz_dun01	1652	8
spawn	lhz_dun01	1681	1
spawn	lhz_dun02	1657	50
spawn	lhz_dun02	1653	50
spawn	lhz_dun02	1656	50
spawn	lhz_dun02	1655	50
spawn	lhz_dun02	1652	50
spawn	lhz_dun02	1654	50
spawn	lhz_dun02	1682	20
spawn	lhz_dun02	1681	10
spawn	lhz_dun02	1635	1
spawn	lhz_dun02	1658	1
spawn	lhz_dun03	1638	81
spawn	lhz_dun03	1639	57
spawn	lhz_dun03	1637	42
spawn	lhz_dun03	1636	42
spawn	lhz_dun03	1635	42
spawn	lhz_dun03	1634	42
spawn	lhz_dun03	1641	1
spawn	lhz_dun03	1645	1
spawn	lhz_dun03	1640	1
spawn	lhz_dun03	1644	1
spawn	lhz_dun03	1642	1
spawn	lhz_dun03	1643	1
spawn	lhz_dun04	2221	42
spawn	lhz_dun04	2222	42
spawn	lhz_dun04	2223	81
spawn	lhz_dun04	2224	42
spawn	lhz_dun04	2225	57
spawn	lhz_dun04	2226	42
spawn	lhz_dun04	2227	42
spawn	lhz_dun04	2228	1
spawn	lhz_dun04	2229	1
spawn	lhz_dun04	2230	1
spawn	lhz_dun04	2231	1
spawn	lhz_dun04	2232	1
spawn	lhz_dun04	2233	1
spawn	lhz_dun04	2234	1
file	npc/re/mobs/dungeons/lhz_dun_n.txt
spawn	lhz_dun_n	3208	20
spawn	lhz_dun_n	3209	10
spawn	lhz_dun_n	3210	15
spawn	lhz_dun_n	3211	20
spawn	lhz_dun_n	3212	10
spawn	lhz_dun_n	3213	10
spawn	lhz_dun_n	3226	10
spawn	lhz_dun_n	3227	10
spawn	lhz_dun_n	3228	15
spawn	lhz_dun_n	3229	15
spawn	lhz_dun_n	3230	15
spawn	lhz_dun_n	3231	10
spawn	lhz_dun_n	3232	10
file	npc/re/mobs/dungeons/lou_dun.txt
spawn	lou_dun01	1517	52
spawn	lou_dun01	1381	17
spawn	lou_dun01	1516	17
spawn	lou_dun01	1129	17
spawn	lou_dun01	1037	11
spawn	lou_dun01	1306	1
spawn	lou_dun01	1084	5
spawn	lou_dun01	1083	5
spawn	lou_dun02	1512	56
spawn	lou_dun02	1026	35
spawn	lou_dun02	1191	7
spawn	lou_dun02	1514	7
spawn	lou_dun03	1514	30
spawn	lou_dun03	1512	30
spawn	lou_dun03	1513	18
spawn	lou_dun03	1631	6
spawn	lou_dun03	1631	5
spawn	lou_dun03	1630	1
file	npc/re/mobs/dungeons/ma_dun.txt
spawn	ma_dun01	2311	40
spawn	ma_dun01	2315	30
spawn	ma_dun01	2314	40
file	npc/re/mobs/dungeons/mag_dun.txt
spawn	mag_dun01	1383	30
spawn	mag_dun01	1366	20
spawn	mag_dun01	1367	20
spawn	mag_dun01	1072	20
spawn	mag_dun01	1381	10
spawn	mag_dun02	1379	46
spawn	mag_dun02	1385	40
spawn	mag_dun02	1384	38
spawn	mag_dun02	1367	20
spawn	mag_dun02	1382	15
spawn	mag_dun02	1387	10
spawn	mag_dun03	20378	18
spawn	mag_dun03	20377	20
spawn	mag_dun03	20376	20
spawn	mag_dun03	20374	32
spawn	mag_dun03	20375	32
spawn	mag_dun03	20373	27
spawn	mag_dun03	20372	18
spawn	mag_dun03	20419	1
file	npc/re/mobs/dungeons/mal_dun.txt
spawn	mal_dun01	1073	10
spawn	mal_dun01	1074	10
spawn	mal_dun01	1266	20
spawn	mal_dun01	2197	60
spawn	mal_dun01	2199	45
spawn	mal_dun01	2208	1
file	npc/re/mobs/dungeons/mjo_dun.txt
spawn	mjo_dun01	1175	63
spawn	mjo_dun01	1005	31
spawn	mjo_dun01	1145	21
spawn	mjo_dun02	1145	71
spawn	mjo_dun02	1121	41
spawn	mjo_dun02	1111	23
spawn	mjo_dun02	1169	23
spawn	mjo_dun03	1169	78
spawn	mjo_dun03	1151	39
spawn	mjo_dun03	1121	5
spawn	mjo_dun03	1145	5
spawn	mjo_dun03	1209	3
file	npc/re/mobs/dungeons/moc_pryd.txt
spawn	moc_pryd01	1005	72
spawn	moc_pryd01	1031	28
spawn	moc_pryd02	1041	31
spawn	moc_pryd02	1028	31
spawn	moc_pryd02	1016	31
spawn	moc_pryd02	1111	20
spawn	moc_pryd02	1031	20
spawn	moc_pryd02	1029	5
spawn	moc_pryd03	1041	70
spawn	moc_pryd03	1032	20
spawn	moc_pryd03	1146	10
spawn	moc_pryd03	1111	5
spawn	moc_pryd03	1191	5
spawn	moc_pryd04	1029	62
spawn	moc_pryd04	1041	31
spawn	moc_pryd04	1146	24
spawn	moc_pryd04	1191	18
spawn	moc_pryd04	1297	3
spawn	moc_pryd04	1038	1
spawn	moc_pryd05	1149	78
spawn	moc_pryd05	1032	65
spawn	moc_pryd05	1041	13
spawn	moc_pryd06	1191	35
spawn	moc_pryd06	1032	35
spawn	moc_pryd06	1194	23
spawn	moc_pryd06	1297	23
spawn	moc_pryd06	1511	1
spawn	moc_prydn1	2353	78
spawn	moc_prydn1	2354	13
spawn	moc_prydn1	2355	65
spawn	moc_prydn2	2356	35
spawn	moc_prydn2	2355	35
spawn	moc_prydn2	2358	23
spawn	moc_prydn2	2360	23
spawn	moc_prydn2	2362	1
file	npc/re/mobs/dungeons/moro_vol.txt
spawn	moro_vol	3061	5
spawn	moro_vol	3026	10
spawn	moro_vol	3028	30
spawn	moro_vol	1918	15
spawn	moro_vol	1919	15
spawn	moro_vol	1920	15
spawn	moro_vol	1921	15
spawn	moro_vol	3020	30
spawn	moro_vol	3021	30
spawn	moro_vol	3022	30
spawn	moro_vol	3023	30
spawn	moro_vol	3027	10
file	npc/re/mobs/dungeons/mosk_dun.txt
spawn	mosk_dun01	1880	74
spawn	mosk_dun01	1881	37
spawn	mosk_dun01	1031	22
spawn	mosk_dun01	1139	11
spawn	mosk_dun02	1881	47
spawn	mosk_dun02	1880	35
spawn	mosk_dun02	1882	23
spawn	mosk_dun02	1883	5
spawn	mosk_dun03	1882	68
spawn	mosk_dun03	1883	39
spawn	mosk_dun03	1884	17
spawn	mosk_dun03	1885	1
spawn	mosk_dun03	1081	11
spawn	mosk_dun03	1082	11
spawn	mosk_dun03	1083	5
file	npc/re/mobs/dungeons/nif_dun.txt
spawn	nif_dun01	GAN_CEANN	60
spawn	nif_dun01	BRUTAL_MURDERER	60
spawn	nif_dun01	GHOST_CUBE	60
spawn	nif_dun01	LUDE_GAL	60
spawn	nif_dun02	DISGUISER	80
spawn	nif_dun02	GROTE	80
spawn	nif_dun02	PIERROTZOIST	80
spawn	nif_dun02	BLUEMOON_LOLI_RURI	80
spawn	nif_dun02	DEATH_WITCH	1
file	npc/re/mobs/dungeons/nyd_dun.txt
spawn	nyd_dun01	2013	40
spawn	nyd_dun01	2016	20
spawn	nyd_dun01	2015	10
spawn	nyd_dun01	2017	2
spawn	nyd_dun01	2018	2
spawn	nyd_dun01	2014	1
spawn	nyd_dun01	2014	1
spawn	nyd_dun01	2014	1
spawn	nyd_dun01	2014	1
spawn	nyd_dun01	2014	1
spawn	nyd_dun01	2014	1
spawn	nyd_dun01	2014	1
spawn	nyd_dun01	2014	1
spawn	nyd_dun01	2014	1
spawn	nyd_dun01	2014	1
file	npc/re/mobs/dungeons/odin.txt
spawn	odin_tem01	1693	14
spawn	odin_tem01	1692	14
spawn	odin_tem01	1753	7
spawn	odin_tem01	1752	7
spawn	odin_tem01	1697	4
spawn	odin_tem01	1695	4
spawn	odin_tem01	1696	4
spawn	odin_tem01	1694	4
spawn	odin_tem01	1080	7
spawn	odin_tem01	1081	7
spawn	odin_tem01	1079	7
spawn	odin_tem02	1752	40
spawn	odin_tem02	1753	40
spawn	odin_tem02	1693	20
spawn	odin_tem02	1762	4
spawn	odin_tem02	1761	2
spawn	odin_tem02	1754	1
spawn	odin_tem02	1755	1
spawn	odin_tem02	1079	13
spawn	odin_tem03	1693	24
spawn	odin_tem03	1754	19
spawn	odin_tem03	1755	19
spawn	odin_tem03	1761	6
spawn	odin_tem03	1762	6
spawn	odin_tem03	1752	4
spawn	odin_tem03	1753	4
spawn	odin_tem03	1765	2
spawn	odin_tem03	1751	1
spawn	odin_tem03	1079	18
spawn	odin_tem03	1083	18
file	npc/re/mobs/dungeons/orcsdun.txt
spawn	orcsdun01	1153	80
spawn	orcsdun01	1005	15
spawn	orcsdun01	1042	10
spawn	orcsdun01	1152	10
spawn	orcsdun01	1111	5
spawn	orcsdun01	1084	5
spawn	orcsdun01	1084	5
spawn	orcsdun01	1082	2
spawn	orcsdun01	1082	3
spawn	orcsdun02	1152	50
spawn	orcsdun02	1177	50
spawn	orcsdun02	1111	20
spawn	orcsdun02	1042	20
spawn	orcsdun02	1189	5
spawn	orcsdun02	1084	5
spawn	orcsdun02	1082	2
spawn	orcsdun02	1082	3
file	npc/re/mobs/dungeons/oz_dun.txt
spawn	oz_dun01	21296	70
spawn	oz_dun01	21295	65
spawn	oz_dun01	21297	10
spawn	oz_dun02	21297	25
spawn	oz_dun02	21299	35
spawn	oz_dun02	21300	25
spawn	oz_dun02	21298	60
spawn	oz_dun02	21301	1
file	npc/re/mobs/dungeons/pay_dun.txt
spawn	pay_dun00	1015	40
spawn	pay_dun00	1076	35
spawn	pay_dun00	1005	15
spawn	pay_dun00	1031	15
spawn	pay_dun00	1078	15
spawn	pay_dun00	1084	3
spawn	pay_dun01	1028	53
spawn	pay_dun01	1016	32
spawn	pay_dun01	1116	16
spawn	pay_dun01	1111	5
spawn	pay_dun01	1084	7
spawn	pay_dun01	1078	10
spawn	pay_dun02	1028	45
spawn	pay_dun02	1026	40
spawn	pay_dun02	1188	30
spawn	pay_dun02	1016	20
spawn	pay_dun02	1031	10
spawn	pay_dun02	1180	1
spawn	pay_dun02	1068	1
spawn	pay_dun02	1068	1
spawn	pay_dun02	1068	1
spawn	pay_dun02	1068	1
spawn	pay_dun02	1068	1
spawn	pay_dun02	1068	1
spawn	pay_dun02	1068	1
spawn	pay_dun02	1068	1
spawn	pay_dun02	1068	1
spawn	pay_dun02	1068	1
spawn	pay_dun02	1068	1
spawn	pay_dun02	1068	1
spawn	pay_dun02	1068	1
spawn	pay_dun02	1068	1
spawn	pay_dun02	1020	1
spawn	pay_dun02	1020	1
spawn	pay_dun02	1020	1
spawn	pay_dun02	1068	1
spawn	pay_dun02	1068	1
spawn	pay_dun02	1068	1
spawn	pay_dun02	1068	1
spawn	pay_dun02	1068	1
spawn	pay_dun02	1068	1
spawn	pay_dun02	1068	1
spawn	pay_dun02	1068	1
spawn	pay_dun02	1068	1
spawn	pay_dun02	1068	1
spawn	pay_dun02	1068	1
spawn	pay_dun02	1068	1
spawn	pay_dun02	1068	1
spawn	pay_dun02	1068	1
spawn	pay_dun02	1068	1
spawn	pay_dun02	1068	1
spawn	pay_dun02	1068	1
spawn	pay_dun02	1084	1
spawn	pay_dun02	1084	7
spawn	pay_dun02	1082	3
spawn	pay_dun02	1082	3
spawn	pay_dun02	1078	4
spawn	pay_dun02	1078	4
spawn	pay_dun03	1170	70
spawn	pay_dun03	1277	3
spawn	pay_dun03	1188	3
spawn	pay_dun03	1026	3
spawn	pay_dun03	1180	2
spawn	pay_dun03	1020	1
spawn	pay_dun03	1020	1
spawn	pay_dun03	1020	1
spawn	pay_dun03	1020	1
spawn	pay_dun03	1020	1
spawn	pay_dun03	1020	1
spawn	pay_dun03	1020	1
spawn	pay_dun03	1020	1
spawn	pay_dun03	1020	1
spawn	pay_dun03	1020	1
spawn	pay_dun03	1068	1
spawn	pay_dun03	1068	1
spawn	pay_dun03	1068	1
spawn	pay_dun03	1068	1
spawn	pay_dun03	1068	1
spawn	pay_dun03	1068	1
spawn	pay_dun03	1068	1
spawn	pay_dun03	1068	1
spawn	pay_dun03	1068	1
spawn	pay_dun03	1068	1
spawn	pay_dun03	1068	1
spawn	pay_dun03	1068	1
spawn	pay_dun03	1068	1
spawn	pay_dun03	1068	1
spawn	pay_dun03	1068	1
spawn	pay_dun03	1068	1
spawn	pay_dun03	1068	1
spawn	pay_dun03	1185	1
spawn	pay_dun03	1185	1
spawn	pay_dun03	1185	1
spawn	pay_dun03	1185	1
spawn	pay_dun03	1186	1
spawn	pay_dun03	1078	1
spawn	pay_dun03	1079	1
spawn	pay_dun03	1080	1
spawn	pay_dun03	1081	1
spawn	pay_dun03	1078	15
spawn	pay_dun03	1082	3
spawn	pay_dun03	1082	2
spawn	pay_dun04	1110	40
spawn	pay_dun04	1180	30
spawn	pay_dun04	1129	30
spawn	pay_dun04	1016	15
spawn	pay_dun04	1277	15
spawn	pay_dun04	1301	1
spawn	pay_dun04	1290	1
spawn	pay_dun04	1150	1
spawn	pay_dun04	1307	1
spawn	pay_dun04	1083	1
spawn	pay_dun04	1083	1
spawn	pay_dun04	1078	10
spawn	pay_dun04	1082	2
spawn	pay_dun04	1082	2
spawn	pay_dun04	1082	2
spawn	pay_d03_i	1079	1
spawn	pay_d03_i	1080	1
spawn	pay_d03_i	1081	1
spawn	pay_d03_i	1082	5
spawn	pay_d03_i	1185	1
spawn	pay_d03_i	1185	1
spawn	pay_d03_i	1185	1
spawn	pay_d03_i	1185	1
spawn	pay_d03_i	1185	1
spawn	pay_d03_i	3760	20
spawn	pay_d03_i	3761	20
spawn	pay_d03_i	3762	20
spawn	pay_d03_i	3763	15
spawn	pay_d03_i	3765	5
spawn	pay_d03_i	3759	10
file	npc/re/mobs/dungeons/prt_maze.txt
spawn	prt_maze01	1002	5
spawn	prt_maze01	1104	5
spawn	prt_maze01	1174	5
spawn	prt_maze01	1103	5
spawn	prt_maze01	1114	5
spawn	prt_maze01	1128	5
spawn	prt_maze01	1011	5
spawn	prt_maze01	1145	5
spawn	prt_maze01	1013	5
spawn	prt_maze01	1025	5
spawn	prt_maze01	1056	5
spawn	prt_maze01	1063	5
spawn	prt_maze01	1007	5
spawn	prt_maze01	1166	5
spawn	prt_maze01	1008	5
spawn	prt_maze01	1031	5
spawn	prt_maze01	1052	5
spawn	prt_maze01	1060	5
spawn	prt_maze01	1042	5
spawn	prt_maze01	1057	4
spawn	prt_maze01	1166	3
spawn	prt_maze01	1099	3
spawn	prt_maze01	1037	3
spawn	prt_maze01	1139	3
spawn	prt_maze01	1035	3
spawn	prt_maze01	1100	3
spawn	prt_maze01	1214	2
spawn	prt_maze01	1035	1
spawn	prt_maze01	1018	1
spawn	prt_maze01	1092	1
spawn	prt_maze01	1083	1
spawn	prt_maze01	1082	1
spawn	prt_maze01	1082	2
spawn	prt_maze01	1079	1
spawn	prt_maze01	1081	1
spawn	prt_maze01	1083	1
spawn	prt_maze01	1079	1
spawn	prt_maze01	1078	5
spawn	prt_maze01	1079	1
spawn	prt_maze01	1081	1
spawn	prt_maze01	1084	3
spawn	prt_maze01	1084	2
spawn	prt_maze01	1085	3
spawn	prt_maze01	1085	2
spawn	prt_maze02	1031	32
spawn	prt_maze02	1060	6
spawn	prt_maze02	1243	1
spawn	prt_maze02	1306	1
spawn	prt_maze03	1031	52
spawn	prt_maze03	1035	30
spawn	prt_maze03	1139	30
spawn	prt_maze03	1101	25
spawn	prt_maze03	1037	20
spawn	prt_maze03	1215	20
spawn	prt_maze03	1037	10
spawn	prt_maze03	1294	1
spawn	prt_maze03	1093	1
spawn	prt_maze03	1090	1
spawn	prt_maze03	1092	1
spawn	prt_maze03	1088	1
spawn	prt_maze03	1120	1
spawn	prt_maze03	1039	1
spawn	prt_maze03	1083	1
spawn	prt_maze03	1079	1
spawn	prt_maze03	1081	1
spawn	prt_maze03	1083	1
spawn	prt_maze03	1083	1
spawn	prt_maze03	1083	1
spawn	prt_maze03	1083	1
spawn	prt_maze03	1079	1
spawn	prt_maze03	1079	2
spawn	prt_maze03	1079	1
spawn	prt_maze03	1078	5
spawn	prt_maze03	1084	3
spawn	prt_maze03	1084	3
spawn	prt_maze03	1085	2
spawn	prt_maze03	1085	3
spawn	prt_mz03_i	20531	32
spawn	prt_mz03_i	20526	32
spawn	prt_mz03_i	20527	32
spawn	prt_mz03_i	20529	12
spawn	prt_mz03_i	20530	32
spawn	prt_mz03_i	20528	32
spawn	prt_mz03_i	20525	35
spawn	prt_mz03_i	20532	12
spawn	prt_mz03_i	20521	1
spawn	prt_mz03_i	20522	1
spawn	prt_mz03_i	20523	1
spawn	prt_mz03_i	20524	1
file	npc/re/mobs/dungeons/prt_prison.txt
spawn	prt_prison	3442	20
spawn	prt_prison	3443	50
spawn	prt_prison	3444	30
file	npc/re/mobs/dungeons/prt_q.txt
spawn	prt_q	3452	60
spawn	prt_q	1036	10
spawn	prt_q	3451	30
spawn	prt_q	1035	10
spawn	prt_q	3490	1
file	npc/re/mobs/dungeons/prt_sew.txt
spawn	prt_sewb1	1051	40
spawn	prt_sewb1	1048	106
spawn	prt_sewb1	1175	13
spawn	prt_sewb1	1005	66
spawn	prt_sewb2	1051	70
spawn	prt_sewb2	1175	60
spawn	prt_sewb2	1161	5
spawn	prt_sewb2	1048	20
spawn	prt_sewb2	1014	20
spawn	prt_sewb2	1053	10
spawn	prt_sewb2	1005	10
spawn	prt_sewb3	1053	65
spawn	prt_sewb3	1054	65
spawn	prt_sewb3	1051	20
spawn	prt_sewb3	1005	20
spawn	prt_sewb3	1175	15
spawn	prt_sewb3	1077	15
spawn	prt_sewb3	1048	10
spawn	prt_sewb4	1054	70
spawn	prt_sewb4	1051	20
spawn	prt_sewb4	1053	20
spawn	prt_sewb4	1111	20
spawn	prt_sewb4	1048	10
spawn	prt_sewb4	1209	5
spawn	prt_sewb4	1086	1
file	npc/re/mobs/dungeons/ra_san.txt
spawn	ra_san01	1771	82
spawn	ra_san01	1772	36
spawn	ra_san01	1632	10
spawn	ra_san01	1633	6
spawn	ra_san01	1773	6
spawn	ra_san02	1772	110
spawn	ra_san02	1771	38
spawn	ra_san02	1632	12
spawn	ra_san02	1633	12
spawn	ra_san02	1773	3
spawn	ra_san02	1774	2
spawn	ra_san03	1773	86
spawn	ra_san03	1774	57
spawn	ra_san03	1632	7
spawn	ra_san03	1633	7
spawn	ra_san04	1770	62
spawn	ra_san04	1769	20
spawn	ra_san04	1774	10
spawn	ra_san04	1773	10
spawn	ra_san05	1769	84
spawn	ra_san05	1770	31
spawn	ra_san05	1774	21
spawn	ra_san05	1773	21
spawn	ra_san05	1772	10
spawn	ra_san05	1768	1
file	npc/re/mobs/dungeons/rockridge.txt
spawn	rockmi1	1051	10
spawn	rockmi1	3740	40
spawn	rockmi1	3747	10
spawn	rockmi1	3748	20
spawn	rockmi1	3749	30
spawn	rockmi1	3741	1
spawn	rockmi2	3742	31
spawn	harboro2	3787	30
spawn	harboro2	3788	30
spawn	harboro2	1627	10
spawn	harboro2	1084	20
spawn	harboro2	1051	10
spawn	harboro2	3743	20
file	npc/re/mobs/dungeons/slabw01.txt
spawn	slabw01	3631	45
spawn	slabw01	3632	45
spawn	slabw01	3633	1
file	npc/re/mobs/dungeons/sp_rudus.txt
spawn	sp_rudus	20363	30
spawn	sp_rudus	20361	30
spawn	sp_rudus	20365	30
spawn	sp_rudus2	20356	40
spawn	sp_rudus2	20358	37
spawn	sp_rudus2	20359	58
spawn	sp_rudus2	20362	45
spawn	sp_rudus2	20381	1
spawn	sp_rudus3	20362	60
spawn	sp_rudus3	20360	53
spawn	sp_rudus3	20364	65
spawn	sp_rudus3	20366	65
spawn	sp_rudus4	GIANT_CAPUT	75
spawn	sp_rudus4	DOLORIAN	75
spawn	sp_rudus4	DEADRE	75
spawn	sp_rudus4	VENEDI	75
spawn	sp_rudus4	PLAGARION	75
spawn	sp_rudus4	R001_BESTIA	1
file	npc/re/mobs/dungeons/teg_dun.txt
spawn	teg_dun01	2415	20
spawn	teg_dun01	2416	15
spawn	teg_dun01	2417	15
spawn	teg_dun01	2418	35
spawn	teg_dun01	2419	30
spawn	teg_dun01	2420	20
spawn	teg_dun01	2441	1
spawn	teg_dun02	2421	15
spawn	teg_dun02	2422	15
spawn	teg_dun02	2423	15
spawn	teg_dun02	2424	15
spawn	teg_dun02	2425	15
spawn	teg_dun02	2426	15
spawn	teg_dun02	2427	15
spawn	teg_dun02	2442	1
file	npc/re/mobs/dungeons/tha_t.txt
spawn	tha_t01	1195	20
spawn	tha_t01	1191	20
spawn	tha_t01	1695	20
spawn	tha_t01	1275	5
spawn	tha_t01	1703	4
spawn	tha_t02	1699	80
spawn	tha_t02	1191	30
spawn	tha_t02	1697	20
spawn	tha_t02	1698	10
spawn	tha_t02	1195	10
spawn	tha_t02	1377	10
spawn	tha_t02	1275	10
spawn	tha_t02	1702	4
spawn	tha_t03	1698	80
spawn	tha_t03	1195	30
spawn	tha_t03	1696	20
spawn	tha_t03	1191	10
spawn	tha_t03	1699	10
spawn	tha_t03	1377	10
spawn	tha_t03	1701	4
spawn	tha_t04	1698	20
spawn	tha_t04	1195	20
spawn	tha_t04	1191	20
spawn	tha_t04	1699	20
spawn	tha_t04	1377	20
spawn	tha_t04	1694	20
spawn	tha_t04	1320	10
spawn	tha_t04	1295	10
spawn	tha_t04	1700	4
spawn	tha_t05	1320	80
spawn	tha_t05	1698	40
spawn	tha_t05	1699	40
spawn	tha_t05	1295	20
spawn	tha_t05	1377	20
spawn	tha_t05	1696	10
spawn	tha_t05	1695	10
spawn	tha_t05	1697	10
spawn	tha_t05	1694	10
spawn	tha_t05	1707	2
spawn	tha_t06	1698	40
spawn	tha_t06	1320	40
spawn	tha_t06	1295	40
spawn	tha_t06	1699	40
spawn	tha_t06	1377	20
spawn	tha_t06	1696	10
spawn	tha_t06	1695	10
spawn	tha_t06	1697	10
spawn	tha_t06	1694	10
spawn	tha_t06	1706	2
spawn	tha_t07	1702	15
spawn	tha_t07	1698	10
spawn	tha_t07	1699	10
spawn	tha_t07	1700	7
spawn	tha_t07	1701	7
spawn	tha_t07	1703	7
spawn	tha_t07	1705	2
spawn	tha_t08	1702	20
spawn	tha_t08	1698	10
spawn	tha_t08	1699	10
spawn	tha_t08	1700	5
spawn	tha_t08	1701	5
spawn	tha_t08	1703	5
spawn	tha_t08	1704	2
spawn	tha_t09	1703	20
spawn	tha_t09	1700	5
spawn	tha_t09	1702	5
spawn	tha_t09	1701	5
spawn	tha_t09	1694	5
spawn	tha_t09	1712	3
spawn	tha_t09	1707	1
spawn	tha_t10	1702	20
spawn	tha_t10	1700	5
spawn	tha_t10	1701	5
spawn	tha_t10	1703	5
spawn	tha_t10	1697	5
spawn	tha_t10	1711	3
spawn	tha_t10	1706	1
spawn	tha_t11	1701	20
spawn	tha_t11	1700	5
spawn	tha_t11	1702	5
spawn	tha_t11	1703	5
spawn	tha_t11	1695	5
spawn	tha_t11	1710	3
spawn	tha_t11	1705	1
spawn	tha_t12	1700	13
spawn	tha_t12	1702	5
spawn	tha_t12	1701	5
spawn	tha_t12	1703	5
spawn	tha_t12	1693	5
spawn	tha_t12	1709	4
file	npc/re/mobs/dungeons/thor_v.txt
spawn	thor_v01	1833	49
spawn	thor_v01	1837	27
spawn	thor_v01	1836	11
spawn	thor_v01	1831	7
spawn	thor_v01	1830	5
spawn	thor_v01	1829	5
spawn	thor_v01	1830	5
spawn	thor_v01	1829	5
spawn	thor_v01	1839	1
spawn	thor_v02	1838	55
spawn	thor_v02	1836	10
spawn	thor_v02	1837	10
spawn	thor_v02	1072	10
spawn	thor_v02	1831	1
spawn	thor_v02	1830	1
spawn	thor_v02	1829	1
spawn	thor_v03	1831	66
spawn	thor_v03	1833	44
spawn	thor_v03	1830	11
spawn	thor_v03	1829	11
spawn	thor_v03	1839	5
spawn	thor_v03	1830	5
spawn	thor_v03	1829	5
spawn	thor_v03	1832	1
file	npc/re/mobs/dungeons/treasure.txt
spawn	treasure01	1071	56
spawn	treasure01	1070	10
spawn	treasure01	1068	4
spawn	treasure01	1068	1
spawn	treasure01	1068	1
spawn	treasure01	1068	1
spawn	treasure01	1068	1
spawn	treasure01	1068	1
spawn	treasure01	1068	1
spawn	treasure01	1068	1
spawn	treasure01	1068	1
spawn	treasure01	1068	1
spawn	treasure01	1068	1
spawn	treasure01	1068	1
spawn	treasure01	1068	1
spawn	treasure01	1068	1
spawn	treasure01	1068	1
spawn	treasure01	1068	1
spawn	treasure01	1068	1
spawn	treasure01	1068	1
spawn	treasure01	1068	1
spawn	treasure01	1068	1
spawn	treasure01	1068	1
spawn	treasure01	1068	1
spawn	treasure01	1068	1
spawn	treasure01	1068	1
spawn	treasure01	1068	1
spawn	treasure01	1068	1
spawn	treasure01	1068	1
spawn	treasure01	1068	1
spawn	treasure01	1068	1
spawn	treasure01	1068	1
spawn	treasure01	1068	1
spawn	treasure01	1068	1
spawn	treasure01	1068	1
spawn	treasure01	1068	1
spawn	treasure01	1068	1
spawn	treasure01	1068	1
spawn	treasure01	1068	1
spawn	treasure01	1068	1
spawn	treasure01	1068	1
spawn	treasure01	1068	1
spawn	treasure01	1068	1
spawn	treasure01	1068	1
spawn	treasure01	1068	1
spawn	treasure01	1068	1
spawn	treasure01	1068	1
spawn	treasure01	1068	1
spawn	treasure01	1068	1
spawn	treasure01	1068	1
spawn	treasure01	1068	1
spawn	treasure01	1068	1
spawn	treasure01	1068	1
spawn	treasure01	1068	1
spawn	treasure01	1068	1
spawn	treasure01	1068	1
spawn	treasure01	1068	1
spawn	treasure01	1068	1
spawn	treasure01	1068	1
spawn	treasure01	1068	1
spawn	treasure01	1068	1
spawn	treasure01	1068	1
spawn	treasure01	1068	1
spawn	treasure01	1068	1
spawn	treasure01	1068	1
spawn	treasure01	1068	1
spawn	treasure01	1068	1
spawn	treasure01	1068	1
spawn	treasure01	1068	1
spawn	treasure01	1068	1
spawn	treasure02	1071	40
spawn	treasure02	1070	20
spawn	treasure02	1179	10
spawn	treasure02	1191	1
spawn	treasure02	1143	1
spawn	treasure02	1068	1
spawn	treasure02	1068	1
spawn	treasure02	1068	1
spawn	treasure02	1068	1
spawn	treasure02	1068	1
spawn	treasure02	1068	1
spawn	treasure02	1068	1
spawn	treasure02	1068	1
spawn	treasure02	1068	1
spawn	treasure02	1068	1
spawn	treasure02	1068	1
spawn	treasure02	1068	1
spawn	treasure02	1068	1
spawn	treasure02	1068	1
spawn	treasure02	1068	1
spawn	treasure02	1068	1
spawn	treasure02	1068	1
spawn	treasure02	1068	1
spawn	treasure02	1120	1
spawn	treasure02	1112	1
spawn	treasure_n1	1085	10
spawn	treasure_n1	1084	10
spawn	treasure_n1	1085	10
spawn	treasure_n1	1084	10
spawn	treasure_n1	2404	10
spawn	treasure_n1	1078	5
spawn	treasure_n1	1080	5
spawn	treasure_n1	1081	5
spawn	treasure_n1	1079	5
spawn	treasure_n1	1082	5
spawn	treasure_n1	1015	1
spawn	treasure_n1	1015	1
spawn	treasure_n1	2405	4
spawn	treasure_n1	1012	3
spawn	treasure_n1	1012	6
spawn	treasure_n1	1014	3
spawn	treasure_n1	1014	3
spawn	treasure_n1	1012	3
spawn	treasure_n1	1012	3
spawn	treasure_n1	2404	5
spawn	treasure_n1	2404	7
spawn	treasure_n1	1014	4
spawn	treasure_n1	1014	2
spawn	treasure_n1	2405	3
spawn	treasure_n1	2405	5
spawn	treasure_n1	1015	1
spawn	treasure_n2	1085	10
spawn	treasure_n2	1084	10
spawn	treasure_n2	2406	3
spawn	treasure_n2	2405	5
spawn	treasure_n2	1078	5
spawn	treasure_n2	1080	5
spawn	treasure_n2	1081	5
spawn	treasure_n2	1079	5
spawn	treasure_n2	1082	5
spawn	treasure_n2	2405	7
spawn	treasure_n2	2404	5
spawn	treasure_n2	2406	3
spawn	treasure_n2	2405	5
spawn	treasure_n2	1015	2
spawn	treasure_n2	2404	4
spawn	treasure_n2	2405	10
spawn	treasure_n2	2406	5
spawn	treasure_n2	2405	5
spawn	treasure_n2	2406	3
spawn	treasure_n2	1015	3
spawn	treasure_n2	2405	5
spawn	treasure_n2	2404	7
spawn	treasure_n2	1015	3
spawn	treasure_n2	2406	2
spawn	treasure_n2	2406	5
spawn	treasure_n2	2405	7
spawn	treasure_n2	2404	4
file	npc/re/mobs/dungeons/tur_dun.txt
spawn	tur_dun01	1321	25
spawn	tur_dun01	1322	25
spawn	tur_dun01	1256	15
spawn	tur_dun01	1034	10
spawn	tur_dun01	1314	10
spawn	tur_dun02	1316	41
spawn	tur_dun02	1314	41
spawn	tur_dun02	1319	20
spawn	tur_dun02	1256	15
spawn	tur_dun03	1319	40
spawn	tur_dun03	1315	35
spawn	tur_dun03	1314	15
spawn	tur_dun03	1318	10
spawn	tur_dun04	1315	42
spawn	tur_dun04	1318	33
spawn	tur_dun04	1319	15
spawn	tur_dun04	1314	4
spawn	tur_dun04	1312	1
spawn	tur_dun05	1319	7
spawn	tur_dun05	1314	4
spawn	tur_dun05	1315	1
spawn	tur_d03_i	3802	40
spawn	tur_d03_i	3800	50
spawn	tur_d04_i	3800	16
spawn	tur_d04_i	3801	36
spawn	tur_d04_i	3799	16
spawn	tur_d04_i	3802	16
spawn	tur_d04_i	3803	36
file	npc/re/mobs/dungeons/xmas_dun.txt
spawn	xmas_dun01	1265	49
spawn	xmas_dun01	1246	49
spawn	xmas_dun01	1242	24
spawn	xmas_dun01	1031	24
spawn	xmas_dun01	1113	12
spawn	xmas_dun01	1002	12
spawn	xmas_dun01	1249	6
spawn	xmas_dun01	1250	1
spawn	xmas_dun01	1090	1
spawn	xmas_dun01	1096	1
spawn	xmas_dun02	1249	70
spawn	xmas_dun02	1248	49
spawn	xmas_dun02	1265	28
spawn	xmas_dun02	1246	28
spawn	xmas_dun02	1251	1
file	npc/re/mobs/dungeons/yggdrasil.txt
spawn	yggdrasil01	1079	5
spawn	yggdrasil01	1083	1
spawn	yggdrasil01	1083	5
spawn	yggdrasil01	1081	5
spawn	yggdrasil01	1082	5
spawn	yggdrasil01	1079	5
spawn	yggdrasil01	1083	1
spawn	yggdrasil01	1079	5
spawn	yggdrasil01	1083	1
spawn	yggdrasil01	1083	1
spawn	yggdrasil01	1083	1
spawn	yggdrasil01	1080	1
spawn	yggdrasil01	1083	1
spawn	yggdrasil01	1083	1
spawn	yggdrasil01	1083	1
spawn	yggdrasil01	1083	3
spawn	yggdrasil01	1083	10
spawn	yggdrasil01	1080	25
spawn	yggdrasil01	1078	15
file	npc/re/mobs/fields/amatsu.txt
spawn	ama_fild01	1060	14
spawn	ama_fild01	1400	72
spawn	ama_fild01	1406	57
spawn	ama_fild01	1404	2
spawn	ama_fild01	1402	1
spawn	ama_fild01	1068	1
spawn	ama_fild01	1068	1
spawn	ama_fild01	1068	1
spawn	ama_fild01	1068	1
spawn	ama_fild01	1068	1
spawn	ama_fild01	1068	1
spawn	ama_fild01	1068	1
spawn	ama_fild01	1068	1
spawn	ama_fild01	1068	1
spawn	ama_fild01	1068	1
spawn	ama_fild01	1068	1
spawn	ama_fild01	1068	1
spawn	ama_fild01	1068	1
spawn	ama_fild01	1068	1
file	npc/re/mobs/fields/ayothaya.txt
spawn	ayo_fild01	1056	40
spawn	ayo_fild01	1104	40
spawn	ayo_fild01	1057	40
spawn	ayo_fild01	1080	10
spawn	ayo_fild02	1057	82
spawn	ayo_fild02	1586	63
spawn	ayo_fild02	1587	9
spawn	ayo_fild02	1081	10
file	npc/re/mobs/fields/ba_lost.txt
spawn	ba_lost	20649	50
spawn	ba_lost	20650	50
spawn	ba_lost	20651	50
spawn	ba_lost	20652	50
spawn	ba_lost	20653	30
spawn	ba_lost	20648	1
file	npc/re/mobs/fields/ba_maison.txt
spawn	ba_maison	20630	15
spawn	ba_maison	20640	5
spawn	ba_maison	20679	15
spawn	ba_maison	20683	2
spawn	ba_maison	20684	1
file	npc/re/mobs/fields/bifrost.txt
spawn	bif_fild01	1994	29
spawn	bif_fild01	1992	17
spawn	bif_fild01	2137	58
spawn	bif_fild01	2136	34
spawn	bif_fild01	2133	5
spawn	bif_fild01	2132	5
spawn	bif_fild02	1994	27
spawn	bif_fild02	1992	16
spawn	bif_fild02	2137	33
spawn	bif_fild02	2136	55
spawn	bif_fild02	2133	5
spawn	bif_fild02	2132	5
file	npc/re/mobs/fields/brasilis.txt
spawn	bra_fild01	2074	50
spawn	bra_fild01	1110	10
spawn	bra_fild01	1166	5
spawn	bra_fild01	2071	40
spawn	bra_fild01	1085	5
spawn	bra_fild01	2072	55
spawn	bra_fild01	2073	60
file	npc/re/mobs/fields/comodo.txt
spawn	cmd_fild01	1687	202
spawn	cmd_fild01	1118	67
spawn	cmd_fild01	1083	1
spawn	cmd_fild01	1079	1
spawn	cmd_fild01	1079	2
spawn	cmd_fild01	1079	2
spawn	cmd_fild01	1079	1
spawn	cmd_fild01	1080	5
spawn	cmd_fild02	1317	162
spawn	cmd_fild02	1391	40
spawn	cmd_fild02	1074	27
spawn	cmd_fild02	1073	27
spawn	cmd_fild02	1266	13
spawn	cmd_fild02	1313	1
spawn	cmd_fild03	1271	194
spawn	cmd_fild03	1118	64
spawn	cmd_fild03	1262	5
spawn	cmd_fild03	1089	1
spawn	cmd_fild03	1083	1
spawn	cmd_fild03	1083	1
spawn	cmd_fild03	1083	1
spawn	cmd_fild04	1323	149
spawn	cmd_fild04	1391	37
spawn	cmd_fild04	1074	24
spawn	cmd_fild04	1073	24
spawn	cmd_fild04	1266	12
spawn	cmd_fild06	1040	165
spawn	cmd_fild06	1058	55
spawn	cmd_fild06	1081	2
spawn	cmd_fild06	1081	3
spawn	cmd_fild07	1254	116
spawn	cmd_fild07	1266	34
spawn	cmd_fild07	1074	34
spawn	cmd_fild07	1073	34
spawn	cmd_fild08	1105	62
spawn	cmd_fild08	1160	62
spawn	cmd_fild08	1095	62
spawn	cmd_fild08	1097	37
spawn	cmd_fild08	1040	2
spawn	cmd_fild08	1081	4
spawn	cmd_fild08	1081	4
spawn	cmd_fild09	1058	155
spawn	cmd_fild09	1105	16
spawn	cmd_fild09	1160	16
spawn	cmd_fild09	1095	16
spawn	cmd_fild09	1097	10
file	npc/re/mobs/fields/dewata.txt
spawn	dew_fild01	2151	100
spawn	dew_fild01	1099	75
spawn	dew_fild01	2153	16
file	npc/re/mobs/fields/dicastes.txt
spawn	dic_fild01	1987	60
spawn	dic_fild01	1999	30
spawn	dic_fild01	1986	25
spawn	dic_fild01	2092	20
spawn	dic_fild02	2024	3
spawn	dic_fild02	1987	38
spawn	dic_fild02	1999	10
spawn	dic_fild02	1986	27
spawn	dic_fild02	2092	87
file	npc/re/mobs/fields/eclage.txt
spawn	ecl_fild01	2363	73
spawn	ecl_fild01	2364	73
file	npc/re/mobs/fields/einbroch.txt
spawn	ein_fild03	1622	100
spawn	ein_fild03	1621	20
spawn	ein_fild03	1620	20
spawn	ein_fild03	1616	20
spawn	ein_fild03	1081	15
spawn	ein_fild03	1080	15
spawn	ein_fild04	1621	124
spawn	ein_fild04	1620	37
spawn	ein_fild04	1622	24
spawn	ein_fild04	1378	18
spawn	ein_fild04	1616	12
spawn	ein_fild04	1078	10
spawn	ein_fild04	1081	10
spawn	ein_fild04	1080	10
spawn	ein_fild05	1620	100
spawn	ein_fild05	1621	30
spawn	ein_fild05	1622	20
spawn	ein_fild05	1378	15
spawn	ein_fild05	1616	10
spawn	ein_fild06	1628	100
spawn	ein_fild06	1613	30
spawn	ein_fild06	1078	10
spawn	ein_fild06	1081	10
spawn	ein_fild07	1613	109
spawn	ein_fild07	1619	36
spawn	ein_fild07	1628	12
spawn	ein_fild07	1618	1
spawn	ein_fild07	1078	10
spawn	ein_fild07	1081	10
spawn	ein_fild07	1085	12
spawn	ein_fild08	1613	139
spawn	ein_fild08	1619	41
spawn	ein_fild08	1078	10
spawn	ein_fild08	1081	10
spawn	ein_fild08	1085	13
spawn	ein_fild09	1619	97
spawn	ein_fild09	1613	41
spawn	ein_fild09	1078	10
spawn	ein_fild09	1081	10
spawn	ein_fild09	1085	13
file	npc/re/mobs/fields/geffen.txt
spawn	gef_fild00	1011	160
spawn	gef_fild00	1002	34
spawn	gef_fild00	1007	34
spawn	gef_fild00	1079	1
spawn	gef_fild00	1079	1
spawn	gef_fild00	1080	3
spawn	gef_fild00	1080	3
spawn	gef_fild01	1012	112
spawn	gef_fild01	1094	28
spawn	gef_fild01	1089	1
spawn	gef_fild01	1080	5
spawn	gef_fild02	1104	172
spawn	gef_fild02	1031	24
spawn	gef_fild02	1128	24
spawn	gef_fild02	1033	24
spawn	gef_fild02	1080	8
spawn	gef_fild02	1085	6
spawn	gef_fild02	1079	2
spawn	gef_fild02	1079	1
spawn	gef_fild02	1079	1
spawn	gef_fild02	1083	1
spawn	gef_fild03	1273	160
spawn	gef_fild03	1023	73
spawn	gef_fild03	1686	24
spawn	gef_fild03	1087	1
spawn	gef_fild03	1080	1
spawn	gef_fild03	1080	1
spawn	gef_fild03	1080	1
spawn	gef_fild03	1080	1
spawn	gef_fild03	1080	1
spawn	gef_fild03	1080	1
spawn	gef_fild03	1080	1
spawn	gef_fild03	1080	1
spawn	gef_fild03	1080	1
spawn	gef_fild03	1080	1
spawn	gef_fild03	1080	1
spawn	gef_fild03	1080	1
spawn	gef_fild03	1080	1
spawn	gef_fild03	1080	1
spawn	gef_fild03	1080	1
spawn	gef_fild03	1080	1
spawn	gef_fild03	1080	1
spawn	gef_fild03	1080	1
spawn	gef_fild03	1080	1
spawn	gef_fild03	1080	1
spawn	gef_fild03	1080	1
spawn	gef_fild04	1020	125
spawn	gef_fild04	1063	25
spawn	gef_fild04	1007	25
spawn	gef_fild04	1011	25
spawn	gef_fild04	1080	3
spawn	gef_fild04	1080	3
spawn	gef_fild05	1018	143
spawn	gef_fild05	1174	20
spawn	gef_fild05	1056	20
spawn	gef_fild05	1048	10
spawn	gef_fild05	1051	10
spawn	gef_fild05	1078	1
spawn	gef_fild05	1078	1
spawn	gef_fild05	1078	1
spawn	gef_fild05	1078	1
spawn	gef_fild05	1078	1
spawn	gef_fild05	1078	1
spawn	gef_fild05	1078	1
spawn	gef_fild05	1078	1
spawn	gef_fild05	1078	1
spawn	gef_fild05	1078	1
spawn	gef_fild05	1078	1
spawn	gef_fild05	1078	1
spawn	gef_fild05	1078	1
spawn	gef_fild05	1078	1
spawn	gef_fild05	1078	1
spawn	gef_fild06	1155	158
spawn	gef_fild06	1139	36
spawn	gef_fild06	1037	36
spawn	gef_fild06	1083	4
spawn	gef_fild07	1008	134
spawn	gef_fild07	1002	20
spawn	gef_fild07	1007	20
spawn	gef_fild07	1011	20
spawn	gef_fild07	1080	3
spawn	gef_fild07	1083	1
spawn	gef_fild07	1079	1
spawn	gef_fild07	1080	3
spawn	gef_fild08	1156	163
spawn	gef_fild08	1139	37
spawn	gef_fild08	1118	37
spawn	gef_fild08	1079	1
spawn	gef_fild08	1079	1
spawn	gef_fild08	1079	1
spawn	gef_fild08	1079	1
spawn	gef_fild08	1079	1
spawn	gef_fild08	1079	1
spawn	gef_fild08	1079	1
spawn	gef_fild08	1079	1
spawn	gef_fild09	1012	24
spawn	gef_fild09	1104	98
spawn	gef_fild09	1085	1
spawn	gef_fild09	1085	1
spawn	gef_fild09	1085	1
spawn	gef_fild09	1085	1
spawn	gef_fild09	1085	1
spawn	gef_fild09	1085	1
spawn	gef_fild09	1085	1
spawn	gef_fild09	1085	1
spawn	gef_fild09	1085	1
spawn	gef_fild09	1085	1
spawn	gef_fild09	1079	3
spawn	gef_fild10	1023	179
spawn	gef_fild10	1273	55
spawn	gef_fild10	1686	27
spawn	gef_fild10	1190	1
spawn	gef_fild10	1079	3
spawn	gef_fild10	1079	3
spawn	gef_fild10	1080	3
spawn	gef_fild11	1122	58
spawn	gef_fild11	1123	58
spawn	gef_fild11	1124	58
spawn	gef_fild11	1125	58
spawn	gef_fild11	1299	1
file	npc/re/mobs/fields/gonryun.txt
spawn	gon_fild01	1409	70
spawn	gon_fild01	1415	51
spawn	gon_fild01	1037	12
spawn	gon_fild01	1080	5
spawn	gon_fild01	1083	1
file	npc/re/mobs/fields/gw_fild.txt
spawn	gw_fild01	21302	50
spawn	gw_fild01	21303	70
spawn	gw_fild01	21304	35
spawn	gw_fild02	21303	15
spawn	gw_fild02	21305	60
spawn	gw_fild02	21307	25
spawn	gw_fild02	21304	35
spawn	gw_fild02	21306	35
file	npc/re/mobs/fields/hugel.txt
spawn	hu_fild01	1715	105
spawn	hu_fild01	1718	36
spawn	hu_fild01	1368	10
spawn	hu_fild01	1721	10
spawn	hu_fild02	1715	126
spawn	hu_fild02	1718	37
spawn	hu_fild02	1368	37
spawn	hu_fild02	1721	25
spawn	hu_fild02	1259	3
spawn	hu_fild04	1718	100
spawn	hu_fild04	1715	30
spawn	hu_fild04	1368	30
spawn	hu_fild04	1721	20
spawn	hu_fild04	1081	10
spawn	hu_fild04	1079	4
spawn	hu_fild04	1079	2
spawn	hu_fild05	1718	130
spawn	hu_fild05	1715	35
spawn	hu_fild05	1721	20
spawn	hu_fild06	1074	87
spawn	hu_fild06	1073	35
spawn	hu_fild06	1266	35
spawn	hu_fild06	1080	10
spawn	hu_fild06	1081	10
file	npc/re/mobs/fields/lighthalzen.txt
spawn	lhz_fild01	1162	170
spawn	lhz_fild01	1215	45
spawn	lhz_fild01	1613	45
spawn	lhz_fild01	1078	10
spawn	lhz_fild01	1081	10
spawn	lhz_fild01	1080	10
spawn	lhz_fild02	1215	100
spawn	lhz_fild02	1692	40
spawn	lhz_fild02	1162	20
spawn	lhz_fild02	1613	20
spawn	lhz_fild02	1378	15
spawn	lhz_fild02	1081	15
spawn	lhz_fild02	1080	15
spawn	lhz_fild03	1692	130
spawn	lhz_fild03	1215	20
spawn	lhz_fild03	1162	20
spawn	lhz_fild03	1613	20
spawn	lhz_fild03	1378	15
spawn	lhz_fild03	1078	10
spawn	lhz_fild03	1080	10
file	npc/re/mobs/fields/louyang.txt
spawn	lou_fild01	1516	60
spawn	lou_fild01	1139	28
spawn	lou_fild01	1368	28
spawn	lou_fild01	1081	10
file	npc/re/mobs/fields/lutie.txt
spawn	xmas_fild01	1242	65
spawn	xmas_fild01	1243	9
spawn	xmas_fild01	1515	1
spawn	xmas_fild01	1252	1
file	npc/re/mobs/fields/malaya.txt
spawn	ma_fild01	2313	67
spawn	ma_fild01	2314	67
spawn	ma_fild01	2316	40
spawn	ma_fild02	2309	54
spawn	ma_fild02	2310	34
spawn	ma_fild02	2312	41
spawn	ma_fild02	2316	27
spawn	ma_fild02	2315	34
file	npc/re/mobs/fields/manuk.txt
spawn	man_fild01	1988	148
spawn	man_fild01	1999	42
spawn	man_fild01	1989	14
spawn	man_fild01	1987	2
spawn	man_fild02	2024	75
spawn	man_fild02	1987	52
spawn	man_fild02	1986	37
spawn	man_fild03	1989	33
spawn	man_fild03	1986	33
spawn	man_fild03	1987	33
spawn	man_fild03	1990	1
file	npc/re/mobs/fields/mjolnir.txt
spawn	mjolnir_01	1103	167
spawn	mjolnir_01	1174	23
spawn	mjolnir_01	1018	23
spawn	mjolnir_01	1060	23
spawn	mjolnir_01	1083	1
spawn	mjolnir_01	1083	1
spawn	mjolnir_01	1080	5
spawn	mjolnir_01	1080	5
spawn	mjolnir_01	1079	5
spawn	mjolnir_02	1128	33
spawn	mjolnir_02	1031	22
spawn	mjolnir_02	1033	154
spawn	mjolnir_02	1057	22
spawn	mjolnir_02	1080	1
spawn	mjolnir_02	1080	1
spawn	mjolnir_02	1080	1
spawn	mjolnir_02	1080	1
spawn	mjolnir_02	1080	1
spawn	mjolnir_02	1079	1
spawn	mjolnir_02	1078	1
spawn	mjolnir_02	1080	1
spawn	mjolnir_02	1080	1
spawn	mjolnir_02	1080	1
spawn	mjolnir_02	1080	1
spawn	mjolnir_02	1080	1
spawn	mjolnir_02	1080	1
spawn	mjolnir_02	1078	1
spawn	mjolnir_02	1079	1
spawn	mjolnir_02	1080	1
spawn	mjolnir_02	1080	1
spawn	mjolnir_02	1080	1
spawn	mjolnir_02	1080	1
spawn	mjolnir_02	1080	1
spawn	mjolnir_02	1080	1
spawn	mjolnir_02	1080	1
spawn	mjolnir_02	1078	1
spawn	mjolnir_02	1079	1
spawn	mjolnir_02	1078	1
spawn	mjolnir_02	1080	1
spawn	mjolnir_02	1080	1
spawn	mjolnir_02	1078	1
spawn	mjolnir_02	1079	1
spawn	mjolnir_02	1078	1
spawn	mjolnir_02	1080	1
spawn	mjolnir_02	1080	1
spawn	mjolnir_02	1080	1
spawn	mjolnir_02	1079	2
spawn	mjolnir_03	1037	140
spawn	mjolnir_03	1380	37
spawn	mjolnir_03	1139	37
spawn	mjolnir_03	1083	1
spawn	mjolnir_03	1083	1
spawn	mjolnir_03	1080	1
spawn	mjolnir_03	1080	1
spawn	mjolnir_03	1080	1
spawn	mjolnir_03	1080	1
spawn	mjolnir_03	1080	1
spawn	mjolnir_03	1080	1
spawn	mjolnir_03	1080	1
spawn	mjolnir_03	1080	1
spawn	mjolnir_03	1080	1
spawn	mjolnir_03	1080	1
spawn	mjolnir_03	1080	1
spawn	mjolnir_03	1080	1
spawn	mjolnir_03	1080	1
spawn	mjolnir_04	1380	162
spawn	mjolnir_04	1139	43
spawn	mjolnir_04	1037	43
spawn	mjolnir_04	1059	1
spawn	mjolnir_04	1083	3
spawn	mjolnir_04	1080	1
spawn	mjolnir_04	1080	1
spawn	mjolnir_04	1080	1
spawn	mjolnir_04	1080	1
spawn	mjolnir_04	1080	1
spawn	mjolnir_04	1080	1
spawn	mjolnir_04	1080	1
spawn	mjolnir_04	1080	1
spawn	mjolnir_04	1080	1
spawn	mjolnir_04	1080	1
spawn	mjolnir_04	1080	1
spawn	mjolnir_04	1080	1
spawn	mjolnir_04	1080	1
spawn	mjolnir_04	1080	1
spawn	mjolnir_04	1080	1
spawn	mjolnir_04	1080	1
spawn	mjolnir_04	1080	1
spawn	mjolnir_05	1099	166
spawn	mjolnir_05	1139	44
spawn	mjolnir_05	1380	44
spawn	mjolnir_05	1079	3
spawn	mjolnir_05	1083	1
spawn	mjolnir_05	1079	3
spawn	mjolnir_05	1079	3
spawn	mjolnir_05	1078	10
spawn	mjolnir_06	1077	100
spawn	mjolnir_06	1018	30
spawn	mjolnir_06	1056	70
spawn	mjolnir_06	1079	1
spawn	mjolnir_06	1079	1
spawn	mjolnir_06	1085	1
spawn	mjolnir_06	1085	1
spawn	mjolnir_06	1085	1
spawn	mjolnir_06	1085	1
spawn	mjolnir_06	1085	1
spawn	mjolnir_06	1085	1
spawn	mjolnir_06	1085	1
spawn	mjolnir_06	1085	1
spawn	mjolnir_07	1166	161
spawn	mjolnir_07	1494	34
spawn	mjolnir_07	1118	34
spawn	mjolnir_07	1080	1
spawn	mjolnir_07	1080	1
spawn	mjolnir_07	1080	1
spawn	mjolnir_07	1080	1
spawn	mjolnir_07	1085	1
spawn	mjolnir_07	1085	1
spawn	mjolnir_07	1080	1
spawn	mjolnir_07	1080	1
spawn	mjolnir_07	1080	1
spawn	mjolnir_07	1079	2
spawn	mjolnir_08	1494	169
spawn	mjolnir_08	1166	36
spawn	mjolnir_08	1118	36
spawn	mjolnir_08	1079	2
spawn	mjolnir_08	1080	1
spawn	mjolnir_08	1080	1
spawn	mjolnir_08	1080	1
spawn	mjolnir_08	1080	1
spawn	mjolnir_08	1080	1
spawn	mjolnir_08	1080	1
spawn	mjolnir_09	1167	159
spawn	mjolnir_09	1010	34
spawn	mjolnir_09	1004	34
spawn	mjolnir_09	1085	1
spawn	mjolnir_09	1085	1
spawn	mjolnir_09	1085	1
spawn	mjolnir_09	1085	1
spawn	mjolnir_09	1085	1
spawn	mjolnir_09	1085	1
spawn	mjolnir_09	1085	1
spawn	mjolnir_09	1085	1
spawn	mjolnir_09	1085	1
spawn	mjolnir_09	1085	1
spawn	mjolnir_09	1085	1
spawn	mjolnir_10	1100	194
spawn	mjolnir_10	1494	41
spawn	mjolnir_10	1118	41
spawn	mjolnir_10	1083	1
spawn	mjolnir_10	1080	10
spawn	mjolnir_11	1099	170
spawn	mjolnir_11	1100	45
spawn	mjolnir_11	1118	45
spawn	mjolnir_11	1080	1
spawn	mjolnir_11	1080	1
spawn	mjolnir_11	1080	1
spawn	mjolnir_11	1080	1
spawn	mjolnir_11	1080	1
spawn	mjolnir_11	1080	1
spawn	mjolnir_11	1079	1
spawn	mjolnir_11	1080	1
spawn	mjolnir_11	1080	1
spawn	mjolnir_11	1080	1
spawn	mjolnir_11	1079	1
spawn	mjolnir_11	1080	1
spawn	mjolnir_11	1080	1
spawn	mjolnir_12	1114	162
spawn	mjolnir_12	1035	43
spawn	mjolnir_12	1139	43
file	npc/re/mobs/fields/morocc.txt
spawn	moc_fild01	1019	93
spawn	moc_fild01	1055	202
spawn	moc_fild01	1047	31
spawn	moc_fild01	1081	10
spawn	moc_fild02	1055	58
spawn	moc_fild02	1019	153
spawn	moc_fild02	1047	11
spawn	moc_fild02	1081	1
spawn	moc_fild02	1081	1
spawn	moc_fild02	1081	1
spawn	moc_fild02	1081	1
spawn	moc_fild02	1081	1
spawn	moc_fild02	1081	1
spawn	moc_fild02	1081	1
spawn	moc_fild02	1080	1
spawn	moc_fild02	1080	1
spawn	moc_fild02	1080	1
spawn	moc_fild02	1080	1
spawn	moc_fild02	1080	1
spawn	moc_fild02	1080	1
spawn	moc_fild02	1080	1
spawn	moc_fild03	1013	164
spawn	moc_fild03	1100	23
spawn	moc_fild03	1042	23
spawn	moc_fild03	1080	2
spawn	moc_fild03	1080	2
spawn	moc_fild03	1080	2
spawn	moc_fild03	1080	2
spawn	moc_fild03	1080	2
spawn	moc_fild03	1080	2
spawn	moc_fild03	1080	2
spawn	moc_fild07	1113	214
spawn	moc_fild07	1011	46
spawn	moc_fild07	1050	23
spawn	moc_fild07	1047	15
spawn	moc_fild07	1049	15
spawn	moc_fild07	1081	5
spawn	moc_fild11	1107	137
spawn	moc_fild11	1009	137
spawn	moc_fild11	1001	41
spawn	moc_fild12	1049	65
spawn	moc_fild12	1050	65
spawn	moc_fild12	1047	45
spawn	moc_fild12	1113	39
spawn	moc_fild12	1009	39
spawn	moc_fild12	1081	10
spawn	moc_fild13	1042	140
spawn	moc_fild13	1013	15
spawn	moc_fild13	1100	15
spawn	moc_fild13	1058	15
spawn	moc_fild13	1138	15
spawn	moc_fild13	1085	1
spawn	moc_fild13	1085	1
spawn	moc_fild13	1085	1
spawn	moc_fild13	1085	1
spawn	moc_fild13	1085	1
spawn	moc_fild13	1085	1
spawn	moc_fild13	1085	1
spawn	moc_fild13	1085	1
spawn	moc_fild13	1085	1
spawn	moc_fild13	1085	1
spawn	moc_fild13	1085	1
spawn	moc_fild13	1085	1
spawn	moc_fild13	1085	1
spawn	moc_fild13	1081	1
spawn	moc_fild13	1081	1
spawn	moc_fild13	1081	1
spawn	moc_fild13	1081	1
spawn	moc_fild13	1081	1
spawn	moc_fild13	1081	1
spawn	moc_fild13	1081	3
spawn	moc_fild13	1081	3
spawn	moc_fild13	1081	3
spawn	moc_fild16	1165	130
spawn	moc_fild16	1127	30
spawn	moc_fild16	1119	10
spawn	moc_fild17	1127	170
spawn	moc_fild17	1165	39
spawn	moc_fild17	1119	13
spawn	moc_fild17	1159	1
spawn	moc_fild17	1081	1
spawn	moc_fild17	1081	1
spawn	moc_fild17	1081	1
spawn	moc_fild17	1079	1
spawn	moc_fild17	1081	1
spawn	moc_fild17	1081	1
spawn	moc_fild17	1081	1
spawn	moc_fild18	1001	160
spawn	moc_fild18	1009	34
spawn	moc_fild18	1107	34
spawn	moc_fild18	1091	1
spawn	moc_fild18	1081	1
spawn	moc_fild18	1081	1
spawn	moc_fild18	1081	1
spawn	moc_fild18	1081	1
spawn	moc_fild18	1081	1
spawn	moc_fild18	1081	1
spawn	moc_fild18	1081	1
spawn	moc_fild18	1081	1
spawn	moc_fild20	1918	1
spawn	moc_fild20	1919	1
spawn	moc_fild20	1920	1
spawn	moc_fild20	1921	1
spawn	moc_fild21	1918	79
spawn	moc_fild21	1919	79
spawn	moc_fild21	1920	79
spawn	moc_fild21	1921	58
spawn	moc_fild22	1918	73
spawn	moc_fild22	1919	73
spawn	moc_fild22	1920	73
spawn	moc_fild22	1921	50
spawn	moc_fild22	1917	1
file	npc/re/mobs/fields/moscovia.txt
spawn	mosk_fild02	1037	56
spawn	mosk_fild02	1099	42
spawn	mosk_fild02	1139	14
spawn	mosk_fild02	1368	7
spawn	mosk_fild02	1081	5
spawn	mosk_fild02	1082	5
file	npc/re/mobs/fields/niflheim.txt
spawn	niflheim	1509	35
spawn	niflheim	1508	35
spawn	niflheim	1503	17
spawn	niflheim	1510	17
spawn	niflheim	1504	8
spawn	nif_fild01	1506	56
spawn	nif_fild01	1508	33
spawn	nif_fild01	1504	22
spawn	nif_fild01	1503	11
spawn	nif_fild01	1510	11
spawn	nif_fild02	1505	21
spawn	nif_fild02	1503	20
spawn	nif_fild02	1507	11
spawn	nif_fild02	1504	10
spawn	nif_fild02	1509	10
spawn	nif_fild02	1510	10
file	npc/re/mobs/fields/payon.txt
spawn	pay_fild01	1010	181
spawn	pay_fild01	1002	38
spawn	pay_fild01	1007	38
spawn	pay_fild01	1080	5
spawn	pay_fild02	1025	142
spawn	pay_fild02	1024	30
spawn	pay_fild02	1014	30
spawn	pay_fild02	1080	4
spawn	pay_fild02	1085	4
spawn	pay_fild03	1007	130
spawn	pay_fild03	1002	25
spawn	pay_fild03	1010	25
spawn	pay_fild03	1008	20
spawn	pay_fild03	1085	6
spawn	pay_fild03	1080	4
spawn	pay_fild04	1031	141
spawn	pay_fild04	1242	32
spawn	pay_fild04	1113	21
spawn	pay_fild04	1002	16
spawn	pay_fild04	1096	1
spawn	pay_fild04	1120	1
spawn	pay_fild04	1090	1
spawn	pay_fild04	1582	1
spawn	pay_fild04	1083	1
spawn	pay_fild04	1080	5
spawn	pay_fild06	1024	140
spawn	pay_fild06	1025	30
spawn	pay_fild06	1014	30
spawn	pay_fild06	1085	8
spawn	pay_fild06	1080	10
spawn	pay_fild06	1083	1
spawn	pay_fild07	1060	174
spawn	pay_fild07	1103	40
spawn	pay_fild07	1174	26
spawn	pay_fild07	1018	26
spawn	pay_fild07	1080	8
spawn	pay_fild08	1014	148
spawn	pay_fild08	1024	31
spawn	pay_fild08	1025	31
spawn	pay_fild08	1080	10
spawn	pay_fild08	1083	1
spawn	pay_fild09	1033	25
spawn	pay_fild09	1128	181
spawn	pay_fild09	1104	38
spawn	pay_fild09	1080	10
spawn	pay_fild09	1083	1
spawn	pay_fild10	1277	129
spawn	pay_fild10	1494	64
spawn	pay_fild10	1166	64
spawn	pay_fild10	1115	1
spawn	pay_fild10	1080	5
spawn	pay_fild10	1080	5
spawn	pay_fild10	1080	5
spawn	pay_fild10	1079	1
spawn	pay_fild10	1079	1
spawn	pay_fild10	1079	1
file	npc/re/mobs/fields/prontera.txt
spawn	prt_fild00	1012	169
spawn	prt_fild00	1094	65
spawn	prt_fild00	1167	26
spawn	prt_fild00	1083	1
spawn	prt_fild00	1080	5
spawn	prt_fild01	1063	196
spawn	prt_fild01	1002	42
spawn	prt_fild01	1007	42
spawn	prt_fild01	1080	3
spawn	prt_fild01	1079	1
spawn	prt_fild02	1174	188
spawn	prt_fild02	1018	40
spawn	prt_fild02	1031	40
spawn	prt_fild02	1093	1
spawn	prt_fild02	1083	1
spawn	prt_fild02	1083	2
spawn	prt_fild03	1057	127
spawn	prt_fild03	1031	38
spawn	prt_fild03	1128	38
spawn	prt_fild03	1214	1
spawn	prt_fild03	1080	5
spawn	prt_fild03	1079	2
spawn	prt_fild03	1080	5
spawn	prt_fild03	1080	5
spawn	prt_fild03	1080	5
spawn	prt_fild04	1094	111
spawn	prt_fild04	1012	27
spawn	prt_fild04	1088	1
spawn	prt_fild04	1080	5
spawn	prt_fild05	1004	199
spawn	prt_fild05	1048	42
spawn	prt_fild05	1051	42
spawn	prt_fild05	1080	6
spawn	prt_fild05	1079	1
spawn	prt_fild06	1007	149
spawn	prt_fild06	1002	32
spawn	prt_fild06	1063	32
spawn	prt_fild06	1080	15
spawn	prt_fild07	1052	203
spawn	prt_fild07	1167	67
spawn	prt_fild07	1088	1
spawn	prt_fild07	1084	3
spawn	prt_fild08	1002	20
spawn	prt_fild08	1063	20
spawn	prt_fild08	1007	10
spawn	prt_fild08	1002	2
spawn	prt_fild08	1063	2
spawn	prt_fild08	1007	2
spawn	prt_fild08	1002	5
spawn	prt_fild08	1063	5
spawn	prt_fild08	1007	5
spawn	prt_fild08	1002	20
spawn	prt_fild08	1002	20
spawn	prt_fild08	1002	20
spawn	prt_fild08	1063	10
spawn	prt_fild08	1063	10
spawn	prt_fild08	1063	10
spawn	prt_fild08	1063	10
spawn	prt_fild08	1007	20
spawn	prt_fild08	1007	20
spawn	prt_fild08	1007	20
spawn	prt_fild08	1008	20
spawn	prt_fild08	2398	20
spawn	prt_fild09	1138	212
spawn	prt_fild09	1058	91
spawn	prt_fild09	1081	3
spawn	prt_fild10	1033	157
spawn	prt_fild10	1031	22
spawn	prt_fild10	1128	22
spawn	prt_fild10	1104	22
spawn	prt_fild10	1085	16
spawn	prt_fild10	1083	1
spawn	prt_fild11	1126	60
spawn	prt_fild11	1392	50
spawn	prt_fild11	1258	50
spawn	prt_fild11	1280	30
spawn	prt_fild11	1124	10
spawn	prt_fild11	1125	10
spawn	prt_fild11	1123	10
spawn	prt_fild11	1122	10
spawn	prt_fild11	1308	1
spawn	prt_fild11	1085	10
file	npc/re/mobs/fields/rachel.txt
spawn	ra_fild01	1106	145
spawn	ra_fild01	1782	33
spawn	ra_fild01	1107	22
spawn	ra_fild01	1627	11
spawn	ra_fild03	1680	154
spawn	ra_fild03	1782	35
spawn	ra_fild03	1030	23
spawn	ra_fild03	1627	23
spawn	ra_fild03	1785	1
spawn	ra_fild04	1680	155
spawn	ra_fild04	1782	35
spawn	ra_fild04	1106	23
spawn	ra_fild04	1627	23
spawn	ra_fild04	1785	1
spawn	ra_fild05	1133	81
spawn	ra_fild05	1134	81
spawn	ra_fild05	1135	81
spawn	ra_fild05	1627	11
spawn	ra_fild06	1282	87
spawn	ra_fild06	1133	49
spawn	ra_fild06	1134	49
spawn	ra_fild06	1135	49
spawn	ra_fild06	1627	12
spawn	ra_fild06	1296	1
spawn	ra_fild08	1030	159
spawn	ra_fild08	1782	79
spawn	ra_fild08	1680	31
spawn	ra_fild08	1107	15
spawn	ra_fild08	1627	15
spawn	ra_fild10	1781	5
spawn	ra_fild10	1836	5
spawn	ra_fild10	21324	50
spawn	ra_fild10	21323	60
spawn	ra_fild10	21296	5
spawn	ra_fild11	1078	5
spawn	ra_fild11	1081	15
spawn	ra_fild11	1781	10
spawn	ra_fild11	21324	50
spawn	ra_fild11	21323	70
spawn	ra_fild11	21296	5
spawn	ra_fild12	1782	216
spawn	ra_fild12	1627	49
spawn	ra_fild12	1107	24
spawn	ra_fild12	1081	15
spawn	ra_fild12	1078	5
file	npc/re/mobs/fields/rockridge.txt
spawn	rockrdg1	3736	20
spawn	rockrdg1	3737	10
spawn	rockrdg1	3739	40
spawn	rockrdg1	1051	10
spawn	rockrdg1	1080	8
spawn	rockrdg1	1081	4
spawn	rockrdg1	1084	8
spawn	rockrdg2	3737	20
spawn	rockrdg2	3738	60
spawn	rockrdg2	3739	10
spawn	rockrdg2	1080	5
spawn	rockrdg2	1081	4
spawn	rockrdg2	1082	5
spawn	rockrdg2	1083	4
spawn	rockrdg2	1051	10
file	npc/re/mobs/fields/splendide.txt
spawn	spl_fild01	2015	98
spawn	spl_fild01	1993	68
spawn	spl_fild01	1992	49
spawn	spl_fild02	1995	135
spawn	spl_fild02	1994	27
spawn	spl_fild03	1994	74
spawn	spl_fild03	1992	52
spawn	spl_fild03	1993	42
spawn	spl_fild03	1991	2
file	npc/re/mobs/fields/umbala.txt
spawn	um_fild01	1493	97
spawn	um_fild01	1495	40
spawn	um_fild01	1498	16
spawn	um_fild01	1499	16
spawn	um_fild01	1497	16
spawn	um_fild01	1080	10
spawn	um_fild01	1081	10
spawn	um_fild01	1083	5
spawn	um_fild02	1499	68
spawn	um_fild02	1495	25
spawn	um_fild02	1498	17
spawn	um_fild02	1214	8
spawn	um_fild02	1078	5
spawn	um_fild02	1081	5
spawn	um_fild03	1500	121
spawn	um_fild03	1495	30
spawn	um_fild03	1498	20
spawn	um_fild03	1499	20
spawn	um_fild03	1079	5
spawn	um_fild03	1080	10
spawn	um_fild03	1083	2
spawn	um_fild04	1261	38
spawn	um_fild04	1495	19
spawn	um_fild04	1498	6
spawn	um_fild04	1499	6
spawn	um_fild04	1497	12
spawn	um_fild04	1214	2
spawn	um_fild04	1078	5
spawn	um_fild04	1081	5
file	npc/re/mobs/fields/veins.txt
spawn	ve_fild01	1783	60
spawn	ve_fild01	1784	34
spawn	ve_fild01	1781	34
spawn	ve_fild01	1780	34
spawn	ve_fild01	1785	1
spawn	ve_fild01	1078	10
spawn	ve_fild01	1081	10
spawn	ve_fild01	1079	4
spawn	ve_fild01	1083	1
spawn	ve_fild02	1781	177
spawn	ve_fild02	1780	27
spawn	ve_fild02	1783	13
spawn	ve_fild02	1785	1
spawn	ve_fild02	1078	10
spawn	ve_fild02	1081	10
spawn	ve_fild03	1836	141
spawn	ve_fild03	1780	38
spawn	ve_fild03	1781	38
spawn	ve_fild03	1078	10
spawn	ve_fild03	1081	10
spawn	ve_fild04	1780	110
spawn	ve_fild04	1781	55
spawn	ve_fild04	1783	22
spawn	ve_fild04	1081	10
spawn	ve_fild04	1079	3
spawn	ve_fild07	1784	128
spawn	ve_fild07	1781	64
spawn	ve_fild07	1780	38
spawn	ve_fild07	1082	10
file	npc/re/mobs/fields/yuno.txt
spawn	yuno_fild01	1368	75
spawn	yuno_fild01	1114	52
spawn	yuno_fild01	1139	52
spawn	yuno_fild01	1078	15
spawn	yuno_fild01	1079	2
spawn	yuno_fild01	1083	1
spawn	yuno_fild01	1081	2
spawn	yuno_fild01	1081	6
spawn	yuno_fild01	1083	2
spawn	yuno_fild01	1081	15
spawn	yuno_fild01	1080	20
spawn	yuno_fild02	1386	185
spawn	yuno_fild02	1369	50
spawn	yuno_fild02	1376	50
spawn	yuno_fild02	1078	10
spawn	yuno_fild02	1081	10
spawn	yuno_fild02	1080	10
spawn	yuno_fild03	1376	174
spawn	yuno_fild03	1372	46
spawn	yuno_fild03	1386	46
spawn	yuno_fild03	1582	1
spawn	yuno_fild03	1096	1
spawn	yuno_fild03	1078	15
spawn	yuno_fild03	1081	15
spawn	yuno_fild03	1080	15
spawn	yuno_fild03	1083	1
spawn	yuno_fild03	1079	4
spawn	yuno_fild04	1376	133
spawn	yuno_fild04	1372	36
spawn	yuno_fild04	1368	36
spawn	yuno_fild04	1388	1
spawn	yuno_fild04	1090	1
spawn	yuno_fild04	1078	10
spawn	yuno_fild04	1081	10
spawn	yuno_fild04	1080	10
spawn	yuno_fild06	1386	117
spawn	yuno_fild06	1368	29
spawn	yuno_fild06	1078	10
spawn	yuno_fild06	1081	10
spawn	yuno_fild06	1080	10
spawn	yuno_fild07	1372	90
spawn	yuno_fild07	1376	50
spawn	yuno_fild07	1369	30
spawn	yuno_fild07	1078	10
spawn	yuno_fild07	1080	10
spawn	yuno_fild07	1081	10
spawn	yuno_fild08	1369	157
spawn	yuno_fild08	1372	36
spawn	yuno_fild08	1368	36
spawn	yuno_fild08	1078	10
spawn	yuno_fild08	1080	10
spawn	yuno_fild08	1081	10
spawn	yuno_fild09	1369	182
spawn	yuno_fild09	1386	42
spawn	yuno_fild09	1368	42
spawn	yuno_fild09	1078	10
spawn	yuno_fild09	1080	10
spawn	yuno_fild09	1081	10
spawn	yuno_fild11	1372	139
spawn	yuno_fild11	1368	55
spawn	yuno_fild11	1078	10
spawn	yuno_fild11	1080	10
spawn	yuno_fild11	1081	10
spawn	yuno_fild12	1368	68
spawn	yuno_fild12	1139	34
file	npc/re/mobs/int_land.txt
spawn	int_land	2401	40
spawn	int_land01	2401	40
spawn	int_land02	2401	40
spawn	int_land03	2401	40
spawn	int_land04	2401	40
file	npc/re/mobs/prt_cas.txt
spawn	prt_cas	3455	15
file	npc/re/mobs/special_border_area.txt
spawn	sp_os	20355	112
spawn	sp_os	20357	108
spawn	sp_os	20363	5
file	npc/re/mobs/towns.txt
spawn	brasilis	2081	5
spawn	brasilis	2081	4
spawn	brasilis	2081	4
spawn	brasilis	2081	5
spawn	alb_ship	2057	25
file	npc/re/mobs/tra_fild.txt
spawn	tra_fild	21064	1
spawn	tra_fild	21064	1
spawn	tra_fild	21064	1
spawn	tra_fild	21065	1
spawn	tra_fild	21065	1
spawn	tra_fild	21065	1
spawn	tra_fild	21066	1
spawn	tra_fild	21066	1
spawn	tra_fild	21066	1
spawn	tra_fild	21064	1
spawn	tra_fild	21064	1
spawn	tra_fild	21064	1
spawn	tra_fild	21065	1
spawn	tra_fild	21065	1
spawn	tra_fild	21065	1
spawn	tra_fild	21066	1
spawn	tra_fild	21066	1
spawn	tra_fild	21066	1
spawn	tra_fild	21077	1
spawn	tra_fild	21078	1
spawn	tra_fild	21079	1
spawn	tra_fild	21080	1
spawn	tra_fild	21081	1
spawn	tra_fild	21082	1
spawn	tra_fild	21083	1
spawn	tra_fild	21084	1
spawn	tra_fild	21085	1
spawn	tra_fild	21086	1
spawn	tra_fild	21067	1
spawn	tra_fild	21068	1
spawn	tra_fild	21069	1
spawn	tra_fild	21070	1
spawn	tra_fild	21071	1
spawn	tra_fild	21072	1
spawn	tra_fild	21073	1
spawn	tra_fild	21074	1
spawn	tra_fild	21075	1
spawn	tra_fild	21076	1
file	npc/re/mobs/tra_fild_123.txt
spawn	tra_fild01	22559	1
spawn	tra_fild01	22555	1
spawn	tra_fild01	22551	1
spawn	tra_fild01	21064	1
spawn	tra_fild01	22560	1
spawn	tra_fild01	22556	1
spawn	tra_fild01	22552	1
spawn	tra_fild01	21065	1
spawn	tra_fild01	22668	1
spawn	tra_fild01	22557	1
spawn	tra_fild01	22553	1
spawn	tra_fild01	21066	1
spawn	tra_fild01	22558	1
spawn	tra_fild01	22554	1
spawn	tra_fild01	21088	1
spawn	tra_fild01	21087	1
spawn	tra_fild01	22597	1
spawn	tra_fild01	22593	1
spawn	tra_fild01	22589	1
spawn	tra_fild01	21064	1
spawn	tra_fild01	22598	1
spawn	tra_fild01	22594	1
spawn	tra_fild01	22590	1
spawn	tra_fild01	21065	1
spawn	tra_fild01	22599	1
spawn	tra_fild01	22595	1
spawn	tra_fild01	22591	1
spawn	tra_fild01	21066	1
spawn	tra_fild01	22596	1
spawn	tra_fild01	22592	1
spawn	tra_fild01	21087	1
spawn	tra_fild01	21088	1
spawn	tra_fild01	21081	1
spawn	tra_fild01	21080	1
spawn	tra_fild01	21084	1
spawn	tra_fild01	21082	1
spawn	tra_fild01	21086	1
spawn	tra_fild01	21078	1
spawn	tra_fild01	21079	1
spawn	tra_fild01	21077	1
spawn	tra_fild01	21085	1
spawn	tra_fild01	21083	1
spawn	tra_fild01	21081	1
spawn	tra_fild01	21080	1
spawn	tra_fild01	21084	1
spawn	tra_fild01	21082	1
spawn	tra_fild01	21086	1
spawn	tra_fild01	21078	1
spawn	tra_fild01	21079	1
spawn	tra_fild01	21077	1
spawn	tra_fild01	21085	1
spawn	tra_fild01	21083	1
spawn	tra_fild01	21076	1
spawn	tra_fild01	21067	1
spawn	tra_fild01	21075	1
spawn	tra_fild01	21068	1
spawn	tra_fild01	21074	1
spawn	tra_fild01	21069	1
spawn	tra_fild01	21073	1
spawn	tra_fild01	21070	1
spawn	tra_fild01	21072	1
spawn	tra_fild01	21071	1
spawn	tra_fild01	21076	1
spawn	tra_fild01	21067	1
spawn	tra_fild01	21075	1
spawn	tra_fild01	21068	1
spawn	tra_fild01	21074	1
spawn	tra_fild01	21069	1
spawn	tra_fild01	21073	1
spawn	tra_fild01	21070	1
spawn	tra_fild01	21072	1
spawn	tra_fild01	21071	1
spawn	tra_fild02	22572	1
spawn	tra_fild02	22568	1
spawn	tra_fild02	22564	1
spawn	tra_fild02	22561	1
spawn	tra_fild02	22573	1
spawn	tra_fild02	22569	1
spawn	tra_fild02	22565	1
spawn	tra_fild02	22562	1
spawn	tra_fild02	22574	1
spawn	tra_fild02	22570	1
spawn	tra_fild02	22566	1
spawn	tra_fild02	22563	1
spawn	tra_fild02	22571	1
spawn	tra_fild02	22567	1
spawn	tra_fild02	21088	1
spawn	tra_fild02	21087	1
spawn	tra_fild02	22611	1
spawn	tra_fild02	22607	1
spawn	tra_fild02	22603	1
spawn	tra_fild02	22600	1
spawn	tra_fild02	22612	1
spawn	tra_fild02	22608	1
spawn	tra_fild02	22604	1
spawn	tra_fild02	22601	1
spawn	tra_fild02	22613	1
spawn	tra_fild02	22609	1
spawn	tra_fild02	22605	1
spawn	tra_fild02	22602	1
spawn	tra_fild02	22610	1
spawn	tra_fild02	22606	1
spawn	tra_fild02	21088	1
spawn	tra_fild02	21087	1
spawn	tra_fild02	22652	1
spawn	tra_fild02	22649	1
spawn	tra_fild02	22651	1
spawn	tra_fild02	22650	1
spawn	tra_fild02	22655	1
spawn	tra_fild02	22648	1
spawn	tra_fild02	22653	1
spawn	tra_fild02	22656	1
spawn	tra_fild02	22657	1
spawn	tra_fild02	22654	1
spawn	tra_fild02	22652	1
spawn	tra_fild02	22649	1
spawn	tra_fild02	22651	1
spawn	tra_fild02	22650	1
spawn	tra_fild02	22655	1
spawn	tra_fild02	22648	1
spawn	tra_fild02	22653	1
spawn	tra_fild02	22656	1
spawn	tra_fild02	22657	1
spawn	tra_fild02	22654	1
spawn	tra_fild02	22637	1
spawn	tra_fild02	22628	1
spawn	tra_fild02	22636	1
spawn	tra_fild02	22629	1
spawn	tra_fild02	22635	1
spawn	tra_fild02	22630	1
spawn	tra_fild02	22634	1
spawn	tra_fild02	22631	1
spawn	tra_fild02	22633	1
spawn	tra_fild02	22632	1
spawn	tra_fild02	22637	1
spawn	tra_fild02	22628	1
spawn	tra_fild02	22636	1
spawn	tra_fild02	22629	1
spawn	tra_fild02	22635	1
spawn	tra_fild02	22630	1
spawn	tra_fild02	22634	1
spawn	tra_fild02	22631	1
spawn	tra_fild02	22633	1
spawn	tra_fild02	22632	1
spawn	tra_fild03	22586	1
spawn	tra_fild03	22582	1
spawn	tra_fild03	22578	1
spawn	tra_fild03	22575	1
spawn	tra_fild03	22587	1
spawn	tra_fild03	22583	1
spawn	tra_fild03	22579	1
spawn	tra_fild03	22576	1
spawn	tra_fild03	22588	1
spawn	tra_fild03	22584	1
spawn	tra_fild03	22580	1
spawn	tra_fild03	22577	1
spawn	tra_fild03	22585	1
spawn	tra_fild03	22581	1
spawn	tra_fild03	21088	1
spawn	tra_fild03	21087	1
spawn	tra_fild03	22625	1
spawn	tra_fild03	22621	1
spawn	tra_fild03	22617	1
spawn	tra_fild03	22614	1
spawn	tra_fild03	22626	1
spawn	tra_fild03	22622	1
spawn	tra_fild03	22618	1
spawn	tra_fild03	22615	1
spawn	tra_fild03	22627	1
spawn	tra_fild03	22623	1
spawn	tra_fild03	22619	1
spawn	tra_fild03	22616	1
spawn	tra_fild03	22620	1
spawn	tra_fild03	22624	1
spawn	tra_fild03	21088	1
spawn	tra_fild03	21087	1
spawn	tra_fild03	22662	1
spawn	tra_fild03	22659	1
spawn	tra_fild03	22661	1
spawn	tra_fild03	22660	1
spawn	tra_fild03	22665	1
spawn	tra_fild03	22658	1
spawn	tra_fild03	22663	1
spawn	tra_fild03	22666	1
spawn	tra_fild03	22667	1
spawn	tra_fild03	22664	1
spawn	tra_fild03	22662	1
spawn	tra_fild03	22659	1
spawn	tra_fild03	22661	1
spawn	tra_fild03	22660	1
spawn	tra_fild03	22665	1
spawn	tra_fild03	22658	1
spawn	tra_fild03	22663	1
spawn	tra_fild03	22666	1
spawn	tra_fild03	22667	1
spawn	tra_fild03	22664	1
spawn	tra_fild03	22647	1
spawn	tra_fild03	22638	1
spawn	tra_fild03	22646	1
spawn	tra_fild03	22639	1
spawn	tra_fild03	22645	1
spawn	tra_fild03	22640	1
spawn	tra_fild03	22644	1
spawn	tra_fild03	22641	1
spawn	tra_fild03	22643	1
spawn	tra_fild03	22642	1
spawn	tra_fild03	22647	1
spawn	tra_fild03	22638	1
spawn	tra_fild03	22646	1
spawn	tra_fild03	22639	1
spawn	tra_fild03	22645	1
spawn	tra_fild03	22640	1
spawn	tra_fild03	22644	1
spawn	tra_fild03	22641	1
spawn	tra_fild03	22643	1
spawn	tra_fild03	22642	1
file	npc/re/mobs/verus.txt
spawn	ver_eju	3154	50
spawn	ver_eju	3153	10
spawn	ver_tunn	3154	5
spawn	verus01	3247	50
spawn	verus01	3249	25
spawn	verus01	3248	25
spawn	verus02	3248	50
spawn	verus02	3249	50
spawn	verus03	3159	40
spawn	verus03	3156	50
spawn	verus03	3155	50
spawn	verus03	3158	10
spawn	un_bunker	1051	6
spawn	un_bunker	3255	68
spawn	un_bunker	3256	80
spawn	un_bunker	3250	28
spawn	un_bunker	3252	14
spawn	un_bunker	3251	10
spawn	un_bunker	1084	1
spawn	un_bunker	1011	2
